sample_id	repeat_mask_mean_depth	unique_sites_mean_depth	repeat_to_unique_mean_depth_ratio	interpretation
ABAB_MAD_LP_223_Du-590	0.04696182	9.49006552	0.00494852	MAPQ/base-quality-filtered depth diagnostic; repeat coordinates remain excluded from inference
ABAB_MAD_LP_322_Du-593	0.53626414	116.49861726	0.00460318	MAPQ/base-quality-filtered depth diagnostic; repeat coordinates remain excluded from inference
ABAB_MAD_LP_323_Du-594	0.03984701	13.15369724	0.00302934	MAPQ/base-quality-filtered depth diagnostic; repeat coordinates remain excluded from inference
ABAB_MAD_LP_324_Du-595	0.15659711	45.94364789	0.00340846	MAPQ/base-quality-filtered depth diagnostic; repeat coordinates remain excluded from inference
ABAB_MAD_LP_325_Du-596	0.17957128	49.53752553	0.00362495	MAPQ/base-quality-filtered depth diagnostic; repeat coordinates remain excluded from inference
ABAB_MAD_LP_326_Du-597	0.15362794	38.88861470	0.00395046	MAPQ/base-quality-filtered depth diagnostic; repeat coordinates remain excluded from inference
ABAB_MAD_LP_327_Du-598	0.03432119	11.04403506	0.00310767	MAPQ/base-quality-filtered depth diagnostic; repeat coordinates remain excluded from inference
ABBE_BERN_LP_311_Du-780	0.45077947	110.43630871	0.00408180	MAPQ/base-quality-filtered depth diagnostic; repeat coordinates remain excluded from inference
ABBE_BERN_LP_312_Du-781	0.18257101	48.04875766	0.00379970	MAPQ/base-quality-filtered depth diagnostic; repeat coordinates remain excluded from inference
ABBE_BERN_LP_313_Du-782	0.06729276	13.42360875	0.00501302	MAPQ/base-quality-filtered depth diagnostic; repeat coordinates remain excluded from inference
ABBE_BERN_LP_314_Du-783	0.27579691	57.40861130	0.00480410	MAPQ/base-quality-filtered depth diagnostic; repeat coordinates remain excluded from inference
ABMU_HOR_LP_306_Du-775	0.75180162	156.87276634	0.00479243	MAPQ/base-quality-filtered depth diagnostic; repeat coordinates remain excluded from inference
ABMU_HOR_LP_308_Du-777	0.95380721	178.28478131	0.00534991	MAPQ/base-quality-filtered depth diagnostic; repeat coordinates remain excluded from inference
ABMU_HOR_LP_358_Du-770	0.57468004	119.78933373	0.00479742	MAPQ/base-quality-filtered depth diagnostic; repeat coordinates remain excluded from inference
ABMU_HOR_LP_359_Du-771	0.74621469	140.69837049	0.00530365	MAPQ/base-quality-filtered depth diagnostic; repeat coordinates remain excluded from inference
ABMU_HOR_LP_360_Du-772	0.43323436	81.94405208	0.00528695	MAPQ/base-quality-filtered depth diagnostic; repeat coordinates remain excluded from inference
ABMU_HOR_LP_361_Du-773	0.44570183	80.97374915	0.00550428	MAPQ/base-quality-filtered depth diagnostic; repeat coordinates remain excluded from inference
BAI_LP_105_Du-222	0.63992544	112.15171886	0.00570589	MAPQ/base-quality-filtered depth diagnostic; repeat coordinates remain excluded from inference
BAI_LP_106_Du-223	1.40973563	225.49993618	0.00625160	MAPQ/base-quality-filtered depth diagnostic; repeat coordinates remain excluded from inference
BAI_LP_108_Du-225	0.71075778	104.47583390	0.00680308	MAPQ/base-quality-filtered depth diagnostic; repeat coordinates remain excluded from inference
BAI_LP_109_Du-226	1.34338506	237.49272464	0.00565653	MAPQ/base-quality-filtered depth diagnostic; repeat coordinates remain excluded from inference
BAI_LP_110_Du-227	1.06863729	166.54690691	0.00641643	MAPQ/base-quality-filtered depth diagnostic; repeat coordinates remain excluded from inference
BAI_LP_111_Du-228	1.44687320	244.39527314	0.00592022	MAPQ/base-quality-filtered depth diagnostic; repeat coordinates remain excluded from inference
BAI_LP_112_Du-230	0.25861340	40.66352536	0.00635984	MAPQ/base-quality-filtered depth diagnostic; repeat coordinates remain excluded from inference
BAI_LP_113_Du-231	0.85738295	157.74512849	0.00543524	MAPQ/base-quality-filtered depth diagnostic; repeat coordinates remain excluded from inference
BAI_LP_114_Du-232	0.45651410	61.57483833	0.00741397	MAPQ/base-quality-filtered depth diagnostic; repeat coordinates remain excluded from inference
BAI_LP_319_Du-233	0.08445080	15.51395507	0.00544354	MAPQ/base-quality-filtered depth diagnostic; repeat coordinates remain excluded from inference
COM_LP_269_Du-703	0.90100381	171.05165078	0.00526744	MAPQ/base-quality-filtered depth diagnostic; repeat coordinates remain excluded from inference
COM_LP_270_Du-704	0.65509216	145.96498468	0.00448801	MAPQ/base-quality-filtered depth diagnostic; repeat coordinates remain excluded from inference
COM_LP_272_Du-707	0.80089228	168.80962815	0.00474435	MAPQ/base-quality-filtered depth diagnostic; repeat coordinates remain excluded from inference
COM_LP_274_Du-709	0.93388371	163.06945626	0.00572691	MAPQ/base-quality-filtered depth diagnostic; repeat coordinates remain excluded from inference
COM_LP_276_Du-711	0.63858600	134.15933458	0.00475991	MAPQ/base-quality-filtered depth diagnostic; repeat coordinates remain excluded from inference
COM_LP_277_Du-712	0.46667957	106.00544588	0.00440241	MAPQ/base-quality-filtered depth diagnostic; repeat coordinates remain excluded from inference
COM_LP_341_Du-713	0.49550040	102.59115470	0.00482986	MAPQ/base-quality-filtered depth diagnostic; repeat coordinates remain excluded from inference
COM_LP_342_Du-714	0.24931373	56.60964091	0.00440409	MAPQ/base-quality-filtered depth diagnostic; repeat coordinates remain excluded from inference
COM_LP_343_Du-715	0.66392837	139.88933799	0.00474610	MAPQ/base-quality-filtered depth diagnostic; repeat coordinates remain excluded from inference
CROB_LP_169_Du-381	0.06363095	11.75070201	0.00541508	MAPQ/base-quality-filtered depth diagnostic; repeat coordinates remain excluded from inference
CROB_LP_170_Du-382	1.13495730	192.88748724	0.00588404	MAPQ/base-quality-filtered depth diagnostic; repeat coordinates remain excluded from inference
CROB_LP_172_Du-384	0.36486700	72.02844197	0.00506560	MAPQ/base-quality-filtered depth diagnostic; repeat coordinates remain excluded from inference
CROB_LP_173_Du-385	0.81057901	125.80099132	0.00644334	MAPQ/base-quality-filtered depth diagnostic; repeat coordinates remain excluded from inference
CROB_LP_174_Du-386	1.00452251	155.90486726	0.00644318	MAPQ/base-quality-filtered depth diagnostic; repeat coordinates remain excluded from inference
CROB_LP_175_Du-387	0.81079292	137.59743022	0.00589250	MAPQ/base-quality-filtered depth diagnostic; repeat coordinates remain excluded from inference
CROB_LP_176_Du-388	1.20550443	190.81222345	0.00631775	MAPQ/base-quality-filtered depth diagnostic; repeat coordinates remain excluded from inference
CROB_LP_177_Du-389	1.05453499	144.53524932	0.00729604	MAPQ/base-quality-filtered depth diagnostic; repeat coordinates remain excluded from inference
CROB_LP_320_Du-395	0.48030822	83.47804629	0.00575371	MAPQ/base-quality-filtered depth diagnostic; repeat coordinates remain excluded from inference
CROB_LP_321_Du-396	0.77745466	124.11278931	0.00626410	MAPQ/base-quality-filtered depth diagnostic; repeat coordinates remain excluded from inference
CROS_LP_085_Du-181	1.34124094	224.59264381	0.00597188	MAPQ/base-quality-filtered depth diagnostic; repeat coordinates remain excluded from inference
CROS_LP_086_Du-182	2.39729872	311.98795950	0.00768395	MAPQ/base-quality-filtered depth diagnostic; repeat coordinates remain excluded from inference
CROS_LP_087_Du-183	0.82374931	97.40899421	0.00845660	MAPQ/base-quality-filtered depth diagnostic; repeat coordinates remain excluded from inference
CROS_LP_088_Du-184	2.74614848	481.22796120	0.00570654	MAPQ/base-quality-filtered depth diagnostic; repeat coordinates remain excluded from inference
CROS_LP_089_Du-185	3.55561214	435.05428863	0.00817280	MAPQ/base-quality-filtered depth diagnostic; repeat coordinates remain excluded from inference
CROS_LP_090_Du-186	2.86360141	403.66652485	0.00709398	MAPQ/base-quality-filtered depth diagnostic; repeat coordinates remain excluded from inference
CROS_LP_091_Du-187	2.12037626	326.80820286	0.00648814	MAPQ/base-quality-filtered depth diagnostic; repeat coordinates remain excluded from inference
CROS_LP_092_Du-188	0.68437645	108.27561266	0.00632069	MAPQ/base-quality-filtered depth diagnostic; repeat coordinates remain excluded from inference
CROS_LP_093_Du-189	2.15733049	313.97017529	0.00687113	MAPQ/base-quality-filtered depth diagnostic; repeat coordinates remain excluded from inference
CROS_LP_094_Du-190	1.19411666	178.51425289	0.00668920	MAPQ/base-quality-filtered depth diagnostic; repeat coordinates remain excluded from inference
CY_ALA_LP_298-Du-767	0.28006987	70.20590112	0.00398926	MAPQ/base-quality-filtered depth diagnostic; repeat coordinates remain excluded from inference
CY_ALA_LP_299-Du-768	0.36702130	85.72847175	0.00428121	MAPQ/base-quality-filtered depth diagnostic; repeat coordinates remain excluded from inference
CY_ALA_LP_357_Du-769	0.89663409	186.51284888	0.00480736	MAPQ/base-quality-filtered depth diagnostic; repeat coordinates remain excluded from inference
CY_BAL_LP_226_Du-602	0.19692286	45.04673673	0.00437152	MAPQ/base-quality-filtered depth diagnostic; repeat coordinates remain excluded from inference
CY_BAL_LP_227_Du-603	0.06120162	13.76289142	0.00444686	MAPQ/base-quality-filtered depth diagnostic; repeat coordinates remain excluded from inference
CY_BGL_LP_210_Du-577	0.68494176	144.26872022	0.00474768	MAPQ/base-quality-filtered depth diagnostic; repeat coordinates remain excluded from inference
CY_BGL_LP_212_Du-579	0.19983092	40.82186011	0.00489519	MAPQ/base-quality-filtered depth diagnostic; repeat coordinates remain excluded from inference
CY_BOU_LP_288_Du-737	0.07464184	13.38059479	0.00557836	MAPQ/base-quality-filtered depth diagnostic; repeat coordinates remain excluded from inference
CY_BOU_LP_290_Du-739	0.37412083	79.86023656	0.00468469	MAPQ/base-quality-filtered depth diagnostic; repeat coordinates remain excluded from inference
CY_BOU_LP_291_Du-740	0.27015396	52.48351344	0.00514741	MAPQ/base-quality-filtered depth diagnostic; repeat coordinates remain excluded from inference
CY_BOU_LP_292_Du-741	0.25505345	48.69222260	0.00523807	MAPQ/base-quality-filtered depth diagnostic; repeat coordinates remain excluded from inference
CY_BOU_LP_354_Du-742	0.47720154	96.48753404	0.00494573	MAPQ/base-quality-filtered depth diagnostic; repeat coordinates remain excluded from inference
CY_CAS_LP_328_Du-610	0.20513265	68.87778676	0.00297821	MAPQ/base-quality-filtered depth diagnostic; repeat coordinates remain excluded from inference
CY_CAS_LP_329_Du-611	0.26463323	66.77948434	0.00396279	MAPQ/base-quality-filtered depth diagnostic; repeat coordinates remain excluded from inference
CY_CAS_LP_330_Du-607	0.04768501	15.32794418	0.00311099	MAPQ/base-quality-filtered depth diagnostic; repeat coordinates remain excluded from inference
CY_CAS_LP_331_Du-608	0.06017795	19.26778421	0.00312324	MAPQ/base-quality-filtered depth diagnostic; repeat coordinates remain excluded from inference
CY_CAS_LP_332_Du-609	0.27111652	77.10883254	0.00351602	MAPQ/base-quality-filtered depth diagnostic; repeat coordinates remain excluded from inference
CY_HICN_LP_236_Du-614	0.80096867	142.64554969	0.00561510	MAPQ/base-quality-filtered depth diagnostic; repeat coordinates remain excluded from inference
CY_HICN_LP_333_Du-612	0.11817612	33.37838240	0.00354050	MAPQ/base-quality-filtered depth diagnostic; repeat coordinates remain excluded from inference
CY_HICN_LP_334_Du-613	0.06512827	22.10045099	0.00294692	MAPQ/base-quality-filtered depth diagnostic; repeat coordinates remain excluded from inference
CY_HICN_LP_335_Du-615	0.29547596	86.26267869	0.00342530	MAPQ/base-quality-filtered depth diagnostic; repeat coordinates remain excluded from inference
CY_HICN_LP_336_Du-616	0.26553977	65.82434905	0.00403407	MAPQ/base-quality-filtered depth diagnostic; repeat coordinates remain excluded from inference
CY_HICS_LP_293_Du-757	0.23993257	61.72153676	0.00388734	MAPQ/base-quality-filtered depth diagnostic; repeat coordinates remain excluded from inference
CY_HICS_LP_297_Du-761	0.05307842	13.51176396	0.00392831	MAPQ/base-quality-filtered depth diagnostic; repeat coordinates remain excluded from inference
CY_HICS_LP_355_Du-762	0.41385580	83.37657420	0.00496369	MAPQ/base-quality-filtered depth diagnostic; repeat coordinates remain excluded from inference
CY_HICS_LP_356_Du-763	0.10659482	23.58641082	0.00451933	MAPQ/base-quality-filtered depth diagnostic; repeat coordinates remain excluded from inference
CY_HUN_LP_264_Du-683	0.05970431	11.40559054	0.00523465	MAPQ/base-quality-filtered depth diagnostic; repeat coordinates remain excluded from inference
CY_HUN_LP_266_Du-685	0.08589719	15.37357471	0.00558733	MAPQ/base-quality-filtered depth diagnostic; repeat coordinates remain excluded from inference
CY_HUN_LP_267_Du-686	0.06177203	14.12821222	0.00437225	MAPQ/base-quality-filtered depth diagnostic; repeat coordinates remain excluded from inference
CY_HUN_LP_268_Du-687	0.06378883	10.02633594	0.00636213	MAPQ/base-quality-filtered depth diagnostic; repeat coordinates remain excluded from inference
CY_SIE_LP_188_Du-445	1.24142989	220.07247703	0.00564100	MAPQ/base-quality-filtered depth diagnostic; repeat coordinates remain excluded from inference
CY_SIE_LP_189_Du-446	2.18971638	391.57426396	0.00559208	MAPQ/base-quality-filtered depth diagnostic; repeat coordinates remain excluded from inference
CY_SIE_LP_190_Du-447	0.61040687	99.08549609	0.00616041	MAPQ/base-quality-filtered depth diagnostic; repeat coordinates remain excluded from inference
CY_SIE_LP_191_Du-448	0.41004120	73.18694690	0.00560265	MAPQ/base-quality-filtered depth diagnostic; repeat coordinates remain excluded from inference
CY_WOO_LP_259_Du-664	0.06963041	14.19937032	0.00490377	MAPQ/base-quality-filtered depth diagnostic; repeat coordinates remain excluded from inference
CY_WOO_LP_260_Du-665	0.06050899	13.23025868	0.00457353	MAPQ/base-quality-filtered depth diagnostic; repeat coordinates remain excluded from inference
CY_WOO_LP_261_Du-667	0.02799069	9.39901719	0.00297804	MAPQ/base-quality-filtered depth diagnostic; repeat coordinates remain excluded from inference
CY_WOO_LP_262_Du-668	0.09178461	22.28754680	0.00411820	MAPQ/base-quality-filtered depth diagnostic; repeat coordinates remain excluded from inference
CY_WOO_LP_263_Du-669	0.11210536	23.81132999	0.00470807	MAPQ/base-quality-filtered depth diagnostic; repeat coordinates remain excluded from inference
DAN_LP_043_Du-68	0.12485803	20.67571477	0.00603887	MAPQ/base-quality-filtered depth diagnostic; repeat coordinates remain excluded from inference
DAN_LP_044_Du-69	0.33181904	60.30430990	0.00550241	MAPQ/base-quality-filtered depth diagnostic; repeat coordinates remain excluded from inference
DAN_LP_045_Du-70	2.77314605	409.99414993	0.00676387	MAPQ/base-quality-filtered depth diagnostic; repeat coordinates remain excluded from inference
DAN_LP_046_Du-71	1.90400864	348.32826327	0.00546613	MAPQ/base-quality-filtered depth diagnostic; repeat coordinates remain excluded from inference
DAN_LP_047_Du-72	0.20505116	39.14021018	0.00523889	MAPQ/base-quality-filtered depth diagnostic; repeat coordinates remain excluded from inference
DOV_LP_078_Du-174	0.14777108	16.76401889	0.00881478	MAPQ/base-quality-filtered depth diagnostic; repeat coordinates remain excluded from inference
DOV_LP_079_Du-175	0.95028800	156.29831093	0.00607996	MAPQ/base-quality-filtered depth diagnostic; repeat coordinates remain excluded from inference
DOV_LP_080_Du-176	3.84052029	564.77337900	0.00680011	MAPQ/base-quality-filtered depth diagnostic; repeat coordinates remain excluded from inference
DOV_LP_081_Du-177	2.36547815	364.18988257	0.00649518	MAPQ/base-quality-filtered depth diagnostic; repeat coordinates remain excluded from inference
DOV_LP_082_Du-178	0.38087914	43.46998383	0.00876189	MAPQ/base-quality-filtered depth diagnostic; repeat coordinates remain excluded from inference
DOV_LP_083_Du-179	1.45654975	241.12102195	0.00604074	MAPQ/base-quality-filtered depth diagnostic; repeat coordinates remain excluded from inference
DOV_LP_084_Du-180	1.86328565	262.99036334	0.00708500	MAPQ/base-quality-filtered depth diagnostic; repeat coordinates remain excluded from inference
DU-173	16.45939160	2235.46857982	0.00736284	MAPQ/base-quality-filtered depth diagnostic; repeat coordinates remain excluded from inference
DU-229	7.26701672	1082.75808373	0.00671158	MAPQ/base-quality-filtered depth diagnostic; repeat coordinates remain excluded from inference
DU-247	7.64851210	1060.70047651	0.00721081	MAPQ/base-quality-filtered depth diagnostic; repeat coordinates remain excluded from inference
DU-254	8.81298797	1367.42303438	0.00644496	MAPQ/base-quality-filtered depth diagnostic; repeat coordinates remain excluded from inference
DU-270	9.09067435	1279.06641423	0.00710727	MAPQ/base-quality-filtered depth diagnostic; repeat coordinates remain excluded from inference
DU-297	9.70595515	1190.70417801	0.00815144	MAPQ/base-quality-filtered depth diagnostic; repeat coordinates remain excluded from inference
DU-443	8.52954148	1102.04369469	0.00773975	MAPQ/base-quality-filtered depth diagnostic; repeat coordinates remain excluded from inference
DU-4A	11.45019379	1624.31913717	0.00704923	MAPQ/base-quality-filtered depth diagnostic; repeat coordinates remain excluded from inference
DU014LP012	3.66504372	538.70241236	0.00680347	MAPQ/base-quality-filtered depth diagnostic; repeat coordinates remain excluded from inference
DU037LP013	3.35470153	367.57968856	0.00912646	MAPQ/base-quality-filtered depth diagnostic; repeat coordinates remain excluded from inference
DU059LP015	6.36594160	1007.47694010	0.00631870	MAPQ/base-quality-filtered depth diagnostic; repeat coordinates remain excluded from inference
DU078LP011	10.32273836	1490.22979067	0.00692694	MAPQ/base-quality-filtered depth diagnostic; repeat coordinates remain excluded from inference
DU079LP010	9.92348906	1650.12189415	0.00601379	MAPQ/base-quality-filtered depth diagnostic; repeat coordinates remain excluded from inference
DUD_LP_132_Du-283	0.08106401	17.84353727	0.00454305	MAPQ/base-quality-filtered depth diagnostic; repeat coordinates remain excluded from inference
DUD_LP_133_Du-284	0.77186773	131.58364534	0.00586599	MAPQ/base-quality-filtered depth diagnostic; repeat coordinates remain excluded from inference
DUD_LP_134_Du-285	0.70581255	127.82962474	0.00552151	MAPQ/base-quality-filtered depth diagnostic; repeat coordinates remain excluded from inference
DUD_LP_135_Du-286	0.32805028	56.79175885	0.00577637	MAPQ/base-quality-filtered depth diagnostic; repeat coordinates remain excluded from inference
DUD_LP_136_Du-287	0.90522585	155.52061351	0.00582062	MAPQ/base-quality-filtered depth diagnostic; repeat coordinates remain excluded from inference
DUD_LP_137_Du-288	0.14365091	20.48151378	0.00701369	MAPQ/base-quality-filtered depth diagnostic; repeat coordinates remain excluded from inference
DUD_LP_138_Du-289	0.66289960	97.95177417	0.00676761	MAPQ/base-quality-filtered depth diagnostic; repeat coordinates remain excluded from inference
DUD_LP_139_Du-290	0.08424200	14.65293142	0.00574916	MAPQ/base-quality-filtered depth diagnostic; repeat coordinates remain excluded from inference
KIRN_LP_179_Du-421	0.96221562	159.63955071	0.00602743	MAPQ/base-quality-filtered depth diagnostic; repeat coordinates remain excluded from inference
KIRN_LP_180_Du-422	0.96656498	175.21838836	0.00551634	MAPQ/base-quality-filtered depth diagnostic; repeat coordinates remain excluded from inference
KIRN_LP_181_Du-423	0.61625355	107.48387509	0.00573345	MAPQ/base-quality-filtered depth diagnostic; repeat coordinates remain excluded from inference
KIRN_LP_182_Du-424	0.62365356	91.22234513	0.00683663	MAPQ/base-quality-filtered depth diagnostic; repeat coordinates remain excluded from inference
KIRN_LP_183_Du-425	0.53630998	80.73736385	0.00664265	MAPQ/base-quality-filtered depth diagnostic; repeat coordinates remain excluded from inference
KIRN_LP_184_Du-426	0.60540563	97.28080327	0.00622328	MAPQ/base-quality-filtered depth diagnostic; repeat coordinates remain excluded from inference
KIRN_LP_185_Du-427	0.80539951	122.39074200	0.00658056	MAPQ/base-quality-filtered depth diagnostic; repeat coordinates remain excluded from inference
KIRN_LP_186_Du-428	0.77529017	109.79169503	0.00706146	MAPQ/base-quality-filtered depth diagnostic; repeat coordinates remain excluded from inference
KIRN_LP_187_Du-429	0.89543216	142.61717155	0.00627857	MAPQ/base-quality-filtered depth diagnostic; repeat coordinates remain excluded from inference
KIRT_LP_159_Du-364	0.11046544	18.27739959	0.00604383	MAPQ/base-quality-filtered depth diagnostic; repeat coordinates remain excluded from inference
KIRT_LP_160_Du-365	0.24966514	31.72606790	0.00786940	MAPQ/base-quality-filtered depth diagnostic; repeat coordinates remain excluded from inference
KIRT_LP_161_Du-366	0.23886815	31.76674183	0.00751944	MAPQ/base-quality-filtered depth diagnostic; repeat coordinates remain excluded from inference
KIRT_LP_162_Du-367	0.23840979	29.28918482	0.00813986	MAPQ/base-quality-filtered depth diagnostic; repeat coordinates remain excluded from inference
KIRT_LP_163_Du-368	0.21319474	26.82220048	0.00794844	MAPQ/base-quality-filtered depth diagnostic; repeat coordinates remain excluded from inference
KIRT_LP_164_Du-369	0.19847111	27.54420524	0.00720555	MAPQ/base-quality-filtered depth diagnostic; repeat coordinates remain excluded from inference
KIRT_LP_165_Du-370	0.44080244	48.83966559	0.00902550	MAPQ/base-quality-filtered depth diagnostic; repeat coordinates remain excluded from inference
KIRT_LP_166_Du-371	0.29027609	29.82130701	0.00973385	MAPQ/base-quality-filtered depth diagnostic; repeat coordinates remain excluded from inference
KIRT_LP_167_Du-372	0.10577486	15.69022294	0.00674145	MAPQ/base-quality-filtered depth diagnostic; repeat coordinates remain excluded from inference
KIRT_LP_168_Du-373	0.36455633	44.15944095	0.00825546	MAPQ/base-quality-filtered depth diagnostic; repeat coordinates remain excluded from inference
MALV_LP_095_Du-201	4.83775484	700.74215027	0.00690376	MAPQ/base-quality-filtered depth diagnostic; repeat coordinates remain excluded from inference
MALV_LP_096_Du-202	1.37170679	147.92011998	0.00927329	MAPQ/base-quality-filtered depth diagnostic; repeat coordinates remain excluded from inference
MALV_LP_097_Du-203	3.63860128	495.52720813	0.00734289	MAPQ/base-quality-filtered depth diagnostic; repeat coordinates remain excluded from inference
MALV_LP_098_Du-204	1.36294187	209.52893125	0.00650479	MAPQ/base-quality-filtered depth diagnostic; repeat coordinates remain excluded from inference
MALV_LP_099_Du-205	0.69181720	121.86074711	0.00567711	MAPQ/base-quality-filtered depth diagnostic; repeat coordinates remain excluded from inference
MALV_LP_100_Du-206	1.40478531	213.30562883	0.00658579	MAPQ/base-quality-filtered depth diagnostic; repeat coordinates remain excluded from inference
MALV_LP_101_Du-207	1.36409797	219.66660994	0.00620986	MAPQ/base-quality-filtered depth diagnostic; repeat coordinates remain excluded from inference
MALV_LP_102_Du-208	2.08784269	295.30265061	0.00707018	MAPQ/base-quality-filtered depth diagnostic; repeat coordinates remain excluded from inference
MALV_LP_103_Du-209	2.75410871	445.08019912	0.00618789	MAPQ/base-quality-filtered depth diagnostic; repeat coordinates remain excluded from inference
MALV_LP_104_Du-210	1.08325906	147.57564670	0.00734036	MAPQ/base-quality-filtered depth diagnostic; repeat coordinates remain excluded from inference
OCO_LP_058_Du-115	0.05152507	17.31492512	0.00297576	MAPQ/base-quality-filtered depth diagnostic; repeat coordinates remain excluded from inference
OCO_LP_059_Du-106	0.07929677	24.02484683	0.00330061	MAPQ/base-quality-filtered depth diagnostic; repeat coordinates remain excluded from inference
OCO_LP_060_Du-107	0.08104873	21.55211879	0.00376059	MAPQ/base-quality-filtered depth diagnostic; repeat coordinates remain excluded from inference
OCO_LP_061_Du-108	0.33136577	91.29018465	0.00362981	MAPQ/base-quality-filtered depth diagnostic; repeat coordinates remain excluded from inference
OCO_LP_062_Du-109	0.28434793	70.60276974	0.00402743	MAPQ/base-quality-filtered depth diagnostic; repeat coordinates remain excluded from inference
OCO_LP_063_Du-110	0.12335562	31.09643039	0.00396687	MAPQ/base-quality-filtered depth diagnostic; repeat coordinates remain excluded from inference
OCO_LP_064_Du-111	0.08089085	26.56335092	0.00304521	MAPQ/base-quality-filtered depth diagnostic; repeat coordinates remain excluded from inference
OCO_LP_065_Du-112	0.07189166	19.67941627	0.00365314	MAPQ/base-quality-filtered depth diagnostic; repeat coordinates remain excluded from inference
OCO_LP_066_Du-113	0.02985470	14.40837730	0.00207204	MAPQ/base-quality-filtered depth diagnostic; repeat coordinates remain excluded from inference
OCO_LP_067_Du-114	0.02922827	10.65914312	0.00274208	MAPQ/base-quality-filtered depth diagnostic; repeat coordinates remain excluded from inference
QUI1_LP_249_Du-648	0.17409639	46.84049523	0.00371679	MAPQ/base-quality-filtered depth diagnostic; repeat coordinates remain excluded from inference
QUI1_LP_250_Du-649	0.19448844	57.37648911	0.00338969	MAPQ/base-quality-filtered depth diagnostic; repeat coordinates remain excluded from inference
QUI1_LP_252_Du-651	0.15984640	50.29377978	0.00317825	MAPQ/base-quality-filtered depth diagnostic; repeat coordinates remain excluded from inference
QUI1_LP_253_Du-652	0.48425524	116.60878999	0.00415282	MAPQ/base-quality-filtered depth diagnostic; repeat coordinates remain excluded from inference
QUI1_LP_254_Du-653	0.03448926	9.26406144	0.00372291	MAPQ/base-quality-filtered depth diagnostic; repeat coordinates remain excluded from inference
QUI1_LP_255_Du-654	0.16860622	41.73000340	0.00404041	MAPQ/base-quality-filtered depth diagnostic; repeat coordinates remain excluded from inference
QUI1_LP_257_Du-656	0.04320834	14.53890827	0.00297191	MAPQ/base-quality-filtered depth diagnostic; repeat coordinates remain excluded from inference
QUI1_LP_258_Du-657	0.36429150	70.00138274	0.00520406	MAPQ/base-quality-filtered depth diagnostic; repeat coordinates remain excluded from inference
QUI2_LP_243_Du-631	0.55895310	112.84919588	0.00495310	MAPQ/base-quality-filtered depth diagnostic; repeat coordinates remain excluded from inference
QUI2_LP_244_Du-632	0.07843607	19.37129850	0.00404909	MAPQ/base-quality-filtered depth diagnostic; repeat coordinates remain excluded from inference
QUI2_LP_245_Du-633	0.21963219	67.27803778	0.00326455	MAPQ/base-quality-filtered depth diagnostic; repeat coordinates remain excluded from inference
QUI2_LP_246_Du-634	0.19643903	45.72215368	0.00429636	MAPQ/base-quality-filtered depth diagnostic; repeat coordinates remain excluded from inference
QUI2_LP_247_Du-635	0.46324185	114.89854918	0.00403175	MAPQ/base-quality-filtered depth diagnostic; repeat coordinates remain excluded from inference
QUI2_LP_248_Du-636	0.48690356	115.76969877	0.00420579	MAPQ/base-quality-filtered depth diagnostic; repeat coordinates remain excluded from inference
QUI2_LP_337_Du-638	0.18993537	67.94979578	0.00279523	MAPQ/base-quality-filtered depth diagnostic; repeat coordinates remain excluded from inference
QUI2_LP_338_Du-639	0.04303518	14.73498128	0.00292061	MAPQ/base-quality-filtered depth diagnostic; repeat coordinates remain excluded from inference
QUI2_LP_339_Du-640	0.34817241	76.04605599	0.00457844	MAPQ/base-quality-filtered depth diagnostic; repeat coordinates remain excluded from inference
QUI2_LP_340_Du-641	0.48132171	131.42773570	0.00366225	MAPQ/base-quality-filtered depth diagnostic; repeat coordinates remain excluded from inference
QUIN_LP_069_Du-155	0.08018803	21.97053693	0.00364980	MAPQ/base-quality-filtered depth diagnostic; repeat coordinates remain excluded from inference
QUIN_LP_070_Du-156	0.09314951	36.46179374	0.00255472	MAPQ/base-quality-filtered depth diagnostic; repeat coordinates remain excluded from inference
QUIN_LP_071_Du-157	0.10451182	29.82864619	0.00350374	MAPQ/base-quality-filtered depth diagnostic; repeat coordinates remain excluded from inference
QUIN_LP_072_Du-158	0.08308590	30.44613683	0.00272895	MAPQ/base-quality-filtered depth diagnostic; repeat coordinates remain excluded from inference
QUIN_LP_073_Du-159	0.29462544	90.71268720	0.00324790	MAPQ/base-quality-filtered depth diagnostic; repeat coordinates remain excluded from inference
QUIN_LP_074_Du-160	0.12427744	28.75625425	0.00432175	MAPQ/base-quality-filtered depth diagnostic; repeat coordinates remain excluded from inference
QUIN_LP_075_Du-161	1.95978121	266.94711538	0.00734146	MAPQ/base-quality-filtered depth diagnostic; repeat coordinates remain excluded from inference
QUIN_LP_076_Du-162	0.81640022	132.84155888	0.00614567	MAPQ/base-quality-filtered depth diagnostic; repeat coordinates remain excluded from inference
QUIN_LP_077_Du-163	7.15048561	977.40229323	0.00731581	MAPQ/base-quality-filtered depth diagnostic; repeat coordinates remain excluded from inference
QUIN_LP_318_Du-164	0.14674741	29.55105514	0.00496589	MAPQ/base-quality-filtered depth diagnostic; repeat coordinates remain excluded from inference
RIC_LP_192_Du-521	0.79525951	131.53535568	0.00604598	MAPQ/base-quality-filtered depth diagnostic; repeat coordinates remain excluded from inference
RIC_LP_193_Du-522	0.64865471	119.27403846	0.00543836	MAPQ/base-quality-filtered depth diagnostic; repeat coordinates remain excluded from inference
RIC_LP_194_Du-523	2.70356148	507.38869980	0.00532838	MAPQ/base-quality-filtered depth diagnostic; repeat coordinates remain excluded from inference
RIC_LP_195_Du-524	1.05153526	199.71000681	0.00526531	MAPQ/base-quality-filtered depth diagnostic; repeat coordinates remain excluded from inference
RIC_LP_196_Du-525	2.06402819	390.79682182	0.00528159	MAPQ/base-quality-filtered depth diagnostic; repeat coordinates remain excluded from inference
RIC_LP_197_Du-526	0.11013950	22.55622447	0.00488289	MAPQ/base-quality-filtered depth diagnostic; repeat coordinates remain excluded from inference
RIC_LP_198_Du-527	2.69669622	362.83724047	0.00743225	MAPQ/base-quality-filtered depth diagnostic; repeat coordinates remain excluded from inference
RIC_LP_199_Du-528	2.94770080	483.08498553	0.00610183	MAPQ/base-quality-filtered depth diagnostic; repeat coordinates remain excluded from inference
RIC_LP_200_Du-529	4.78907161	682.17528931	0.00702029	MAPQ/base-quality-filtered depth diagnostic; repeat coordinates remain excluded from inference
RIC_LP_201_Du-530	2.75289660	396.26518890	0.00694711	MAPQ/base-quality-filtered depth diagnostic; repeat coordinates remain excluded from inference
RSV_LP_049_Du-85	1.87048194	284.17522549	0.00658214	MAPQ/base-quality-filtered depth diagnostic; repeat coordinates remain excluded from inference
RSV_LP_050_Du-87	4.05366410	670.96953710	0.00604150	MAPQ/base-quality-filtered depth diagnostic; repeat coordinates remain excluded from inference
RSV_LP_051_Du-88	0.08825012	21.37857386	0.00412797	MAPQ/base-quality-filtered depth diagnostic; repeat coordinates remain excluded from inference
RSV_LP_052_Du-89	1.00792968	171.43930820	0.00587922	MAPQ/base-quality-filtered depth diagnostic; repeat coordinates remain excluded from inference
RSV_LP_053_Du-90	1.61482244	267.46989874	0.00603740	MAPQ/base-quality-filtered depth diagnostic; repeat coordinates remain excluded from inference
RSV_LP_055_Du-92	0.21259887	36.54148230	0.00581801	MAPQ/base-quality-filtered depth diagnostic; repeat coordinates remain excluded from inference
RSV_LP_057_Du-94	0.44786632	62.37608492	0.00718010	MAPQ/base-quality-filtered depth diagnostic; repeat coordinates remain excluded from inference
RSV_LP_315_Du-95	0.73526491	130.68705327	0.00562615	MAPQ/base-quality-filtered depth diagnostic; repeat coordinates remain excluded from inference
RSV_LP_316_Du-96	0.24036547	40.54620490	0.00592819	MAPQ/base-quality-filtered depth diagnostic; repeat coordinates remain excluded from inference
SILG_LP_149_Du-343	0.06964569	13.62634020	0.00511111	MAPQ/base-quality-filtered depth diagnostic; repeat coordinates remain excluded from inference
SILG_LP_150_Du-344	0.09023636	18.36325732	0.00491396	MAPQ/base-quality-filtered depth diagnostic; repeat coordinates remain excluded from inference
SILG_LP_151_Du-345	0.15248203	24.79188649	0.00615048	MAPQ/base-quality-filtered depth diagnostic; repeat coordinates remain excluded from inference
SILG_LP_152_Du-346	0.14345738	22.16414227	0.00647250	MAPQ/base-quality-filtered depth diagnostic; repeat coordinates remain excluded from inference
SILG_LP_153_Du-347	0.09890961	16.94471154	0.00583720	MAPQ/base-quality-filtered depth diagnostic; repeat coordinates remain excluded from inference
SILG_LP_154_Du-348	0.40592103	81.45028506	0.00498367	MAPQ/base-quality-filtered depth diagnostic; repeat coordinates remain excluded from inference
SILG_LP_155_Du-349	0.09687244	20.12597856	0.00481330	MAPQ/base-quality-filtered depth diagnostic; repeat coordinates remain excluded from inference
SILG_LP_156_Du-350	0.16378832	26.77276208	0.00611772	MAPQ/base-quality-filtered depth diagnostic; repeat coordinates remain excluded from inference
SILG_LP_157_Du-351	0.04136470	7.45647549	0.00554749	MAPQ/base-quality-filtered depth diagnostic; repeat coordinates remain excluded from inference
SILG_LP_158_Du-352	0.03413275	10.86361896	0.00314193	MAPQ/base-quality-filtered depth diagnostic; repeat coordinates remain excluded from inference
SILR_LP_346_Du-729	0.68142255	142.24255446	0.00479057	MAPQ/base-quality-filtered depth diagnostic; repeat coordinates remain excluded from inference
SILR_LP_347_Du-730	1.50853319	235.33309224	0.00641020	MAPQ/base-quality-filtered depth diagnostic; repeat coordinates remain excluded from inference
SILR_LP_348_Du-731	0.60078635	126.33245405	0.00475560	MAPQ/base-quality-filtered depth diagnostic; repeat coordinates remain excluded from inference
SILR_LP_349_Du-732	1.32169941	289.43533016	0.00456648	MAPQ/base-quality-filtered depth diagnostic; repeat coordinates remain excluded from inference
SILR_LP_351_Du-734	1.13898070	237.52482556	0.00479521	MAPQ/base-quality-filtered depth diagnostic; repeat coordinates remain excluded from inference
SILR_LP_353_Du-736	0.28086437	64.79337560	0.00433477	MAPQ/base-quality-filtered depth diagnostic; repeat coordinates remain excluded from inference
STI_LP_027_Du-45	0.08622823	16.00595643	0.00538726	MAPQ/base-quality-filtered depth diagnostic; repeat coordinates remain excluded from inference
STI_LP_028_Du-46	0.23454935	39.94222260	0.00587222	MAPQ/base-quality-filtered depth diagnostic; repeat coordinates remain excluded from inference
STI_LP_029_Du-47	0.03949560	7.58528336	0.00520687	MAPQ/base-quality-filtered depth diagnostic; repeat coordinates remain excluded from inference
STI_LP_030_Du-48	0.19957627	42.22964176	0.00472598	MAPQ/base-quality-filtered depth diagnostic; repeat coordinates remain excluded from inference
STI_LP_031_Du-49	0.25735036	57.65112321	0.00446393	MAPQ/base-quality-filtered depth diagnostic; repeat coordinates remain excluded from inference
STI_LP_032_Du-50	0.18417019	43.97298332	0.00418826	MAPQ/base-quality-filtered depth diagnostic; repeat coordinates remain excluded from inference
STI_LP_033_Du-51	0.05441276	14.86253404	0.00366107	MAPQ/base-quality-filtered depth diagnostic; repeat coordinates remain excluded from inference
STI_LP_034_Du-52	0.32950176	71.16743958	0.00462995	MAPQ/base-quality-filtered depth diagnostic; repeat coordinates remain excluded from inference
STI_LP_035_Du-53	0.50746877	80.49642614	0.00630424	MAPQ/base-quality-filtered depth diagnostic; repeat coordinates remain excluded from inference
STI_LP_036_Du-54	0.11189655	20.69771103	0.00540623	MAPQ/base-quality-filtered depth diagnostic; repeat coordinates remain excluded from inference
STI_LP_037_Du-55	0.37504775	54.38029697	0.00689676	MAPQ/base-quality-filtered depth diagnostic; repeat coordinates remain excluded from inference
STI_LP_038_Du-56	0.42405692	64.35649251	0.00658919	MAPQ/base-quality-filtered depth diagnostic; repeat coordinates remain excluded from inference
STI_LP_039_Du-57	0.23456972	45.01657165	0.00521074	MAPQ/base-quality-filtered depth diagnostic; repeat coordinates remain excluded from inference
STI_LP_040_Du-58	0.04321343	13.90256978	0.00310831	MAPQ/base-quality-filtered depth diagnostic; repeat coordinates remain excluded from inference
STI_LP_041_Du-60	4.16312624	1151.15373979	0.00361648	MAPQ/base-quality-filtered depth diagnostic; repeat coordinates remain excluded from inference
STI_LP_042_Du-61	0.45321898	92.07449796	0.00492231	MAPQ/base-quality-filtered depth diagnostic; repeat coordinates remain excluded from inference
TIL_LP_123_Du-263	0.04920270	9.29222686	0.00529504	MAPQ/base-quality-filtered depth diagnostic; repeat coordinates remain excluded from inference
TIL_LP_124_Du-264	0.35366767	81.97311096	0.00431444	MAPQ/base-quality-filtered depth diagnostic; repeat coordinates remain excluded from inference
TIL_LP_125_Du-265	0.04642706	9.23942733	0.00502489	MAPQ/base-quality-filtered depth diagnostic; repeat coordinates remain excluded from inference
TIL_LP_126_Du-266	0.09099011	19.70177417	0.00461837	MAPQ/base-quality-filtered depth diagnostic; repeat coordinates remain excluded from inference
TIL_LP_128_Du-268	0.50963835	98.90644146	0.00515273	MAPQ/base-quality-filtered depth diagnostic; repeat coordinates remain excluded from inference
TIL_LP_129_Du-269	0.13587402	28.92945882	0.00469674	MAPQ/base-quality-filtered depth diagnostic; repeat coordinates remain excluded from inference
TIL_LP_130_Du-271	0.73135355	146.61095984	0.00498840	MAPQ/base-quality-filtered depth diagnostic; repeat coordinates remain excluded from inference
TIL_LP_131_Du-272	0.18235201	39.39933628	0.00462830	MAPQ/base-quality-filtered depth diagnostic; repeat coordinates remain excluded from inference
TULP_LP_115_Du-242	1.05913390	146.92888445	0.00720848	MAPQ/base-quality-filtered depth diagnostic; repeat coordinates remain excluded from inference
TULP_LP_116_Du-243	2.29011311	365.59415419	0.00626409	MAPQ/base-quality-filtered depth diagnostic; repeat coordinates remain excluded from inference
TULP_LP_117_Du-244	0.22825960	30.44917886	0.00749641	MAPQ/base-quality-filtered depth diagnostic; repeat coordinates remain excluded from inference
TULP_LP_118_Du-245	2.97567621	421.12734003	0.00706598	MAPQ/base-quality-filtered depth diagnostic; repeat coordinates remain excluded from inference
TULP_LP_119_Du-246	2.50518714	344.28327093	0.00727653	MAPQ/base-quality-filtered depth diagnostic; repeat coordinates remain excluded from inference
TULP_LP_120_Du-248	3.68695856	496.78926991	0.00742157	MAPQ/base-quality-filtered depth diagnostic; repeat coordinates remain excluded from inference
TULP_LP_121_Du-249	0.50276800	69.76935841	0.00720614	MAPQ/base-quality-filtered depth diagnostic; repeat coordinates remain excluded from inference
TULP_LP_122_Du-250	1.64109172	232.56856280	0.00705638	MAPQ/base-quality-filtered depth diagnostic; repeat coordinates remain excluded from inference
TULP_LP_140_Du-302	0.17641876	41.90427161	0.00421004	MAPQ/base-quality-filtered depth diagnostic; repeat coordinates remain excluded from inference
TULP_LP_141_Du-303	0.19270592	31.80620320	0.00605875	MAPQ/base-quality-filtered depth diagnostic; repeat coordinates remain excluded from inference
TULP_LP_142_Du-304	0.07280839	14.93316031	0.00487562	MAPQ/base-quality-filtered depth diagnostic; repeat coordinates remain excluded from inference
TULP_LP_143_Du-305	0.09456025	18.53056926	0.00510293	MAPQ/base-quality-filtered depth diagnostic; repeat coordinates remain excluded from inference
TULP_LP_144_Du-306	0.07519697	13.40284632	0.00561052	MAPQ/base-quality-filtered depth diagnostic; repeat coordinates remain excluded from inference
TULP_LP_145_Du-307	0.11906229	21.42873553	0.00555620	MAPQ/base-quality-filtered depth diagnostic; repeat coordinates remain excluded from inference
TULP_LP_146_Du-308	0.07949030	12.98608747	0.00612119	MAPQ/base-quality-filtered depth diagnostic; repeat coordinates remain excluded from inference
TULP_LP_147_Du-309	0.67375262	127.75716899	0.00527370	MAPQ/base-quality-filtered depth diagnostic; repeat coordinates remain excluded from inference
TULP_LP_148_Du-310	0.11685196	21.20575221	0.00551039	MAPQ/base-quality-filtered depth diagnostic; repeat coordinates remain excluded from inference
