organelle	track_id	k	replicate	cv_error	is_best_k	is_best_mean_k	mean_cv_error	sd_cv_error	replicate_count	excluded_sample_count	q_path	p_path	log_path	best_q_table_path	structure_png_path	structure_pdf_path	structure_svg_path	cv_plot_path	plink_command	command
cpDNA	cpdna_population_sites	1	1	0.48327000	no	no	0.48286800	0.00038868	5	0	/home/neil/Downloads/dudleya/Dudleya_S_genomes/full_pipeline_run/results/18_admixture_replicates/cpDNA.primary.pseudo_diploid.1.rep1.Q	/home/neil/Downloads/dudleya/Dudleya_S_genomes/full_pipeline_run/results/18_admixture_replicates/cpDNA.primary.pseudo_diploid.1.rep1.P	/home/neil/Downloads/dudleya/Dudleya_S_genomes/full_pipeline_run/results/18_admixture_replicates/cpDNA.K1.rep1.admixture.log					/home/neil/Downloads/dudleya/Dudleya_S_genomes/full_pipeline_run/results/18_admixture_replicates/cpDNA.primary.admixture_cv.png	/home/neil/Downloads/dudleya/Dudleya_S_genomes/.tools/bioconda-env/bin/plink --file cpDNA.primary.pseudo_diploid --make-bed --out cpDNA.primary.pseudo_diploid	/home/neil/Downloads/dudleya/Dudleya_S_genomes/.tools/bioconda-env/bin/admixture --cv --seed=20260707 -j16 cpDNA.primary.pseudo_diploid.bed 1
cpDNA	cpdna_population_sites	1	2	0.48276000	no	no	0.48286800	0.00038868	5	0	/home/neil/Downloads/dudleya/Dudleya_S_genomes/full_pipeline_run/results/18_admixture_replicates/cpDNA.primary.pseudo_diploid.1.rep2.Q	/home/neil/Downloads/dudleya/Dudleya_S_genomes/full_pipeline_run/results/18_admixture_replicates/cpDNA.primary.pseudo_diploid.1.rep2.P	/home/neil/Downloads/dudleya/Dudleya_S_genomes/full_pipeline_run/results/18_admixture_replicates/cpDNA.K1.rep2.admixture.log					/home/neil/Downloads/dudleya/Dudleya_S_genomes/full_pipeline_run/results/18_admixture_replicates/cpDNA.primary.admixture_cv.png	/home/neil/Downloads/dudleya/Dudleya_S_genomes/.tools/bioconda-env/bin/plink --file cpDNA.primary.pseudo_diploid --make-bed --out cpDNA.primary.pseudo_diploid	/home/neil/Downloads/dudleya/Dudleya_S_genomes/.tools/bioconda-env/bin/admixture --cv --seed=20260708 -j16 cpDNA.primary.pseudo_diploid.bed 1
cpDNA	cpdna_population_sites	1	3	0.48287000	no	no	0.48286800	0.00038868	5	0	/home/neil/Downloads/dudleya/Dudleya_S_genomes/full_pipeline_run/results/18_admixture_replicates/cpDNA.primary.pseudo_diploid.1.rep3.Q	/home/neil/Downloads/dudleya/Dudleya_S_genomes/full_pipeline_run/results/18_admixture_replicates/cpDNA.primary.pseudo_diploid.1.rep3.P	/home/neil/Downloads/dudleya/Dudleya_S_genomes/full_pipeline_run/results/18_admixture_replicates/cpDNA.K1.rep3.admixture.log					/home/neil/Downloads/dudleya/Dudleya_S_genomes/full_pipeline_run/results/18_admixture_replicates/cpDNA.primary.admixture_cv.png	/home/neil/Downloads/dudleya/Dudleya_S_genomes/.tools/bioconda-env/bin/plink --file cpDNA.primary.pseudo_diploid --make-bed --out cpDNA.primary.pseudo_diploid	/home/neil/Downloads/dudleya/Dudleya_S_genomes/.tools/bioconda-env/bin/admixture --cv --seed=20260709 -j16 cpDNA.primary.pseudo_diploid.bed 1
cpDNA	cpdna_population_sites	1	4	0.48228000	no	no	0.48286800	0.00038868	5	0	/home/neil/Downloads/dudleya/Dudleya_S_genomes/full_pipeline_run/results/18_admixture_replicates/cpDNA.primary.pseudo_diploid.1.rep4.Q	/home/neil/Downloads/dudleya/Dudleya_S_genomes/full_pipeline_run/results/18_admixture_replicates/cpDNA.primary.pseudo_diploid.1.rep4.P	/home/neil/Downloads/dudleya/Dudleya_S_genomes/full_pipeline_run/results/18_admixture_replicates/cpDNA.K1.rep4.admixture.log					/home/neil/Downloads/dudleya/Dudleya_S_genomes/full_pipeline_run/results/18_admixture_replicates/cpDNA.primary.admixture_cv.png	/home/neil/Downloads/dudleya/Dudleya_S_genomes/.tools/bioconda-env/bin/plink --file cpDNA.primary.pseudo_diploid --make-bed --out cpDNA.primary.pseudo_diploid	/home/neil/Downloads/dudleya/Dudleya_S_genomes/.tools/bioconda-env/bin/admixture --cv --seed=20260710 -j16 cpDNA.primary.pseudo_diploid.bed 1
cpDNA	cpdna_population_sites	1	5	0.48316000	no	no	0.48286800	0.00038868	5	0	/home/neil/Downloads/dudleya/Dudleya_S_genomes/full_pipeline_run/results/18_admixture_replicates/cpDNA.primary.pseudo_diploid.1.rep5.Q	/home/neil/Downloads/dudleya/Dudleya_S_genomes/full_pipeline_run/results/18_admixture_replicates/cpDNA.primary.pseudo_diploid.1.rep5.P	/home/neil/Downloads/dudleya/Dudleya_S_genomes/full_pipeline_run/results/18_admixture_replicates/cpDNA.K1.rep5.admixture.log					/home/neil/Downloads/dudleya/Dudleya_S_genomes/full_pipeline_run/results/18_admixture_replicates/cpDNA.primary.admixture_cv.png	/home/neil/Downloads/dudleya/Dudleya_S_genomes/.tools/bioconda-env/bin/plink --file cpDNA.primary.pseudo_diploid --make-bed --out cpDNA.primary.pseudo_diploid	/home/neil/Downloads/dudleya/Dudleya_S_genomes/.tools/bioconda-env/bin/admixture --cv --seed=20260711 -j16 cpDNA.primary.pseudo_diploid.bed 1
cpDNA	cpdna_population_sites	2	1	0.28453000	no	no	0.28462400	0.00049933	5	0	/home/neil/Downloads/dudleya/Dudleya_S_genomes/full_pipeline_run/results/18_admixture_replicates/cpDNA.primary.pseudo_diploid.2.rep1.Q	/home/neil/Downloads/dudleya/Dudleya_S_genomes/full_pipeline_run/results/18_admixture_replicates/cpDNA.primary.pseudo_diploid.2.rep1.P	/home/neil/Downloads/dudleya/Dudleya_S_genomes/full_pipeline_run/results/18_admixture_replicates/cpDNA.K2.rep1.admixture.log					/home/neil/Downloads/dudleya/Dudleya_S_genomes/full_pipeline_run/results/18_admixture_replicates/cpDNA.primary.admixture_cv.png	/home/neil/Downloads/dudleya/Dudleya_S_genomes/.tools/bioconda-env/bin/plink --file cpDNA.primary.pseudo_diploid --make-bed --out cpDNA.primary.pseudo_diploid	/home/neil/Downloads/dudleya/Dudleya_S_genomes/.tools/bioconda-env/bin/admixture --cv --seed=20260707 -j16 cpDNA.primary.pseudo_diploid.bed 2
cpDNA	cpdna_population_sites	2	2	0.28462000	no	no	0.28462400	0.00049933	5	0	/home/neil/Downloads/dudleya/Dudleya_S_genomes/full_pipeline_run/results/18_admixture_replicates/cpDNA.primary.pseudo_diploid.2.rep2.Q	/home/neil/Downloads/dudleya/Dudleya_S_genomes/full_pipeline_run/results/18_admixture_replicates/cpDNA.primary.pseudo_diploid.2.rep2.P	/home/neil/Downloads/dudleya/Dudleya_S_genomes/full_pipeline_run/results/18_admixture_replicates/cpDNA.K2.rep2.admixture.log					/home/neil/Downloads/dudleya/Dudleya_S_genomes/full_pipeline_run/results/18_admixture_replicates/cpDNA.primary.admixture_cv.png	/home/neil/Downloads/dudleya/Dudleya_S_genomes/.tools/bioconda-env/bin/plink --file cpDNA.primary.pseudo_diploid --make-bed --out cpDNA.primary.pseudo_diploid	/home/neil/Downloads/dudleya/Dudleya_S_genomes/.tools/bioconda-env/bin/admixture --cv --seed=20260708 -j16 cpDNA.primary.pseudo_diploid.bed 2
cpDNA	cpdna_population_sites	2	3	0.28448000	no	no	0.28462400	0.00049933	5	0	/home/neil/Downloads/dudleya/Dudleya_S_genomes/full_pipeline_run/results/18_admixture_replicates/cpDNA.primary.pseudo_diploid.2.rep3.Q	/home/neil/Downloads/dudleya/Dudleya_S_genomes/full_pipeline_run/results/18_admixture_replicates/cpDNA.primary.pseudo_diploid.2.rep3.P	/home/neil/Downloads/dudleya/Dudleya_S_genomes/full_pipeline_run/results/18_admixture_replicates/cpDNA.K2.rep3.admixture.log					/home/neil/Downloads/dudleya/Dudleya_S_genomes/full_pipeline_run/results/18_admixture_replicates/cpDNA.primary.admixture_cv.png	/home/neil/Downloads/dudleya/Dudleya_S_genomes/.tools/bioconda-env/bin/plink --file cpDNA.primary.pseudo_diploid --make-bed --out cpDNA.primary.pseudo_diploid	/home/neil/Downloads/dudleya/Dudleya_S_genomes/.tools/bioconda-env/bin/admixture --cv --seed=20260709 -j16 cpDNA.primary.pseudo_diploid.bed 2
cpDNA	cpdna_population_sites	2	4	0.28406000	no	no	0.28462400	0.00049933	5	0	/home/neil/Downloads/dudleya/Dudleya_S_genomes/full_pipeline_run/results/18_admixture_replicates/cpDNA.primary.pseudo_diploid.2.rep4.Q	/home/neil/Downloads/dudleya/Dudleya_S_genomes/full_pipeline_run/results/18_admixture_replicates/cpDNA.primary.pseudo_diploid.2.rep4.P	/home/neil/Downloads/dudleya/Dudleya_S_genomes/full_pipeline_run/results/18_admixture_replicates/cpDNA.K2.rep4.admixture.log					/home/neil/Downloads/dudleya/Dudleya_S_genomes/full_pipeline_run/results/18_admixture_replicates/cpDNA.primary.admixture_cv.png	/home/neil/Downloads/dudleya/Dudleya_S_genomes/.tools/bioconda-env/bin/plink --file cpDNA.primary.pseudo_diploid --make-bed --out cpDNA.primary.pseudo_diploid	/home/neil/Downloads/dudleya/Dudleya_S_genomes/.tools/bioconda-env/bin/admixture --cv --seed=20260710 -j16 cpDNA.primary.pseudo_diploid.bed 2
cpDNA	cpdna_population_sites	2	5	0.28543000	no	no	0.28462400	0.00049933	5	0	/home/neil/Downloads/dudleya/Dudleya_S_genomes/full_pipeline_run/results/18_admixture_replicates/cpDNA.primary.pseudo_diploid.2.rep5.Q	/home/neil/Downloads/dudleya/Dudleya_S_genomes/full_pipeline_run/results/18_admixture_replicates/cpDNA.primary.pseudo_diploid.2.rep5.P	/home/neil/Downloads/dudleya/Dudleya_S_genomes/full_pipeline_run/results/18_admixture_replicates/cpDNA.K2.rep5.admixture.log					/home/neil/Downloads/dudleya/Dudleya_S_genomes/full_pipeline_run/results/18_admixture_replicates/cpDNA.primary.admixture_cv.png	/home/neil/Downloads/dudleya/Dudleya_S_genomes/.tools/bioconda-env/bin/plink --file cpDNA.primary.pseudo_diploid --make-bed --out cpDNA.primary.pseudo_diploid	/home/neil/Downloads/dudleya/Dudleya_S_genomes/.tools/bioconda-env/bin/admixture --cv --seed=20260711 -j16 cpDNA.primary.pseudo_diploid.bed 2
cpDNA	cpdna_population_sites	3	1	0.22632000	no	no	0.23357800	0.01321700	5	0	/home/neil/Downloads/dudleya/Dudleya_S_genomes/full_pipeline_run/results/18_admixture_replicates/cpDNA.primary.pseudo_diploid.3.rep1.Q	/home/neil/Downloads/dudleya/Dudleya_S_genomes/full_pipeline_run/results/18_admixture_replicates/cpDNA.primary.pseudo_diploid.3.rep1.P	/home/neil/Downloads/dudleya/Dudleya_S_genomes/full_pipeline_run/results/18_admixture_replicates/cpDNA.K3.rep1.admixture.log					/home/neil/Downloads/dudleya/Dudleya_S_genomes/full_pipeline_run/results/18_admixture_replicates/cpDNA.primary.admixture_cv.png	/home/neil/Downloads/dudleya/Dudleya_S_genomes/.tools/bioconda-env/bin/plink --file cpDNA.primary.pseudo_diploid --make-bed --out cpDNA.primary.pseudo_diploid	/home/neil/Downloads/dudleya/Dudleya_S_genomes/.tools/bioconda-env/bin/admixture --cv --seed=20260707 -j16 cpDNA.primary.pseudo_diploid.bed 3
cpDNA	cpdna_population_sites	3	2	0.25383000	no	no	0.23357800	0.01321700	5	0	/home/neil/Downloads/dudleya/Dudleya_S_genomes/full_pipeline_run/results/18_admixture_replicates/cpDNA.primary.pseudo_diploid.3.rep2.Q	/home/neil/Downloads/dudleya/Dudleya_S_genomes/full_pipeline_run/results/18_admixture_replicates/cpDNA.primary.pseudo_diploid.3.rep2.P	/home/neil/Downloads/dudleya/Dudleya_S_genomes/full_pipeline_run/results/18_admixture_replicates/cpDNA.K3.rep2.admixture.log					/home/neil/Downloads/dudleya/Dudleya_S_genomes/full_pipeline_run/results/18_admixture_replicates/cpDNA.primary.admixture_cv.png	/home/neil/Downloads/dudleya/Dudleya_S_genomes/.tools/bioconda-env/bin/plink --file cpDNA.primary.pseudo_diploid --make-bed --out cpDNA.primary.pseudo_diploid	/home/neil/Downloads/dudleya/Dudleya_S_genomes/.tools/bioconda-env/bin/admixture --cv --seed=20260708 -j16 cpDNA.primary.pseudo_diploid.bed 3
cpDNA	cpdna_population_sites	3	3	0.24014000	no	no	0.23357800	0.01321700	5	0	/home/neil/Downloads/dudleya/Dudleya_S_genomes/full_pipeline_run/results/18_admixture_replicates/cpDNA.primary.pseudo_diploid.3.rep3.Q	/home/neil/Downloads/dudleya/Dudleya_S_genomes/full_pipeline_run/results/18_admixture_replicates/cpDNA.primary.pseudo_diploid.3.rep3.P	/home/neil/Downloads/dudleya/Dudleya_S_genomes/full_pipeline_run/results/18_admixture_replicates/cpDNA.K3.rep3.admixture.log					/home/neil/Downloads/dudleya/Dudleya_S_genomes/full_pipeline_run/results/18_admixture_replicates/cpDNA.primary.admixture_cv.png	/home/neil/Downloads/dudleya/Dudleya_S_genomes/.tools/bioconda-env/bin/plink --file cpDNA.primary.pseudo_diploid --make-bed --out cpDNA.primary.pseudo_diploid	/home/neil/Downloads/dudleya/Dudleya_S_genomes/.tools/bioconda-env/bin/admixture --cv --seed=20260709 -j16 cpDNA.primary.pseudo_diploid.bed 3
cpDNA	cpdna_population_sites	3	4	0.22289000	no	no	0.23357800	0.01321700	5	0	/home/neil/Downloads/dudleya/Dudleya_S_genomes/full_pipeline_run/results/18_admixture_replicates/cpDNA.primary.pseudo_diploid.3.rep4.Q	/home/neil/Downloads/dudleya/Dudleya_S_genomes/full_pipeline_run/results/18_admixture_replicates/cpDNA.primary.pseudo_diploid.3.rep4.P	/home/neil/Downloads/dudleya/Dudleya_S_genomes/full_pipeline_run/results/18_admixture_replicates/cpDNA.K3.rep4.admixture.log					/home/neil/Downloads/dudleya/Dudleya_S_genomes/full_pipeline_run/results/18_admixture_replicates/cpDNA.primary.admixture_cv.png	/home/neil/Downloads/dudleya/Dudleya_S_genomes/.tools/bioconda-env/bin/plink --file cpDNA.primary.pseudo_diploid --make-bed --out cpDNA.primary.pseudo_diploid	/home/neil/Downloads/dudleya/Dudleya_S_genomes/.tools/bioconda-env/bin/admixture --cv --seed=20260710 -j16 cpDNA.primary.pseudo_diploid.bed 3
cpDNA	cpdna_population_sites	3	5	0.22471000	no	no	0.23357800	0.01321700	5	0	/home/neil/Downloads/dudleya/Dudleya_S_genomes/full_pipeline_run/results/18_admixture_replicates/cpDNA.primary.pseudo_diploid.3.rep5.Q	/home/neil/Downloads/dudleya/Dudleya_S_genomes/full_pipeline_run/results/18_admixture_replicates/cpDNA.primary.pseudo_diploid.3.rep5.P	/home/neil/Downloads/dudleya/Dudleya_S_genomes/full_pipeline_run/results/18_admixture_replicates/cpDNA.K3.rep5.admixture.log					/home/neil/Downloads/dudleya/Dudleya_S_genomes/full_pipeline_run/results/18_admixture_replicates/cpDNA.primary.admixture_cv.png	/home/neil/Downloads/dudleya/Dudleya_S_genomes/.tools/bioconda-env/bin/plink --file cpDNA.primary.pseudo_diploid --make-bed --out cpDNA.primary.pseudo_diploid	/home/neil/Downloads/dudleya/Dudleya_S_genomes/.tools/bioconda-env/bin/admixture --cv --seed=20260711 -j16 cpDNA.primary.pseudo_diploid.bed 3
cpDNA	cpdna_population_sites	4	1	0.18503000	no	no	0.18761400	0.00389663	5	0	/home/neil/Downloads/dudleya/Dudleya_S_genomes/full_pipeline_run/results/18_admixture_replicates/cpDNA.primary.pseudo_diploid.4.rep1.Q	/home/neil/Downloads/dudleya/Dudleya_S_genomes/full_pipeline_run/results/18_admixture_replicates/cpDNA.primary.pseudo_diploid.4.rep1.P	/home/neil/Downloads/dudleya/Dudleya_S_genomes/full_pipeline_run/results/18_admixture_replicates/cpDNA.K4.rep1.admixture.log					/home/neil/Downloads/dudleya/Dudleya_S_genomes/full_pipeline_run/results/18_admixture_replicates/cpDNA.primary.admixture_cv.png	/home/neil/Downloads/dudleya/Dudleya_S_genomes/.tools/bioconda-env/bin/plink --file cpDNA.primary.pseudo_diploid --make-bed --out cpDNA.primary.pseudo_diploid	/home/neil/Downloads/dudleya/Dudleya_S_genomes/.tools/bioconda-env/bin/admixture --cv --seed=20260707 -j16 cpDNA.primary.pseudo_diploid.bed 4
cpDNA	cpdna_population_sites	4	2	0.18231000	no	no	0.18761400	0.00389663	5	0	/home/neil/Downloads/dudleya/Dudleya_S_genomes/full_pipeline_run/results/18_admixture_replicates/cpDNA.primary.pseudo_diploid.4.rep2.Q	/home/neil/Downloads/dudleya/Dudleya_S_genomes/full_pipeline_run/results/18_admixture_replicates/cpDNA.primary.pseudo_diploid.4.rep2.P	/home/neil/Downloads/dudleya/Dudleya_S_genomes/full_pipeline_run/results/18_admixture_replicates/cpDNA.K4.rep2.admixture.log					/home/neil/Downloads/dudleya/Dudleya_S_genomes/full_pipeline_run/results/18_admixture_replicates/cpDNA.primary.admixture_cv.png	/home/neil/Downloads/dudleya/Dudleya_S_genomes/.tools/bioconda-env/bin/plink --file cpDNA.primary.pseudo_diploid --make-bed --out cpDNA.primary.pseudo_diploid	/home/neil/Downloads/dudleya/Dudleya_S_genomes/.tools/bioconda-env/bin/admixture --cv --seed=20260708 -j16 cpDNA.primary.pseudo_diploid.bed 4
cpDNA	cpdna_population_sites	4	3	0.18923000	no	no	0.18761400	0.00389663	5	0	/home/neil/Downloads/dudleya/Dudleya_S_genomes/full_pipeline_run/results/18_admixture_replicates/cpDNA.primary.pseudo_diploid.4.rep3.Q	/home/neil/Downloads/dudleya/Dudleya_S_genomes/full_pipeline_run/results/18_admixture_replicates/cpDNA.primary.pseudo_diploid.4.rep3.P	/home/neil/Downloads/dudleya/Dudleya_S_genomes/full_pipeline_run/results/18_admixture_replicates/cpDNA.K4.rep3.admixture.log					/home/neil/Downloads/dudleya/Dudleya_S_genomes/full_pipeline_run/results/18_admixture_replicates/cpDNA.primary.admixture_cv.png	/home/neil/Downloads/dudleya/Dudleya_S_genomes/.tools/bioconda-env/bin/plink --file cpDNA.primary.pseudo_diploid --make-bed --out cpDNA.primary.pseudo_diploid	/home/neil/Downloads/dudleya/Dudleya_S_genomes/.tools/bioconda-env/bin/admixture --cv --seed=20260709 -j16 cpDNA.primary.pseudo_diploid.bed 4
cpDNA	cpdna_population_sites	4	4	0.19210000	no	no	0.18761400	0.00389663	5	0	/home/neil/Downloads/dudleya/Dudleya_S_genomes/full_pipeline_run/results/18_admixture_replicates/cpDNA.primary.pseudo_diploid.4.rep4.Q	/home/neil/Downloads/dudleya/Dudleya_S_genomes/full_pipeline_run/results/18_admixture_replicates/cpDNA.primary.pseudo_diploid.4.rep4.P	/home/neil/Downloads/dudleya/Dudleya_S_genomes/full_pipeline_run/results/18_admixture_replicates/cpDNA.K4.rep4.admixture.log					/home/neil/Downloads/dudleya/Dudleya_S_genomes/full_pipeline_run/results/18_admixture_replicates/cpDNA.primary.admixture_cv.png	/home/neil/Downloads/dudleya/Dudleya_S_genomes/.tools/bioconda-env/bin/plink --file cpDNA.primary.pseudo_diploid --make-bed --out cpDNA.primary.pseudo_diploid	/home/neil/Downloads/dudleya/Dudleya_S_genomes/.tools/bioconda-env/bin/admixture --cv --seed=20260710 -j16 cpDNA.primary.pseudo_diploid.bed 4
cpDNA	cpdna_population_sites	4	5	0.18940000	no	no	0.18761400	0.00389663	5	0	/home/neil/Downloads/dudleya/Dudleya_S_genomes/full_pipeline_run/results/18_admixture_replicates/cpDNA.primary.pseudo_diploid.4.rep5.Q	/home/neil/Downloads/dudleya/Dudleya_S_genomes/full_pipeline_run/results/18_admixture_replicates/cpDNA.primary.pseudo_diploid.4.rep5.P	/home/neil/Downloads/dudleya/Dudleya_S_genomes/full_pipeline_run/results/18_admixture_replicates/cpDNA.K4.rep5.admixture.log					/home/neil/Downloads/dudleya/Dudleya_S_genomes/full_pipeline_run/results/18_admixture_replicates/cpDNA.primary.admixture_cv.png	/home/neil/Downloads/dudleya/Dudleya_S_genomes/.tools/bioconda-env/bin/plink --file cpDNA.primary.pseudo_diploid --make-bed --out cpDNA.primary.pseudo_diploid	/home/neil/Downloads/dudleya/Dudleya_S_genomes/.tools/bioconda-env/bin/admixture --cv --seed=20260711 -j16 cpDNA.primary.pseudo_diploid.bed 4
cpDNA	cpdna_population_sites	5	1	0.14261000	no	no	0.16149600	0.01307840	5	0	/home/neil/Downloads/dudleya/Dudleya_S_genomes/full_pipeline_run/results/18_admixture_replicates/cpDNA.primary.pseudo_diploid.5.rep1.Q	/home/neil/Downloads/dudleya/Dudleya_S_genomes/full_pipeline_run/results/18_admixture_replicates/cpDNA.primary.pseudo_diploid.5.rep1.P	/home/neil/Downloads/dudleya/Dudleya_S_genomes/full_pipeline_run/results/18_admixture_replicates/cpDNA.K5.rep1.admixture.log					/home/neil/Downloads/dudleya/Dudleya_S_genomes/full_pipeline_run/results/18_admixture_replicates/cpDNA.primary.admixture_cv.png	/home/neil/Downloads/dudleya/Dudleya_S_genomes/.tools/bioconda-env/bin/plink --file cpDNA.primary.pseudo_diploid --make-bed --out cpDNA.primary.pseudo_diploid	/home/neil/Downloads/dudleya/Dudleya_S_genomes/.tools/bioconda-env/bin/admixture --cv --seed=20260707 -j16 cpDNA.primary.pseudo_diploid.bed 5
cpDNA	cpdna_population_sites	5	2	0.15327000	no	no	0.16149600	0.01307840	5	0	/home/neil/Downloads/dudleya/Dudleya_S_genomes/full_pipeline_run/results/18_admixture_replicates/cpDNA.primary.pseudo_diploid.5.rep2.Q	/home/neil/Downloads/dudleya/Dudleya_S_genomes/full_pipeline_run/results/18_admixture_replicates/cpDNA.primary.pseudo_diploid.5.rep2.P	/home/neil/Downloads/dudleya/Dudleya_S_genomes/full_pipeline_run/results/18_admixture_replicates/cpDNA.K5.rep2.admixture.log					/home/neil/Downloads/dudleya/Dudleya_S_genomes/full_pipeline_run/results/18_admixture_replicates/cpDNA.primary.admixture_cv.png	/home/neil/Downloads/dudleya/Dudleya_S_genomes/.tools/bioconda-env/bin/plink --file cpDNA.primary.pseudo_diploid --make-bed --out cpDNA.primary.pseudo_diploid	/home/neil/Downloads/dudleya/Dudleya_S_genomes/.tools/bioconda-env/bin/admixture --cv --seed=20260708 -j16 cpDNA.primary.pseudo_diploid.bed 5
cpDNA	cpdna_population_sites	5	3	0.17044000	no	no	0.16149600	0.01307840	5	0	/home/neil/Downloads/dudleya/Dudleya_S_genomes/full_pipeline_run/results/18_admixture_replicates/cpDNA.primary.pseudo_diploid.5.rep3.Q	/home/neil/Downloads/dudleya/Dudleya_S_genomes/full_pipeline_run/results/18_admixture_replicates/cpDNA.primary.pseudo_diploid.5.rep3.P	/home/neil/Downloads/dudleya/Dudleya_S_genomes/full_pipeline_run/results/18_admixture_replicates/cpDNA.K5.rep3.admixture.log					/home/neil/Downloads/dudleya/Dudleya_S_genomes/full_pipeline_run/results/18_admixture_replicates/cpDNA.primary.admixture_cv.png	/home/neil/Downloads/dudleya/Dudleya_S_genomes/.tools/bioconda-env/bin/plink --file cpDNA.primary.pseudo_diploid --make-bed --out cpDNA.primary.pseudo_diploid	/home/neil/Downloads/dudleya/Dudleya_S_genomes/.tools/bioconda-env/bin/admixture --cv --seed=20260709 -j16 cpDNA.primary.pseudo_diploid.bed 5
cpDNA	cpdna_population_sites	5	4	0.16786000	no	no	0.16149600	0.01307840	5	0	/home/neil/Downloads/dudleya/Dudleya_S_genomes/full_pipeline_run/results/18_admixture_replicates/cpDNA.primary.pseudo_diploid.5.rep4.Q	/home/neil/Downloads/dudleya/Dudleya_S_genomes/full_pipeline_run/results/18_admixture_replicates/cpDNA.primary.pseudo_diploid.5.rep4.P	/home/neil/Downloads/dudleya/Dudleya_S_genomes/full_pipeline_run/results/18_admixture_replicates/cpDNA.K5.rep4.admixture.log					/home/neil/Downloads/dudleya/Dudleya_S_genomes/full_pipeline_run/results/18_admixture_replicates/cpDNA.primary.admixture_cv.png	/home/neil/Downloads/dudleya/Dudleya_S_genomes/.tools/bioconda-env/bin/plink --file cpDNA.primary.pseudo_diploid --make-bed --out cpDNA.primary.pseudo_diploid	/home/neil/Downloads/dudleya/Dudleya_S_genomes/.tools/bioconda-env/bin/admixture --cv --seed=20260710 -j16 cpDNA.primary.pseudo_diploid.bed 5
cpDNA	cpdna_population_sites	5	5	0.17330000	no	no	0.16149600	0.01307840	5	0	/home/neil/Downloads/dudleya/Dudleya_S_genomes/full_pipeline_run/results/18_admixture_replicates/cpDNA.primary.pseudo_diploid.5.rep5.Q	/home/neil/Downloads/dudleya/Dudleya_S_genomes/full_pipeline_run/results/18_admixture_replicates/cpDNA.primary.pseudo_diploid.5.rep5.P	/home/neil/Downloads/dudleya/Dudleya_S_genomes/full_pipeline_run/results/18_admixture_replicates/cpDNA.K5.rep5.admixture.log					/home/neil/Downloads/dudleya/Dudleya_S_genomes/full_pipeline_run/results/18_admixture_replicates/cpDNA.primary.admixture_cv.png	/home/neil/Downloads/dudleya/Dudleya_S_genomes/.tools/bioconda-env/bin/plink --file cpDNA.primary.pseudo_diploid --make-bed --out cpDNA.primary.pseudo_diploid	/home/neil/Downloads/dudleya/Dudleya_S_genomes/.tools/bioconda-env/bin/admixture --cv --seed=20260711 -j16 cpDNA.primary.pseudo_diploid.bed 5
cpDNA	cpdna_population_sites	6	1	0.13212000	no	no	0.13668200	0.01372450	5	0	/home/neil/Downloads/dudleya/Dudleya_S_genomes/full_pipeline_run/results/18_admixture_replicates/cpDNA.primary.pseudo_diploid.6.rep1.Q	/home/neil/Downloads/dudleya/Dudleya_S_genomes/full_pipeline_run/results/18_admixture_replicates/cpDNA.primary.pseudo_diploid.6.rep1.P	/home/neil/Downloads/dudleya/Dudleya_S_genomes/full_pipeline_run/results/18_admixture_replicates/cpDNA.K6.rep1.admixture.log					/home/neil/Downloads/dudleya/Dudleya_S_genomes/full_pipeline_run/results/18_admixture_replicates/cpDNA.primary.admixture_cv.png	/home/neil/Downloads/dudleya/Dudleya_S_genomes/.tools/bioconda-env/bin/plink --file cpDNA.primary.pseudo_diploid --make-bed --out cpDNA.primary.pseudo_diploid	/home/neil/Downloads/dudleya/Dudleya_S_genomes/.tools/bioconda-env/bin/admixture --cv --seed=20260707 -j16 cpDNA.primary.pseudo_diploid.bed 6
cpDNA	cpdna_population_sites	6	2	0.15961000	no	no	0.13668200	0.01372450	5	0	/home/neil/Downloads/dudleya/Dudleya_S_genomes/full_pipeline_run/results/18_admixture_replicates/cpDNA.primary.pseudo_diploid.6.rep2.Q	/home/neil/Downloads/dudleya/Dudleya_S_genomes/full_pipeline_run/results/18_admixture_replicates/cpDNA.primary.pseudo_diploid.6.rep2.P	/home/neil/Downloads/dudleya/Dudleya_S_genomes/full_pipeline_run/results/18_admixture_replicates/cpDNA.K6.rep2.admixture.log					/home/neil/Downloads/dudleya/Dudleya_S_genomes/full_pipeline_run/results/18_admixture_replicates/cpDNA.primary.admixture_cv.png	/home/neil/Downloads/dudleya/Dudleya_S_genomes/.tools/bioconda-env/bin/plink --file cpDNA.primary.pseudo_diploid --make-bed --out cpDNA.primary.pseudo_diploid	/home/neil/Downloads/dudleya/Dudleya_S_genomes/.tools/bioconda-env/bin/admixture --cv --seed=20260708 -j16 cpDNA.primary.pseudo_diploid.bed 6
cpDNA	cpdna_population_sites	6	3	0.12304000	no	no	0.13668200	0.01372450	5	0	/home/neil/Downloads/dudleya/Dudleya_S_genomes/full_pipeline_run/results/18_admixture_replicates/cpDNA.primary.pseudo_diploid.6.rep3.Q	/home/neil/Downloads/dudleya/Dudleya_S_genomes/full_pipeline_run/results/18_admixture_replicates/cpDNA.primary.pseudo_diploid.6.rep3.P	/home/neil/Downloads/dudleya/Dudleya_S_genomes/full_pipeline_run/results/18_admixture_replicates/cpDNA.K6.rep3.admixture.log					/home/neil/Downloads/dudleya/Dudleya_S_genomes/full_pipeline_run/results/18_admixture_replicates/cpDNA.primary.admixture_cv.png	/home/neil/Downloads/dudleya/Dudleya_S_genomes/.tools/bioconda-env/bin/plink --file cpDNA.primary.pseudo_diploid --make-bed --out cpDNA.primary.pseudo_diploid	/home/neil/Downloads/dudleya/Dudleya_S_genomes/.tools/bioconda-env/bin/admixture --cv --seed=20260709 -j16 cpDNA.primary.pseudo_diploid.bed 6
cpDNA	cpdna_population_sites	6	4	0.13652000	no	no	0.13668200	0.01372450	5	0	/home/neil/Downloads/dudleya/Dudleya_S_genomes/full_pipeline_run/results/18_admixture_replicates/cpDNA.primary.pseudo_diploid.6.rep4.Q	/home/neil/Downloads/dudleya/Dudleya_S_genomes/full_pipeline_run/results/18_admixture_replicates/cpDNA.primary.pseudo_diploid.6.rep4.P	/home/neil/Downloads/dudleya/Dudleya_S_genomes/full_pipeline_run/results/18_admixture_replicates/cpDNA.K6.rep4.admixture.log					/home/neil/Downloads/dudleya/Dudleya_S_genomes/full_pipeline_run/results/18_admixture_replicates/cpDNA.primary.admixture_cv.png	/home/neil/Downloads/dudleya/Dudleya_S_genomes/.tools/bioconda-env/bin/plink --file cpDNA.primary.pseudo_diploid --make-bed --out cpDNA.primary.pseudo_diploid	/home/neil/Downloads/dudleya/Dudleya_S_genomes/.tools/bioconda-env/bin/admixture --cv --seed=20260710 -j16 cpDNA.primary.pseudo_diploid.bed 6
cpDNA	cpdna_population_sites	6	5	0.13212000	no	no	0.13668200	0.01372450	5	0	/home/neil/Downloads/dudleya/Dudleya_S_genomes/full_pipeline_run/results/18_admixture_replicates/cpDNA.primary.pseudo_diploid.6.rep5.Q	/home/neil/Downloads/dudleya/Dudleya_S_genomes/full_pipeline_run/results/18_admixture_replicates/cpDNA.primary.pseudo_diploid.6.rep5.P	/home/neil/Downloads/dudleya/Dudleya_S_genomes/full_pipeline_run/results/18_admixture_replicates/cpDNA.K6.rep5.admixture.log					/home/neil/Downloads/dudleya/Dudleya_S_genomes/full_pipeline_run/results/18_admixture_replicates/cpDNA.primary.admixture_cv.png	/home/neil/Downloads/dudleya/Dudleya_S_genomes/.tools/bioconda-env/bin/plink --file cpDNA.primary.pseudo_diploid --make-bed --out cpDNA.primary.pseudo_diploid	/home/neil/Downloads/dudleya/Dudleya_S_genomes/.tools/bioconda-env/bin/admixture --cv --seed=20260711 -j16 cpDNA.primary.pseudo_diploid.bed 6
cpDNA	cpdna_population_sites	7	1	0.10782000	no	no	0.10698200	0.00985610	5	0	/home/neil/Downloads/dudleya/Dudleya_S_genomes/full_pipeline_run/results/18_admixture_replicates/cpDNA.primary.pseudo_diploid.7.rep1.Q	/home/neil/Downloads/dudleya/Dudleya_S_genomes/full_pipeline_run/results/18_admixture_replicates/cpDNA.primary.pseudo_diploid.7.rep1.P	/home/neil/Downloads/dudleya/Dudleya_S_genomes/full_pipeline_run/results/18_admixture_replicates/cpDNA.K7.rep1.admixture.log					/home/neil/Downloads/dudleya/Dudleya_S_genomes/full_pipeline_run/results/18_admixture_replicates/cpDNA.primary.admixture_cv.png	/home/neil/Downloads/dudleya/Dudleya_S_genomes/.tools/bioconda-env/bin/plink --file cpDNA.primary.pseudo_diploid --make-bed --out cpDNA.primary.pseudo_diploid	/home/neil/Downloads/dudleya/Dudleya_S_genomes/.tools/bioconda-env/bin/admixture --cv --seed=20260707 -j16 cpDNA.primary.pseudo_diploid.bed 7
cpDNA	cpdna_population_sites	7	2	0.10042000	no	no	0.10698200	0.00985610	5	0	/home/neil/Downloads/dudleya/Dudleya_S_genomes/full_pipeline_run/results/18_admixture_replicates/cpDNA.primary.pseudo_diploid.7.rep2.Q	/home/neil/Downloads/dudleya/Dudleya_S_genomes/full_pipeline_run/results/18_admixture_replicates/cpDNA.primary.pseudo_diploid.7.rep2.P	/home/neil/Downloads/dudleya/Dudleya_S_genomes/full_pipeline_run/results/18_admixture_replicates/cpDNA.K7.rep2.admixture.log					/home/neil/Downloads/dudleya/Dudleya_S_genomes/full_pipeline_run/results/18_admixture_replicates/cpDNA.primary.admixture_cv.png	/home/neil/Downloads/dudleya/Dudleya_S_genomes/.tools/bioconda-env/bin/plink --file cpDNA.primary.pseudo_diploid --make-bed --out cpDNA.primary.pseudo_diploid	/home/neil/Downloads/dudleya/Dudleya_S_genomes/.tools/bioconda-env/bin/admixture --cv --seed=20260708 -j16 cpDNA.primary.pseudo_diploid.bed 7
cpDNA	cpdna_population_sites	7	3	0.11912000	no	no	0.10698200	0.00985610	5	0	/home/neil/Downloads/dudleya/Dudleya_S_genomes/full_pipeline_run/results/18_admixture_replicates/cpDNA.primary.pseudo_diploid.7.rep3.Q	/home/neil/Downloads/dudleya/Dudleya_S_genomes/full_pipeline_run/results/18_admixture_replicates/cpDNA.primary.pseudo_diploid.7.rep3.P	/home/neil/Downloads/dudleya/Dudleya_S_genomes/full_pipeline_run/results/18_admixture_replicates/cpDNA.K7.rep3.admixture.log					/home/neil/Downloads/dudleya/Dudleya_S_genomes/full_pipeline_run/results/18_admixture_replicates/cpDNA.primary.admixture_cv.png	/home/neil/Downloads/dudleya/Dudleya_S_genomes/.tools/bioconda-env/bin/plink --file cpDNA.primary.pseudo_diploid --make-bed --out cpDNA.primary.pseudo_diploid	/home/neil/Downloads/dudleya/Dudleya_S_genomes/.tools/bioconda-env/bin/admixture --cv --seed=20260709 -j16 cpDNA.primary.pseudo_diploid.bed 7
cpDNA	cpdna_population_sites	7	4	0.11318000	no	no	0.10698200	0.00985610	5	0	/home/neil/Downloads/dudleya/Dudleya_S_genomes/full_pipeline_run/results/18_admixture_replicates/cpDNA.primary.pseudo_diploid.7.rep4.Q	/home/neil/Downloads/dudleya/Dudleya_S_genomes/full_pipeline_run/results/18_admixture_replicates/cpDNA.primary.pseudo_diploid.7.rep4.P	/home/neil/Downloads/dudleya/Dudleya_S_genomes/full_pipeline_run/results/18_admixture_replicates/cpDNA.K7.rep4.admixture.log					/home/neil/Downloads/dudleya/Dudleya_S_genomes/full_pipeline_run/results/18_admixture_replicates/cpDNA.primary.admixture_cv.png	/home/neil/Downloads/dudleya/Dudleya_S_genomes/.tools/bioconda-env/bin/plink --file cpDNA.primary.pseudo_diploid --make-bed --out cpDNA.primary.pseudo_diploid	/home/neil/Downloads/dudleya/Dudleya_S_genomes/.tools/bioconda-env/bin/admixture --cv --seed=20260710 -j16 cpDNA.primary.pseudo_diploid.bed 7
cpDNA	cpdna_population_sites	7	5	0.09437000	no	no	0.10698200	0.00985610	5	0	/home/neil/Downloads/dudleya/Dudleya_S_genomes/full_pipeline_run/results/18_admixture_replicates/cpDNA.primary.pseudo_diploid.7.rep5.Q	/home/neil/Downloads/dudleya/Dudleya_S_genomes/full_pipeline_run/results/18_admixture_replicates/cpDNA.primary.pseudo_diploid.7.rep5.P	/home/neil/Downloads/dudleya/Dudleya_S_genomes/full_pipeline_run/results/18_admixture_replicates/cpDNA.K7.rep5.admixture.log					/home/neil/Downloads/dudleya/Dudleya_S_genomes/full_pipeline_run/results/18_admixture_replicates/cpDNA.primary.admixture_cv.png	/home/neil/Downloads/dudleya/Dudleya_S_genomes/.tools/bioconda-env/bin/plink --file cpDNA.primary.pseudo_diploid --make-bed --out cpDNA.primary.pseudo_diploid	/home/neil/Downloads/dudleya/Dudleya_S_genomes/.tools/bioconda-env/bin/admixture --cv --seed=20260711 -j16 cpDNA.primary.pseudo_diploid.bed 7
cpDNA	cpdna_population_sites	8	1	0.07502000	no	yes	0.08512200	0.01378138	5	0	/home/neil/Downloads/dudleya/Dudleya_S_genomes/full_pipeline_run/results/18_admixture_replicates/cpDNA.primary.pseudo_diploid.8.rep1.Q	/home/neil/Downloads/dudleya/Dudleya_S_genomes/full_pipeline_run/results/18_admixture_replicates/cpDNA.primary.pseudo_diploid.8.rep1.P	/home/neil/Downloads/dudleya/Dudleya_S_genomes/full_pipeline_run/results/18_admixture_replicates/cpDNA.K8.rep1.admixture.log					/home/neil/Downloads/dudleya/Dudleya_S_genomes/full_pipeline_run/results/18_admixture_replicates/cpDNA.primary.admixture_cv.png	/home/neil/Downloads/dudleya/Dudleya_S_genomes/.tools/bioconda-env/bin/plink --file cpDNA.primary.pseudo_diploid --make-bed --out cpDNA.primary.pseudo_diploid	/home/neil/Downloads/dudleya/Dudleya_S_genomes/.tools/bioconda-env/bin/admixture --cv --seed=20260707 -j16 cpDNA.primary.pseudo_diploid.bed 8
cpDNA	cpdna_population_sites	8	2	0.10065000	no	yes	0.08512200	0.01378138	5	0	/home/neil/Downloads/dudleya/Dudleya_S_genomes/full_pipeline_run/results/18_admixture_replicates/cpDNA.primary.pseudo_diploid.8.rep2.Q	/home/neil/Downloads/dudleya/Dudleya_S_genomes/full_pipeline_run/results/18_admixture_replicates/cpDNA.primary.pseudo_diploid.8.rep2.P	/home/neil/Downloads/dudleya/Dudleya_S_genomes/full_pipeline_run/results/18_admixture_replicates/cpDNA.K8.rep2.admixture.log					/home/neil/Downloads/dudleya/Dudleya_S_genomes/full_pipeline_run/results/18_admixture_replicates/cpDNA.primary.admixture_cv.png	/home/neil/Downloads/dudleya/Dudleya_S_genomes/.tools/bioconda-env/bin/plink --file cpDNA.primary.pseudo_diploid --make-bed --out cpDNA.primary.pseudo_diploid	/home/neil/Downloads/dudleya/Dudleya_S_genomes/.tools/bioconda-env/bin/admixture --cv --seed=20260708 -j16 cpDNA.primary.pseudo_diploid.bed 8
cpDNA	cpdna_population_sites	8	3	0.07459000	yes	yes	0.08512200	0.01378138	5	0	/home/neil/Downloads/dudleya/Dudleya_S_genomes/full_pipeline_run/results/18_admixture_replicates/cpDNA.primary.pseudo_diploid.8.rep3.Q	/home/neil/Downloads/dudleya/Dudleya_S_genomes/full_pipeline_run/results/18_admixture_replicates/cpDNA.primary.pseudo_diploid.8.rep3.P	/home/neil/Downloads/dudleya/Dudleya_S_genomes/full_pipeline_run/results/18_admixture_replicates/cpDNA.K8.rep3.admixture.log	/home/neil/Downloads/dudleya/Dudleya_S_genomes/full_pipeline_run/results/18_admixture_replicates/cpDNA.primary.bestK8.q.tsv	/home/neil/Downloads/dudleya/Dudleya_S_genomes/full_pipeline_run/results/18_admixture_replicates/cpDNA.primary.bestK8.structure.png	/home/neil/Downloads/dudleya/Dudleya_S_genomes/full_pipeline_run/results/18_admixture_replicates/cpDNA.primary.bestK8.structure.pdf	/home/neil/Downloads/dudleya/Dudleya_S_genomes/full_pipeline_run/results/18_admixture_replicates/cpDNA.primary.bestK8.structure.svg	/home/neil/Downloads/dudleya/Dudleya_S_genomes/full_pipeline_run/results/18_admixture_replicates/cpDNA.primary.admixture_cv.png	/home/neil/Downloads/dudleya/Dudleya_S_genomes/.tools/bioconda-env/bin/plink --file cpDNA.primary.pseudo_diploid --make-bed --out cpDNA.primary.pseudo_diploid	/home/neil/Downloads/dudleya/Dudleya_S_genomes/.tools/bioconda-env/bin/admixture --cv --seed=20260709 -j16 cpDNA.primary.pseudo_diploid.bed 8
cpDNA	cpdna_population_sites	8	4	0.09977000	no	yes	0.08512200	0.01378138	5	0	/home/neil/Downloads/dudleya/Dudleya_S_genomes/full_pipeline_run/results/18_admixture_replicates/cpDNA.primary.pseudo_diploid.8.rep4.Q	/home/neil/Downloads/dudleya/Dudleya_S_genomes/full_pipeline_run/results/18_admixture_replicates/cpDNA.primary.pseudo_diploid.8.rep4.P	/home/neil/Downloads/dudleya/Dudleya_S_genomes/full_pipeline_run/results/18_admixture_replicates/cpDNA.K8.rep4.admixture.log					/home/neil/Downloads/dudleya/Dudleya_S_genomes/full_pipeline_run/results/18_admixture_replicates/cpDNA.primary.admixture_cv.png	/home/neil/Downloads/dudleya/Dudleya_S_genomes/.tools/bioconda-env/bin/plink --file cpDNA.primary.pseudo_diploid --make-bed --out cpDNA.primary.pseudo_diploid	/home/neil/Downloads/dudleya/Dudleya_S_genomes/.tools/bioconda-env/bin/admixture --cv --seed=20260710 -j16 cpDNA.primary.pseudo_diploid.bed 8
cpDNA	cpdna_population_sites	8	5	0.07558000	no	yes	0.08512200	0.01378138	5	0	/home/neil/Downloads/dudleya/Dudleya_S_genomes/full_pipeline_run/results/18_admixture_replicates/cpDNA.primary.pseudo_diploid.8.rep5.Q	/home/neil/Downloads/dudleya/Dudleya_S_genomes/full_pipeline_run/results/18_admixture_replicates/cpDNA.primary.pseudo_diploid.8.rep5.P	/home/neil/Downloads/dudleya/Dudleya_S_genomes/full_pipeline_run/results/18_admixture_replicates/cpDNA.K8.rep5.admixture.log					/home/neil/Downloads/dudleya/Dudleya_S_genomes/full_pipeline_run/results/18_admixture_replicates/cpDNA.primary.admixture_cv.png	/home/neil/Downloads/dudleya/Dudleya_S_genomes/.tools/bioconda-env/bin/plink --file cpDNA.primary.pseudo_diploid --make-bed --out cpDNA.primary.pseudo_diploid	/home/neil/Downloads/dudleya/Dudleya_S_genomes/.tools/bioconda-env/bin/admixture --cv --seed=20260711 -j16 cpDNA.primary.pseudo_diploid.bed 8
mtDNA	mtdna_high_confidence_unique	1	1	0.44182000	no	no	0.44336400	0.00332705	5	1	/home/neil/Downloads/dudleya/Dudleya_S_genomes/full_pipeline_run/results/18_admixture_replicates/mtDNA.primary.pseudo_diploid.1.rep1.Q	/home/neil/Downloads/dudleya/Dudleya_S_genomes/full_pipeline_run/results/18_admixture_replicates/mtDNA.primary.pseudo_diploid.1.rep1.P	/home/neil/Downloads/dudleya/Dudleya_S_genomes/full_pipeline_run/results/18_admixture_replicates/mtDNA.K1.rep1.admixture.log					/home/neil/Downloads/dudleya/Dudleya_S_genomes/full_pipeline_run/results/18_admixture_replicates/mtDNA.primary.admixture_cv.png	/home/neil/Downloads/dudleya/Dudleya_S_genomes/.tools/bioconda-env/bin/plink --file mtDNA.primary.pseudo_diploid --make-bed --out mtDNA.primary.pseudo_diploid	/home/neil/Downloads/dudleya/Dudleya_S_genomes/.tools/bioconda-env/bin/admixture --cv --seed=20260707 -j16 mtDNA.primary.pseudo_diploid.bed 1
mtDNA	mtdna_high_confidence_unique	1	2	0.44903000	no	no	0.44336400	0.00332705	5	1	/home/neil/Downloads/dudleya/Dudleya_S_genomes/full_pipeline_run/results/18_admixture_replicates/mtDNA.primary.pseudo_diploid.1.rep2.Q	/home/neil/Downloads/dudleya/Dudleya_S_genomes/full_pipeline_run/results/18_admixture_replicates/mtDNA.primary.pseudo_diploid.1.rep2.P	/home/neil/Downloads/dudleya/Dudleya_S_genomes/full_pipeline_run/results/18_admixture_replicates/mtDNA.K1.rep2.admixture.log					/home/neil/Downloads/dudleya/Dudleya_S_genomes/full_pipeline_run/results/18_admixture_replicates/mtDNA.primary.admixture_cv.png	/home/neil/Downloads/dudleya/Dudleya_S_genomes/.tools/bioconda-env/bin/plink --file mtDNA.primary.pseudo_diploid --make-bed --out mtDNA.primary.pseudo_diploid	/home/neil/Downloads/dudleya/Dudleya_S_genomes/.tools/bioconda-env/bin/admixture --cv --seed=20260708 -j16 mtDNA.primary.pseudo_diploid.bed 1
mtDNA	mtdna_high_confidence_unique	1	3	0.44091000	no	no	0.44336400	0.00332705	5	1	/home/neil/Downloads/dudleya/Dudleya_S_genomes/full_pipeline_run/results/18_admixture_replicates/mtDNA.primary.pseudo_diploid.1.rep3.Q	/home/neil/Downloads/dudleya/Dudleya_S_genomes/full_pipeline_run/results/18_admixture_replicates/mtDNA.primary.pseudo_diploid.1.rep3.P	/home/neil/Downloads/dudleya/Dudleya_S_genomes/full_pipeline_run/results/18_admixture_replicates/mtDNA.K1.rep3.admixture.log					/home/neil/Downloads/dudleya/Dudleya_S_genomes/full_pipeline_run/results/18_admixture_replicates/mtDNA.primary.admixture_cv.png	/home/neil/Downloads/dudleya/Dudleya_S_genomes/.tools/bioconda-env/bin/plink --file mtDNA.primary.pseudo_diploid --make-bed --out mtDNA.primary.pseudo_diploid	/home/neil/Downloads/dudleya/Dudleya_S_genomes/.tools/bioconda-env/bin/admixture --cv --seed=20260709 -j16 mtDNA.primary.pseudo_diploid.bed 1
mtDNA	mtdna_high_confidence_unique	1	4	0.44362000	no	no	0.44336400	0.00332705	5	1	/home/neil/Downloads/dudleya/Dudleya_S_genomes/full_pipeline_run/results/18_admixture_replicates/mtDNA.primary.pseudo_diploid.1.rep4.Q	/home/neil/Downloads/dudleya/Dudleya_S_genomes/full_pipeline_run/results/18_admixture_replicates/mtDNA.primary.pseudo_diploid.1.rep4.P	/home/neil/Downloads/dudleya/Dudleya_S_genomes/full_pipeline_run/results/18_admixture_replicates/mtDNA.K1.rep4.admixture.log					/home/neil/Downloads/dudleya/Dudleya_S_genomes/full_pipeline_run/results/18_admixture_replicates/mtDNA.primary.admixture_cv.png	/home/neil/Downloads/dudleya/Dudleya_S_genomes/.tools/bioconda-env/bin/plink --file mtDNA.primary.pseudo_diploid --make-bed --out mtDNA.primary.pseudo_diploid	/home/neil/Downloads/dudleya/Dudleya_S_genomes/.tools/bioconda-env/bin/admixture --cv --seed=20260710 -j16 mtDNA.primary.pseudo_diploid.bed 1
mtDNA	mtdna_high_confidence_unique	1	5	0.44144000	no	no	0.44336400	0.00332705	5	1	/home/neil/Downloads/dudleya/Dudleya_S_genomes/full_pipeline_run/results/18_admixture_replicates/mtDNA.primary.pseudo_diploid.1.rep5.Q	/home/neil/Downloads/dudleya/Dudleya_S_genomes/full_pipeline_run/results/18_admixture_replicates/mtDNA.primary.pseudo_diploid.1.rep5.P	/home/neil/Downloads/dudleya/Dudleya_S_genomes/full_pipeline_run/results/18_admixture_replicates/mtDNA.K1.rep5.admixture.log					/home/neil/Downloads/dudleya/Dudleya_S_genomes/full_pipeline_run/results/18_admixture_replicates/mtDNA.primary.admixture_cv.png	/home/neil/Downloads/dudleya/Dudleya_S_genomes/.tools/bioconda-env/bin/plink --file mtDNA.primary.pseudo_diploid --make-bed --out mtDNA.primary.pseudo_diploid	/home/neil/Downloads/dudleya/Dudleya_S_genomes/.tools/bioconda-env/bin/admixture --cv --seed=20260711 -j16 mtDNA.primary.pseudo_diploid.bed 1
mtDNA	mtdna_high_confidence_unique	2	1	0.27529000	no	no	0.27600800	0.00195051	5	1	/home/neil/Downloads/dudleya/Dudleya_S_genomes/full_pipeline_run/results/18_admixture_replicates/mtDNA.primary.pseudo_diploid.2.rep1.Q	/home/neil/Downloads/dudleya/Dudleya_S_genomes/full_pipeline_run/results/18_admixture_replicates/mtDNA.primary.pseudo_diploid.2.rep1.P	/home/neil/Downloads/dudleya/Dudleya_S_genomes/full_pipeline_run/results/18_admixture_replicates/mtDNA.K2.rep1.admixture.log					/home/neil/Downloads/dudleya/Dudleya_S_genomes/full_pipeline_run/results/18_admixture_replicates/mtDNA.primary.admixture_cv.png	/home/neil/Downloads/dudleya/Dudleya_S_genomes/.tools/bioconda-env/bin/plink --file mtDNA.primary.pseudo_diploid --make-bed --out mtDNA.primary.pseudo_diploid	/home/neil/Downloads/dudleya/Dudleya_S_genomes/.tools/bioconda-env/bin/admixture --cv --seed=20260707 -j16 mtDNA.primary.pseudo_diploid.bed 2
mtDNA	mtdna_high_confidence_unique	2	2	0.27682000	no	no	0.27600800	0.00195051	5	1	/home/neil/Downloads/dudleya/Dudleya_S_genomes/full_pipeline_run/results/18_admixture_replicates/mtDNA.primary.pseudo_diploid.2.rep2.Q	/home/neil/Downloads/dudleya/Dudleya_S_genomes/full_pipeline_run/results/18_admixture_replicates/mtDNA.primary.pseudo_diploid.2.rep2.P	/home/neil/Downloads/dudleya/Dudleya_S_genomes/full_pipeline_run/results/18_admixture_replicates/mtDNA.K2.rep2.admixture.log					/home/neil/Downloads/dudleya/Dudleya_S_genomes/full_pipeline_run/results/18_admixture_replicates/mtDNA.primary.admixture_cv.png	/home/neil/Downloads/dudleya/Dudleya_S_genomes/.tools/bioconda-env/bin/plink --file mtDNA.primary.pseudo_diploid --make-bed --out mtDNA.primary.pseudo_diploid	/home/neil/Downloads/dudleya/Dudleya_S_genomes/.tools/bioconda-env/bin/admixture --cv --seed=20260708 -j16 mtDNA.primary.pseudo_diploid.bed 2
mtDNA	mtdna_high_confidence_unique	2	3	0.27498000	no	no	0.27600800	0.00195051	5	1	/home/neil/Downloads/dudleya/Dudleya_S_genomes/full_pipeline_run/results/18_admixture_replicates/mtDNA.primary.pseudo_diploid.2.rep3.Q	/home/neil/Downloads/dudleya/Dudleya_S_genomes/full_pipeline_run/results/18_admixture_replicates/mtDNA.primary.pseudo_diploid.2.rep3.P	/home/neil/Downloads/dudleya/Dudleya_S_genomes/full_pipeline_run/results/18_admixture_replicates/mtDNA.K2.rep3.admixture.log					/home/neil/Downloads/dudleya/Dudleya_S_genomes/full_pipeline_run/results/18_admixture_replicates/mtDNA.primary.admixture_cv.png	/home/neil/Downloads/dudleya/Dudleya_S_genomes/.tools/bioconda-env/bin/plink --file mtDNA.primary.pseudo_diploid --make-bed --out mtDNA.primary.pseudo_diploid	/home/neil/Downloads/dudleya/Dudleya_S_genomes/.tools/bioconda-env/bin/admixture --cv --seed=20260709 -j16 mtDNA.primary.pseudo_diploid.bed 2
mtDNA	mtdna_high_confidence_unique	2	4	0.27397000	no	no	0.27600800	0.00195051	5	1	/home/neil/Downloads/dudleya/Dudleya_S_genomes/full_pipeline_run/results/18_admixture_replicates/mtDNA.primary.pseudo_diploid.2.rep4.Q	/home/neil/Downloads/dudleya/Dudleya_S_genomes/full_pipeline_run/results/18_admixture_replicates/mtDNA.primary.pseudo_diploid.2.rep4.P	/home/neil/Downloads/dudleya/Dudleya_S_genomes/full_pipeline_run/results/18_admixture_replicates/mtDNA.K2.rep4.admixture.log					/home/neil/Downloads/dudleya/Dudleya_S_genomes/full_pipeline_run/results/18_admixture_replicates/mtDNA.primary.admixture_cv.png	/home/neil/Downloads/dudleya/Dudleya_S_genomes/.tools/bioconda-env/bin/plink --file mtDNA.primary.pseudo_diploid --make-bed --out mtDNA.primary.pseudo_diploid	/home/neil/Downloads/dudleya/Dudleya_S_genomes/.tools/bioconda-env/bin/admixture --cv --seed=20260710 -j16 mtDNA.primary.pseudo_diploid.bed 2
mtDNA	mtdna_high_confidence_unique	2	5	0.27898000	no	no	0.27600800	0.00195051	5	1	/home/neil/Downloads/dudleya/Dudleya_S_genomes/full_pipeline_run/results/18_admixture_replicates/mtDNA.primary.pseudo_diploid.2.rep5.Q	/home/neil/Downloads/dudleya/Dudleya_S_genomes/full_pipeline_run/results/18_admixture_replicates/mtDNA.primary.pseudo_diploid.2.rep5.P	/home/neil/Downloads/dudleya/Dudleya_S_genomes/full_pipeline_run/results/18_admixture_replicates/mtDNA.K2.rep5.admixture.log					/home/neil/Downloads/dudleya/Dudleya_S_genomes/full_pipeline_run/results/18_admixture_replicates/mtDNA.primary.admixture_cv.png	/home/neil/Downloads/dudleya/Dudleya_S_genomes/.tools/bioconda-env/bin/plink --file mtDNA.primary.pseudo_diploid --make-bed --out mtDNA.primary.pseudo_diploid	/home/neil/Downloads/dudleya/Dudleya_S_genomes/.tools/bioconda-env/bin/admixture --cv --seed=20260711 -j16 mtDNA.primary.pseudo_diploid.bed 2
mtDNA	mtdna_high_confidence_unique	3	1	0.23255000	no	no	0.23183200	0.00512357	5	1	/home/neil/Downloads/dudleya/Dudleya_S_genomes/full_pipeline_run/results/18_admixture_replicates/mtDNA.primary.pseudo_diploid.3.rep1.Q	/home/neil/Downloads/dudleya/Dudleya_S_genomes/full_pipeline_run/results/18_admixture_replicates/mtDNA.primary.pseudo_diploid.3.rep1.P	/home/neil/Downloads/dudleya/Dudleya_S_genomes/full_pipeline_run/results/18_admixture_replicates/mtDNA.K3.rep1.admixture.log					/home/neil/Downloads/dudleya/Dudleya_S_genomes/full_pipeline_run/results/18_admixture_replicates/mtDNA.primary.admixture_cv.png	/home/neil/Downloads/dudleya/Dudleya_S_genomes/.tools/bioconda-env/bin/plink --file mtDNA.primary.pseudo_diploid --make-bed --out mtDNA.primary.pseudo_diploid	/home/neil/Downloads/dudleya/Dudleya_S_genomes/.tools/bioconda-env/bin/admixture --cv --seed=20260707 -j16 mtDNA.primary.pseudo_diploid.bed 3
mtDNA	mtdna_high_confidence_unique	3	2	0.23941000	no	no	0.23183200	0.00512357	5	1	/home/neil/Downloads/dudleya/Dudleya_S_genomes/full_pipeline_run/results/18_admixture_replicates/mtDNA.primary.pseudo_diploid.3.rep2.Q	/home/neil/Downloads/dudleya/Dudleya_S_genomes/full_pipeline_run/results/18_admixture_replicates/mtDNA.primary.pseudo_diploid.3.rep2.P	/home/neil/Downloads/dudleya/Dudleya_S_genomes/full_pipeline_run/results/18_admixture_replicates/mtDNA.K3.rep2.admixture.log					/home/neil/Downloads/dudleya/Dudleya_S_genomes/full_pipeline_run/results/18_admixture_replicates/mtDNA.primary.admixture_cv.png	/home/neil/Downloads/dudleya/Dudleya_S_genomes/.tools/bioconda-env/bin/plink --file mtDNA.primary.pseudo_diploid --make-bed --out mtDNA.primary.pseudo_diploid	/home/neil/Downloads/dudleya/Dudleya_S_genomes/.tools/bioconda-env/bin/admixture --cv --seed=20260708 -j16 mtDNA.primary.pseudo_diploid.bed 3
mtDNA	mtdna_high_confidence_unique	3	3	0.22511000	no	no	0.23183200	0.00512357	5	1	/home/neil/Downloads/dudleya/Dudleya_S_genomes/full_pipeline_run/results/18_admixture_replicates/mtDNA.primary.pseudo_diploid.3.rep3.Q	/home/neil/Downloads/dudleya/Dudleya_S_genomes/full_pipeline_run/results/18_admixture_replicates/mtDNA.primary.pseudo_diploid.3.rep3.P	/home/neil/Downloads/dudleya/Dudleya_S_genomes/full_pipeline_run/results/18_admixture_replicates/mtDNA.K3.rep3.admixture.log					/home/neil/Downloads/dudleya/Dudleya_S_genomes/full_pipeline_run/results/18_admixture_replicates/mtDNA.primary.admixture_cv.png	/home/neil/Downloads/dudleya/Dudleya_S_genomes/.tools/bioconda-env/bin/plink --file mtDNA.primary.pseudo_diploid --make-bed --out mtDNA.primary.pseudo_diploid	/home/neil/Downloads/dudleya/Dudleya_S_genomes/.tools/bioconda-env/bin/admixture --cv --seed=20260709 -j16 mtDNA.primary.pseudo_diploid.bed 3
mtDNA	mtdna_high_confidence_unique	3	4	0.23161000	no	no	0.23183200	0.00512357	5	1	/home/neil/Downloads/dudleya/Dudleya_S_genomes/full_pipeline_run/results/18_admixture_replicates/mtDNA.primary.pseudo_diploid.3.rep4.Q	/home/neil/Downloads/dudleya/Dudleya_S_genomes/full_pipeline_run/results/18_admixture_replicates/mtDNA.primary.pseudo_diploid.3.rep4.P	/home/neil/Downloads/dudleya/Dudleya_S_genomes/full_pipeline_run/results/18_admixture_replicates/mtDNA.K3.rep4.admixture.log					/home/neil/Downloads/dudleya/Dudleya_S_genomes/full_pipeline_run/results/18_admixture_replicates/mtDNA.primary.admixture_cv.png	/home/neil/Downloads/dudleya/Dudleya_S_genomes/.tools/bioconda-env/bin/plink --file mtDNA.primary.pseudo_diploid --make-bed --out mtDNA.primary.pseudo_diploid	/home/neil/Downloads/dudleya/Dudleya_S_genomes/.tools/bioconda-env/bin/admixture --cv --seed=20260710 -j16 mtDNA.primary.pseudo_diploid.bed 3
mtDNA	mtdna_high_confidence_unique	3	5	0.23048000	no	no	0.23183200	0.00512357	5	1	/home/neil/Downloads/dudleya/Dudleya_S_genomes/full_pipeline_run/results/18_admixture_replicates/mtDNA.primary.pseudo_diploid.3.rep5.Q	/home/neil/Downloads/dudleya/Dudleya_S_genomes/full_pipeline_run/results/18_admixture_replicates/mtDNA.primary.pseudo_diploid.3.rep5.P	/home/neil/Downloads/dudleya/Dudleya_S_genomes/full_pipeline_run/results/18_admixture_replicates/mtDNA.K3.rep5.admixture.log					/home/neil/Downloads/dudleya/Dudleya_S_genomes/full_pipeline_run/results/18_admixture_replicates/mtDNA.primary.admixture_cv.png	/home/neil/Downloads/dudleya/Dudleya_S_genomes/.tools/bioconda-env/bin/plink --file mtDNA.primary.pseudo_diploid --make-bed --out mtDNA.primary.pseudo_diploid	/home/neil/Downloads/dudleya/Dudleya_S_genomes/.tools/bioconda-env/bin/admixture --cv --seed=20260711 -j16 mtDNA.primary.pseudo_diploid.bed 3
mtDNA	mtdna_high_confidence_unique	4	1	0.19209000	no	no	0.19303600	0.00441710	5	1	/home/neil/Downloads/dudleya/Dudleya_S_genomes/full_pipeline_run/results/18_admixture_replicates/mtDNA.primary.pseudo_diploid.4.rep1.Q	/home/neil/Downloads/dudleya/Dudleya_S_genomes/full_pipeline_run/results/18_admixture_replicates/mtDNA.primary.pseudo_diploid.4.rep1.P	/home/neil/Downloads/dudleya/Dudleya_S_genomes/full_pipeline_run/results/18_admixture_replicates/mtDNA.K4.rep1.admixture.log					/home/neil/Downloads/dudleya/Dudleya_S_genomes/full_pipeline_run/results/18_admixture_replicates/mtDNA.primary.admixture_cv.png	/home/neil/Downloads/dudleya/Dudleya_S_genomes/.tools/bioconda-env/bin/plink --file mtDNA.primary.pseudo_diploid --make-bed --out mtDNA.primary.pseudo_diploid	/home/neil/Downloads/dudleya/Dudleya_S_genomes/.tools/bioconda-env/bin/admixture --cv --seed=20260707 -j16 mtDNA.primary.pseudo_diploid.bed 4
mtDNA	mtdna_high_confidence_unique	4	2	0.18950000	no	no	0.19303600	0.00441710	5	1	/home/neil/Downloads/dudleya/Dudleya_S_genomes/full_pipeline_run/results/18_admixture_replicates/mtDNA.primary.pseudo_diploid.4.rep2.Q	/home/neil/Downloads/dudleya/Dudleya_S_genomes/full_pipeline_run/results/18_admixture_replicates/mtDNA.primary.pseudo_diploid.4.rep2.P	/home/neil/Downloads/dudleya/Dudleya_S_genomes/full_pipeline_run/results/18_admixture_replicates/mtDNA.K4.rep2.admixture.log					/home/neil/Downloads/dudleya/Dudleya_S_genomes/full_pipeline_run/results/18_admixture_replicates/mtDNA.primary.admixture_cv.png	/home/neil/Downloads/dudleya/Dudleya_S_genomes/.tools/bioconda-env/bin/plink --file mtDNA.primary.pseudo_diploid --make-bed --out mtDNA.primary.pseudo_diploid	/home/neil/Downloads/dudleya/Dudleya_S_genomes/.tools/bioconda-env/bin/admixture --cv --seed=20260708 -j16 mtDNA.primary.pseudo_diploid.bed 4
mtDNA	mtdna_high_confidence_unique	4	3	0.19433000	no	no	0.19303600	0.00441710	5	1	/home/neil/Downloads/dudleya/Dudleya_S_genomes/full_pipeline_run/results/18_admixture_replicates/mtDNA.primary.pseudo_diploid.4.rep3.Q	/home/neil/Downloads/dudleya/Dudleya_S_genomes/full_pipeline_run/results/18_admixture_replicates/mtDNA.primary.pseudo_diploid.4.rep3.P	/home/neil/Downloads/dudleya/Dudleya_S_genomes/full_pipeline_run/results/18_admixture_replicates/mtDNA.K4.rep3.admixture.log					/home/neil/Downloads/dudleya/Dudleya_S_genomes/full_pipeline_run/results/18_admixture_replicates/mtDNA.primary.admixture_cv.png	/home/neil/Downloads/dudleya/Dudleya_S_genomes/.tools/bioconda-env/bin/plink --file mtDNA.primary.pseudo_diploid --make-bed --out mtDNA.primary.pseudo_diploid	/home/neil/Downloads/dudleya/Dudleya_S_genomes/.tools/bioconda-env/bin/admixture --cv --seed=20260709 -j16 mtDNA.primary.pseudo_diploid.bed 4
mtDNA	mtdna_high_confidence_unique	4	4	0.18925000	no	no	0.19303600	0.00441710	5	1	/home/neil/Downloads/dudleya/Dudleya_S_genomes/full_pipeline_run/results/18_admixture_replicates/mtDNA.primary.pseudo_diploid.4.rep4.Q	/home/neil/Downloads/dudleya/Dudleya_S_genomes/full_pipeline_run/results/18_admixture_replicates/mtDNA.primary.pseudo_diploid.4.rep4.P	/home/neil/Downloads/dudleya/Dudleya_S_genomes/full_pipeline_run/results/18_admixture_replicates/mtDNA.K4.rep4.admixture.log					/home/neil/Downloads/dudleya/Dudleya_S_genomes/full_pipeline_run/results/18_admixture_replicates/mtDNA.primary.admixture_cv.png	/home/neil/Downloads/dudleya/Dudleya_S_genomes/.tools/bioconda-env/bin/plink --file mtDNA.primary.pseudo_diploid --make-bed --out mtDNA.primary.pseudo_diploid	/home/neil/Downloads/dudleya/Dudleya_S_genomes/.tools/bioconda-env/bin/admixture --cv --seed=20260710 -j16 mtDNA.primary.pseudo_diploid.bed 4
mtDNA	mtdna_high_confidence_unique	4	5	0.20001000	no	no	0.19303600	0.00441710	5	1	/home/neil/Downloads/dudleya/Dudleya_S_genomes/full_pipeline_run/results/18_admixture_replicates/mtDNA.primary.pseudo_diploid.4.rep5.Q	/home/neil/Downloads/dudleya/Dudleya_S_genomes/full_pipeline_run/results/18_admixture_replicates/mtDNA.primary.pseudo_diploid.4.rep5.P	/home/neil/Downloads/dudleya/Dudleya_S_genomes/full_pipeline_run/results/18_admixture_replicates/mtDNA.K4.rep5.admixture.log					/home/neil/Downloads/dudleya/Dudleya_S_genomes/full_pipeline_run/results/18_admixture_replicates/mtDNA.primary.admixture_cv.png	/home/neil/Downloads/dudleya/Dudleya_S_genomes/.tools/bioconda-env/bin/plink --file mtDNA.primary.pseudo_diploid --make-bed --out mtDNA.primary.pseudo_diploid	/home/neil/Downloads/dudleya/Dudleya_S_genomes/.tools/bioconda-env/bin/admixture --cv --seed=20260711 -j16 mtDNA.primary.pseudo_diploid.bed 4
mtDNA	mtdna_high_confidence_unique	5	1	0.16558000	no	no	0.16663400	0.00675772	5	1	/home/neil/Downloads/dudleya/Dudleya_S_genomes/full_pipeline_run/results/18_admixture_replicates/mtDNA.primary.pseudo_diploid.5.rep1.Q	/home/neil/Downloads/dudleya/Dudleya_S_genomes/full_pipeline_run/results/18_admixture_replicates/mtDNA.primary.pseudo_diploid.5.rep1.P	/home/neil/Downloads/dudleya/Dudleya_S_genomes/full_pipeline_run/results/18_admixture_replicates/mtDNA.K5.rep1.admixture.log					/home/neil/Downloads/dudleya/Dudleya_S_genomes/full_pipeline_run/results/18_admixture_replicates/mtDNA.primary.admixture_cv.png	/home/neil/Downloads/dudleya/Dudleya_S_genomes/.tools/bioconda-env/bin/plink --file mtDNA.primary.pseudo_diploid --make-bed --out mtDNA.primary.pseudo_diploid	/home/neil/Downloads/dudleya/Dudleya_S_genomes/.tools/bioconda-env/bin/admixture --cv --seed=20260707 -j16 mtDNA.primary.pseudo_diploid.bed 5
mtDNA	mtdna_high_confidence_unique	5	2	0.16078000	no	no	0.16663400	0.00675772	5	1	/home/neil/Downloads/dudleya/Dudleya_S_genomes/full_pipeline_run/results/18_admixture_replicates/mtDNA.primary.pseudo_diploid.5.rep2.Q	/home/neil/Downloads/dudleya/Dudleya_S_genomes/full_pipeline_run/results/18_admixture_replicates/mtDNA.primary.pseudo_diploid.5.rep2.P	/home/neil/Downloads/dudleya/Dudleya_S_genomes/full_pipeline_run/results/18_admixture_replicates/mtDNA.K5.rep2.admixture.log					/home/neil/Downloads/dudleya/Dudleya_S_genomes/full_pipeline_run/results/18_admixture_replicates/mtDNA.primary.admixture_cv.png	/home/neil/Downloads/dudleya/Dudleya_S_genomes/.tools/bioconda-env/bin/plink --file mtDNA.primary.pseudo_diploid --make-bed --out mtDNA.primary.pseudo_diploid	/home/neil/Downloads/dudleya/Dudleya_S_genomes/.tools/bioconda-env/bin/admixture --cv --seed=20260708 -j16 mtDNA.primary.pseudo_diploid.bed 5
mtDNA	mtdna_high_confidence_unique	5	3	0.17150000	no	no	0.16663400	0.00675772	5	1	/home/neil/Downloads/dudleya/Dudleya_S_genomes/full_pipeline_run/results/18_admixture_replicates/mtDNA.primary.pseudo_diploid.5.rep3.Q	/home/neil/Downloads/dudleya/Dudleya_S_genomes/full_pipeline_run/results/18_admixture_replicates/mtDNA.primary.pseudo_diploid.5.rep3.P	/home/neil/Downloads/dudleya/Dudleya_S_genomes/full_pipeline_run/results/18_admixture_replicates/mtDNA.K5.rep3.admixture.log					/home/neil/Downloads/dudleya/Dudleya_S_genomes/full_pipeline_run/results/18_admixture_replicates/mtDNA.primary.admixture_cv.png	/home/neil/Downloads/dudleya/Dudleya_S_genomes/.tools/bioconda-env/bin/plink --file mtDNA.primary.pseudo_diploid --make-bed --out mtDNA.primary.pseudo_diploid	/home/neil/Downloads/dudleya/Dudleya_S_genomes/.tools/bioconda-env/bin/admixture --cv --seed=20260709 -j16 mtDNA.primary.pseudo_diploid.bed 5
mtDNA	mtdna_high_confidence_unique	5	4	0.17545000	no	no	0.16663400	0.00675772	5	1	/home/neil/Downloads/dudleya/Dudleya_S_genomes/full_pipeline_run/results/18_admixture_replicates/mtDNA.primary.pseudo_diploid.5.rep4.Q	/home/neil/Downloads/dudleya/Dudleya_S_genomes/full_pipeline_run/results/18_admixture_replicates/mtDNA.primary.pseudo_diploid.5.rep4.P	/home/neil/Downloads/dudleya/Dudleya_S_genomes/full_pipeline_run/results/18_admixture_replicates/mtDNA.K5.rep4.admixture.log					/home/neil/Downloads/dudleya/Dudleya_S_genomes/full_pipeline_run/results/18_admixture_replicates/mtDNA.primary.admixture_cv.png	/home/neil/Downloads/dudleya/Dudleya_S_genomes/.tools/bioconda-env/bin/plink --file mtDNA.primary.pseudo_diploid --make-bed --out mtDNA.primary.pseudo_diploid	/home/neil/Downloads/dudleya/Dudleya_S_genomes/.tools/bioconda-env/bin/admixture --cv --seed=20260710 -j16 mtDNA.primary.pseudo_diploid.bed 5
mtDNA	mtdna_high_confidence_unique	5	5	0.15986000	no	no	0.16663400	0.00675772	5	1	/home/neil/Downloads/dudleya/Dudleya_S_genomes/full_pipeline_run/results/18_admixture_replicates/mtDNA.primary.pseudo_diploid.5.rep5.Q	/home/neil/Downloads/dudleya/Dudleya_S_genomes/full_pipeline_run/results/18_admixture_replicates/mtDNA.primary.pseudo_diploid.5.rep5.P	/home/neil/Downloads/dudleya/Dudleya_S_genomes/full_pipeline_run/results/18_admixture_replicates/mtDNA.K5.rep5.admixture.log					/home/neil/Downloads/dudleya/Dudleya_S_genomes/full_pipeline_run/results/18_admixture_replicates/mtDNA.primary.admixture_cv.png	/home/neil/Downloads/dudleya/Dudleya_S_genomes/.tools/bioconda-env/bin/plink --file mtDNA.primary.pseudo_diploid --make-bed --out mtDNA.primary.pseudo_diploid	/home/neil/Downloads/dudleya/Dudleya_S_genomes/.tools/bioconda-env/bin/admixture --cv --seed=20260711 -j16 mtDNA.primary.pseudo_diploid.bed 5
mtDNA	mtdna_high_confidence_unique	6	1	0.12536000	no	no	0.14348800	0.01057158	5	1	/home/neil/Downloads/dudleya/Dudleya_S_genomes/full_pipeline_run/results/18_admixture_replicates/mtDNA.primary.pseudo_diploid.6.rep1.Q	/home/neil/Downloads/dudleya/Dudleya_S_genomes/full_pipeline_run/results/18_admixture_replicates/mtDNA.primary.pseudo_diploid.6.rep1.P	/home/neil/Downloads/dudleya/Dudleya_S_genomes/full_pipeline_run/results/18_admixture_replicates/mtDNA.K6.rep1.admixture.log					/home/neil/Downloads/dudleya/Dudleya_S_genomes/full_pipeline_run/results/18_admixture_replicates/mtDNA.primary.admixture_cv.png	/home/neil/Downloads/dudleya/Dudleya_S_genomes/.tools/bioconda-env/bin/plink --file mtDNA.primary.pseudo_diploid --make-bed --out mtDNA.primary.pseudo_diploid	/home/neil/Downloads/dudleya/Dudleya_S_genomes/.tools/bioconda-env/bin/admixture --cv --seed=20260707 -j16 mtDNA.primary.pseudo_diploid.bed 6
mtDNA	mtdna_high_confidence_unique	6	2	0.15261000	no	no	0.14348800	0.01057158	5	1	/home/neil/Downloads/dudleya/Dudleya_S_genomes/full_pipeline_run/results/18_admixture_replicates/mtDNA.primary.pseudo_diploid.6.rep2.Q	/home/neil/Downloads/dudleya/Dudleya_S_genomes/full_pipeline_run/results/18_admixture_replicates/mtDNA.primary.pseudo_diploid.6.rep2.P	/home/neil/Downloads/dudleya/Dudleya_S_genomes/full_pipeline_run/results/18_admixture_replicates/mtDNA.K6.rep2.admixture.log					/home/neil/Downloads/dudleya/Dudleya_S_genomes/full_pipeline_run/results/18_admixture_replicates/mtDNA.primary.admixture_cv.png	/home/neil/Downloads/dudleya/Dudleya_S_genomes/.tools/bioconda-env/bin/plink --file mtDNA.primary.pseudo_diploid --make-bed --out mtDNA.primary.pseudo_diploid	/home/neil/Downloads/dudleya/Dudleya_S_genomes/.tools/bioconda-env/bin/admixture --cv --seed=20260708 -j16 mtDNA.primary.pseudo_diploid.bed 6
mtDNA	mtdna_high_confidence_unique	6	3	0.14489000	no	no	0.14348800	0.01057158	5	1	/home/neil/Downloads/dudleya/Dudleya_S_genomes/full_pipeline_run/results/18_admixture_replicates/mtDNA.primary.pseudo_diploid.6.rep3.Q	/home/neil/Downloads/dudleya/Dudleya_S_genomes/full_pipeline_run/results/18_admixture_replicates/mtDNA.primary.pseudo_diploid.6.rep3.P	/home/neil/Downloads/dudleya/Dudleya_S_genomes/full_pipeline_run/results/18_admixture_replicates/mtDNA.K6.rep3.admixture.log					/home/neil/Downloads/dudleya/Dudleya_S_genomes/full_pipeline_run/results/18_admixture_replicates/mtDNA.primary.admixture_cv.png	/home/neil/Downloads/dudleya/Dudleya_S_genomes/.tools/bioconda-env/bin/plink --file mtDNA.primary.pseudo_diploid --make-bed --out mtDNA.primary.pseudo_diploid	/home/neil/Downloads/dudleya/Dudleya_S_genomes/.tools/bioconda-env/bin/admixture --cv --seed=20260709 -j16 mtDNA.primary.pseudo_diploid.bed 6
mtDNA	mtdna_high_confidence_unique	6	4	0.14876000	no	no	0.14348800	0.01057158	5	1	/home/neil/Downloads/dudleya/Dudleya_S_genomes/full_pipeline_run/results/18_admixture_replicates/mtDNA.primary.pseudo_diploid.6.rep4.Q	/home/neil/Downloads/dudleya/Dudleya_S_genomes/full_pipeline_run/results/18_admixture_replicates/mtDNA.primary.pseudo_diploid.6.rep4.P	/home/neil/Downloads/dudleya/Dudleya_S_genomes/full_pipeline_run/results/18_admixture_replicates/mtDNA.K6.rep4.admixture.log					/home/neil/Downloads/dudleya/Dudleya_S_genomes/full_pipeline_run/results/18_admixture_replicates/mtDNA.primary.admixture_cv.png	/home/neil/Downloads/dudleya/Dudleya_S_genomes/.tools/bioconda-env/bin/plink --file mtDNA.primary.pseudo_diploid --make-bed --out mtDNA.primary.pseudo_diploid	/home/neil/Downloads/dudleya/Dudleya_S_genomes/.tools/bioconda-env/bin/admixture --cv --seed=20260710 -j16 mtDNA.primary.pseudo_diploid.bed 6
mtDNA	mtdna_high_confidence_unique	6	5	0.14582000	no	no	0.14348800	0.01057158	5	1	/home/neil/Downloads/dudleya/Dudleya_S_genomes/full_pipeline_run/results/18_admixture_replicates/mtDNA.primary.pseudo_diploid.6.rep5.Q	/home/neil/Downloads/dudleya/Dudleya_S_genomes/full_pipeline_run/results/18_admixture_replicates/mtDNA.primary.pseudo_diploid.6.rep5.P	/home/neil/Downloads/dudleya/Dudleya_S_genomes/full_pipeline_run/results/18_admixture_replicates/mtDNA.K6.rep5.admixture.log					/home/neil/Downloads/dudleya/Dudleya_S_genomes/full_pipeline_run/results/18_admixture_replicates/mtDNA.primary.admixture_cv.png	/home/neil/Downloads/dudleya/Dudleya_S_genomes/.tools/bioconda-env/bin/plink --file mtDNA.primary.pseudo_diploid --make-bed --out mtDNA.primary.pseudo_diploid	/home/neil/Downloads/dudleya/Dudleya_S_genomes/.tools/bioconda-env/bin/admixture --cv --seed=20260711 -j16 mtDNA.primary.pseudo_diploid.bed 6
mtDNA	mtdna_high_confidence_unique	7	1	0.13750000	no	no	0.13310200	0.01247851	5	1	/home/neil/Downloads/dudleya/Dudleya_S_genomes/full_pipeline_run/results/18_admixture_replicates/mtDNA.primary.pseudo_diploid.7.rep1.Q	/home/neil/Downloads/dudleya/Dudleya_S_genomes/full_pipeline_run/results/18_admixture_replicates/mtDNA.primary.pseudo_diploid.7.rep1.P	/home/neil/Downloads/dudleya/Dudleya_S_genomes/full_pipeline_run/results/18_admixture_replicates/mtDNA.K7.rep1.admixture.log					/home/neil/Downloads/dudleya/Dudleya_S_genomes/full_pipeline_run/results/18_admixture_replicates/mtDNA.primary.admixture_cv.png	/home/neil/Downloads/dudleya/Dudleya_S_genomes/.tools/bioconda-env/bin/plink --file mtDNA.primary.pseudo_diploid --make-bed --out mtDNA.primary.pseudo_diploid	/home/neil/Downloads/dudleya/Dudleya_S_genomes/.tools/bioconda-env/bin/admixture --cv --seed=20260707 -j16 mtDNA.primary.pseudo_diploid.bed 7
mtDNA	mtdna_high_confidence_unique	7	2	0.14790000	no	no	0.13310200	0.01247851	5	1	/home/neil/Downloads/dudleya/Dudleya_S_genomes/full_pipeline_run/results/18_admixture_replicates/mtDNA.primary.pseudo_diploid.7.rep2.Q	/home/neil/Downloads/dudleya/Dudleya_S_genomes/full_pipeline_run/results/18_admixture_replicates/mtDNA.primary.pseudo_diploid.7.rep2.P	/home/neil/Downloads/dudleya/Dudleya_S_genomes/full_pipeline_run/results/18_admixture_replicates/mtDNA.K7.rep2.admixture.log					/home/neil/Downloads/dudleya/Dudleya_S_genomes/full_pipeline_run/results/18_admixture_replicates/mtDNA.primary.admixture_cv.png	/home/neil/Downloads/dudleya/Dudleya_S_genomes/.tools/bioconda-env/bin/plink --file mtDNA.primary.pseudo_diploid --make-bed --out mtDNA.primary.pseudo_diploid	/home/neil/Downloads/dudleya/Dudleya_S_genomes/.tools/bioconda-env/bin/admixture --cv --seed=20260708 -j16 mtDNA.primary.pseudo_diploid.bed 7
mtDNA	mtdna_high_confidence_unique	7	3	0.13275000	no	no	0.13310200	0.01247851	5	1	/home/neil/Downloads/dudleya/Dudleya_S_genomes/full_pipeline_run/results/18_admixture_replicates/mtDNA.primary.pseudo_diploid.7.rep3.Q	/home/neil/Downloads/dudleya/Dudleya_S_genomes/full_pipeline_run/results/18_admixture_replicates/mtDNA.primary.pseudo_diploid.7.rep3.P	/home/neil/Downloads/dudleya/Dudleya_S_genomes/full_pipeline_run/results/18_admixture_replicates/mtDNA.K7.rep3.admixture.log					/home/neil/Downloads/dudleya/Dudleya_S_genomes/full_pipeline_run/results/18_admixture_replicates/mtDNA.primary.admixture_cv.png	/home/neil/Downloads/dudleya/Dudleya_S_genomes/.tools/bioconda-env/bin/plink --file mtDNA.primary.pseudo_diploid --make-bed --out mtDNA.primary.pseudo_diploid	/home/neil/Downloads/dudleya/Dudleya_S_genomes/.tools/bioconda-env/bin/admixture --cv --seed=20260709 -j16 mtDNA.primary.pseudo_diploid.bed 7
mtDNA	mtdna_high_confidence_unique	7	4	0.11351000	no	no	0.13310200	0.01247851	5	1	/home/neil/Downloads/dudleya/Dudleya_S_genomes/full_pipeline_run/results/18_admixture_replicates/mtDNA.primary.pseudo_diploid.7.rep4.Q	/home/neil/Downloads/dudleya/Dudleya_S_genomes/full_pipeline_run/results/18_admixture_replicates/mtDNA.primary.pseudo_diploid.7.rep4.P	/home/neil/Downloads/dudleya/Dudleya_S_genomes/full_pipeline_run/results/18_admixture_replicates/mtDNA.K7.rep4.admixture.log					/home/neil/Downloads/dudleya/Dudleya_S_genomes/full_pipeline_run/results/18_admixture_replicates/mtDNA.primary.admixture_cv.png	/home/neil/Downloads/dudleya/Dudleya_S_genomes/.tools/bioconda-env/bin/plink --file mtDNA.primary.pseudo_diploid --make-bed --out mtDNA.primary.pseudo_diploid	/home/neil/Downloads/dudleya/Dudleya_S_genomes/.tools/bioconda-env/bin/admixture --cv --seed=20260710 -j16 mtDNA.primary.pseudo_diploid.bed 7
mtDNA	mtdna_high_confidence_unique	7	5	0.13385000	no	no	0.13310200	0.01247851	5	1	/home/neil/Downloads/dudleya/Dudleya_S_genomes/full_pipeline_run/results/18_admixture_replicates/mtDNA.primary.pseudo_diploid.7.rep5.Q	/home/neil/Downloads/dudleya/Dudleya_S_genomes/full_pipeline_run/results/18_admixture_replicates/mtDNA.primary.pseudo_diploid.7.rep5.P	/home/neil/Downloads/dudleya/Dudleya_S_genomes/full_pipeline_run/results/18_admixture_replicates/mtDNA.K7.rep5.admixture.log					/home/neil/Downloads/dudleya/Dudleya_S_genomes/full_pipeline_run/results/18_admixture_replicates/mtDNA.primary.admixture_cv.png	/home/neil/Downloads/dudleya/Dudleya_S_genomes/.tools/bioconda-env/bin/plink --file mtDNA.primary.pseudo_diploid --make-bed --out mtDNA.primary.pseudo_diploid	/home/neil/Downloads/dudleya/Dudleya_S_genomes/.tools/bioconda-env/bin/admixture --cv --seed=20260711 -j16 mtDNA.primary.pseudo_diploid.bed 7
mtDNA	mtdna_high_confidence_unique	8	1	0.11165000	no	yes	0.11156800	0.00604363	5	1	/home/neil/Downloads/dudleya/Dudleya_S_genomes/full_pipeline_run/results/18_admixture_replicates/mtDNA.primary.pseudo_diploid.8.rep1.Q	/home/neil/Downloads/dudleya/Dudleya_S_genomes/full_pipeline_run/results/18_admixture_replicates/mtDNA.primary.pseudo_diploid.8.rep1.P	/home/neil/Downloads/dudleya/Dudleya_S_genomes/full_pipeline_run/results/18_admixture_replicates/mtDNA.K8.rep1.admixture.log					/home/neil/Downloads/dudleya/Dudleya_S_genomes/full_pipeline_run/results/18_admixture_replicates/mtDNA.primary.admixture_cv.png	/home/neil/Downloads/dudleya/Dudleya_S_genomes/.tools/bioconda-env/bin/plink --file mtDNA.primary.pseudo_diploid --make-bed --out mtDNA.primary.pseudo_diploid	/home/neil/Downloads/dudleya/Dudleya_S_genomes/.tools/bioconda-env/bin/admixture --cv --seed=20260707 -j16 mtDNA.primary.pseudo_diploid.bed 8
mtDNA	mtdna_high_confidence_unique	8	2	0.11194000	no	yes	0.11156800	0.00604363	5	1	/home/neil/Downloads/dudleya/Dudleya_S_genomes/full_pipeline_run/results/18_admixture_replicates/mtDNA.primary.pseudo_diploid.8.rep2.Q	/home/neil/Downloads/dudleya/Dudleya_S_genomes/full_pipeline_run/results/18_admixture_replicates/mtDNA.primary.pseudo_diploid.8.rep2.P	/home/neil/Downloads/dudleya/Dudleya_S_genomes/full_pipeline_run/results/18_admixture_replicates/mtDNA.K8.rep2.admixture.log					/home/neil/Downloads/dudleya/Dudleya_S_genomes/full_pipeline_run/results/18_admixture_replicates/mtDNA.primary.admixture_cv.png	/home/neil/Downloads/dudleya/Dudleya_S_genomes/.tools/bioconda-env/bin/plink --file mtDNA.primary.pseudo_diploid --make-bed --out mtDNA.primary.pseudo_diploid	/home/neil/Downloads/dudleya/Dudleya_S_genomes/.tools/bioconda-env/bin/admixture --cv --seed=20260708 -j16 mtDNA.primary.pseudo_diploid.bed 8
mtDNA	mtdna_high_confidence_unique	8	3	0.12126000	no	yes	0.11156800	0.00604363	5	1	/home/neil/Downloads/dudleya/Dudleya_S_genomes/full_pipeline_run/results/18_admixture_replicates/mtDNA.primary.pseudo_diploid.8.rep3.Q	/home/neil/Downloads/dudleya/Dudleya_S_genomes/full_pipeline_run/results/18_admixture_replicates/mtDNA.primary.pseudo_diploid.8.rep3.P	/home/neil/Downloads/dudleya/Dudleya_S_genomes/full_pipeline_run/results/18_admixture_replicates/mtDNA.K8.rep3.admixture.log					/home/neil/Downloads/dudleya/Dudleya_S_genomes/full_pipeline_run/results/18_admixture_replicates/mtDNA.primary.admixture_cv.png	/home/neil/Downloads/dudleya/Dudleya_S_genomes/.tools/bioconda-env/bin/plink --file mtDNA.primary.pseudo_diploid --make-bed --out mtDNA.primary.pseudo_diploid	/home/neil/Downloads/dudleya/Dudleya_S_genomes/.tools/bioconda-env/bin/admixture --cv --seed=20260709 -j16 mtDNA.primary.pseudo_diploid.bed 8
mtDNA	mtdna_high_confidence_unique	8	4	0.10702000	no	yes	0.11156800	0.00604363	5	1	/home/neil/Downloads/dudleya/Dudleya_S_genomes/full_pipeline_run/results/18_admixture_replicates/mtDNA.primary.pseudo_diploid.8.rep4.Q	/home/neil/Downloads/dudleya/Dudleya_S_genomes/full_pipeline_run/results/18_admixture_replicates/mtDNA.primary.pseudo_diploid.8.rep4.P	/home/neil/Downloads/dudleya/Dudleya_S_genomes/full_pipeline_run/results/18_admixture_replicates/mtDNA.K8.rep4.admixture.log					/home/neil/Downloads/dudleya/Dudleya_S_genomes/full_pipeline_run/results/18_admixture_replicates/mtDNA.primary.admixture_cv.png	/home/neil/Downloads/dudleya/Dudleya_S_genomes/.tools/bioconda-env/bin/plink --file mtDNA.primary.pseudo_diploid --make-bed --out mtDNA.primary.pseudo_diploid	/home/neil/Downloads/dudleya/Dudleya_S_genomes/.tools/bioconda-env/bin/admixture --cv --seed=20260710 -j16 mtDNA.primary.pseudo_diploid.bed 8
mtDNA	mtdna_high_confidence_unique	8	5	0.10597000	yes	yes	0.11156800	0.00604363	5	1	/home/neil/Downloads/dudleya/Dudleya_S_genomes/full_pipeline_run/results/18_admixture_replicates/mtDNA.primary.pseudo_diploid.8.rep5.Q	/home/neil/Downloads/dudleya/Dudleya_S_genomes/full_pipeline_run/results/18_admixture_replicates/mtDNA.primary.pseudo_diploid.8.rep5.P	/home/neil/Downloads/dudleya/Dudleya_S_genomes/full_pipeline_run/results/18_admixture_replicates/mtDNA.K8.rep5.admixture.log	/home/neil/Downloads/dudleya/Dudleya_S_genomes/full_pipeline_run/results/18_admixture_replicates/mtDNA.primary.bestK8.q.tsv	/home/neil/Downloads/dudleya/Dudleya_S_genomes/full_pipeline_run/results/18_admixture_replicates/mtDNA.primary.bestK8.structure.png	/home/neil/Downloads/dudleya/Dudleya_S_genomes/full_pipeline_run/results/18_admixture_replicates/mtDNA.primary.bestK8.structure.pdf	/home/neil/Downloads/dudleya/Dudleya_S_genomes/full_pipeline_run/results/18_admixture_replicates/mtDNA.primary.bestK8.structure.svg	/home/neil/Downloads/dudleya/Dudleya_S_genomes/full_pipeline_run/results/18_admixture_replicates/mtDNA.primary.admixture_cv.png	/home/neil/Downloads/dudleya/Dudleya_S_genomes/.tools/bioconda-env/bin/plink --file mtDNA.primary.pseudo_diploid --make-bed --out mtDNA.primary.pseudo_diploid	/home/neil/Downloads/dudleya/Dudleya_S_genomes/.tools/bioconda-env/bin/admixture --cv --seed=20260711 -j16 mtDNA.primary.pseudo_diploid.bed 8
