organelle	gene	product	query_start	query_end	strand	method	confidence	pident	homology_coverage	length_nt	length_mod3	start_codon	stop_codon	internal_stop_count	ref_accession	ref_cds_length_nt	ref_protein_length_aa	length_ratio_vs_ref	status	reasons	caveats
chloroplast	atpA	ATP synthase CF1 alpha subunit	100	1623	-	blastn_feature_transfer	high	99.672	1.0	1524	0	ATG	TAA	0	PX244389.1	1524	507	1.0	PASS	none	none
chloroplast	atpF	ATP synthase CF0 subunit b	1685	2158	-	tblastn_protein_transfer	high	86.076	0.859	474	0	ATT	GAT	2	PX244393.1	555	184	0.854	WARN	non_ATG_start:ATT;no_terminal_stop:GAT;internal_stop_count:2	possible_alt_start_or_endpoint_transfer_artifact;protein_transfer_interval_may_not_include_exact_gene_boundaries;reference_CDS_is_compound_or_spliced
chloroplast	atpH	ATP synthase CF0 subunit III	3358	3603	-	blastn_feature_transfer	high	99.593	1.0	246	0	ATG	TAA	0	PX244389.1	246	81	1.0	PASS	none	none
chloroplast	atpI	ATP synthase CF0 subunit a	4279	5013	-	blastn_feature_transfer	high	99.728	1.0	735	0	ATG	TGA	0	PX244389.1	735	244	1.0	PASS	none	none
chloroplast	rps2	ribosomal protein S2	5204	5914	-	blastn_feature_transfer	high	99.297	1.0	711	0	ATG	TGA	0	PX244393.1	711	236	1.0	PASS	none	none
chloroplast	rpoC2	RNA polymerase beta'' subunit	6224	10315	-	blastn_feature_transfer	high	99.56	1.0	4092	0	ATG	TAA	0	PX244389.1	4092	1363	1.0	PASS	none	none
chloroplast	rpoC1	RNA polymerase beta' subunit	10476	12094	-	blastn_feature_transfer	medium	99.753	0.79	1619	2	ATT	TAA	31	PX244389.1	2049	682	0.79	WARN	length_not_multiple_of_3;non_ATG_start:ATT;internal_stop_count:31;partial_homology_coverage:0.790	known_plastid_intron_or_split_gene_family;possible_alt_start_or_endpoint_transfer_artifact;reference_CDS_is_compound_or_spliced
chloroplast	rpoB	RNA polymerase beta subunit	13302	16513	-	blastn_feature_transfer	high	99.782	1.0	3212	2	ATG	TAA	65	NC_085682.1	3213	1070	1.0	WARN	length_not_multiple_of_3;internal_stop_count:65	none
chloroplast	petN	cytochrome b6-f complex subunit VIII	18557	18646	+	blastn_feature_transfer	high	100.0	1.0	90	0	ATG	TAA	0	PX244393.1	90	29	1.0	PASS	none	none
chloroplast	psbM	photosystem II reaction center protein M	19448	19552	-	blastn_feature_transfer	high	100.0	1.0	105	0	ATG	TAA	0	PX244389.1	105	34	1.0	PASS	none	none
chloroplast	psbD	photosystem II P680 reaction center D2 protein	22220	23281	+	blastn_feature_transfer	high	99.906	1.0	1062	0	ATG	TAA	0	PX244393.1	1062	353	1.0	PASS	none	none
chloroplast	psbC	photosystem II CP43 chlorophyll apoprotein	23229	24647	+	tblastn_protein_transfer	high	100.0	1.0	1419	0	ATG	AAC	0	PX244393.1	1422	473	0.998	WARN	no_terminal_stop:AAC	protein_transfer_interval_may_not_include_exact_gene_boundaries
chloroplast	lhbA	LhbA	25233	25421	+	blastn_feature_transfer	high	100.0	1.0	189	0	ATG	TGA	0	NC_085682.1	189	62	1.0	PASS	none	none
chloroplast	psbZ	photosystem II reaction center protein Z	25233	25421	+	blastn_feature_transfer	high	100.0	1.0	189	0	ATG	TGA	0	PX244393.1	189	62	1.0	PASS	none	none
chloroplast	rps14	ribosomal protein S14	26521	26823	-	blastn_feature_transfer	high	99.34	1.0	303	0	ATG	TAA	0	PX244393.1	303	100	1.0	PASS	none	none
chloroplast	psaB	photosystem I P700 chlorophyll a apoprotein A2	26938	29142	-	blastn_feature_transfer	high	99.909	1.0	2205	0	ATG	TAA	0	PX244389.1	2205	734	1.0	PASS	none	none
chloroplast	psaA	photosystem I P700 chlorophyll a apoprotein A1	29168	31420	-	blastn_feature_transfer	high	99.911	1.0	2253	0	ATG	TAA	0	PX244389.1	2253	750	1.0	PASS	none	none
chloroplast	ycf3	hypothetical chloroplast RF34	32954	33181	-	tblastn_protein_transfer	weak	100.0	0.45	228	0	ATG	TAC	0	NC_085682.1	510	169	0.447	REVIEW	no_terminal_stop:TAC;partial_homology_coverage:0.450;weak_confidence	known_plastid_intron_or_split_gene_family;protein_transfer_interval_may_not_include_exact_gene_boundaries;reference_CDS_is_compound_or_spliced
chloroplast	pafI	Photosystem I assembly protein Ycf3	32954	33183	-	blastn_feature_transfer	low	94.783	0.454	230	2	GGA	TAC	5	PX244392.1	507	168	0.454	REVIEW	length_not_multiple_of_3;non_ATG_start:GGA;no_terminal_stop:TAC;internal_stop_count:5;partial_homology_coverage:0.454;low_confidence	reference_CDS_is_compound_or_spliced
chloroplast	rps4	ribosomal protein S4	34568	35170	-	tblastn_protein_transfer	high	100.0	1.0	603	0	ATG	ACT	0	PX244393.1	606	201	0.995	WARN	no_terminal_stop:ACT	protein_transfer_interval_may_not_include_exact_gene_boundaries
chloroplast	ndhJ	NADH dehydrogenase subunit J	37503	37976	-	tblastn_protein_transfer	high	100.0	1.0	474	0	ATG	CAT	0	PX244393.1	477	158	0.994	WARN	no_terminal_stop:CAT	protein_transfer_interval_may_not_include_exact_gene_boundaries
chloroplast	ndhK	NADH dehydrogenase subunit K	38087	38761	-	tblastn_protein_transfer	high	100.0	1.0	675	0	ATG	AAG	0	PX244389.1	678	225	0.996	WARN	no_terminal_stop:AAG	protein_transfer_interval_may_not_include_exact_gene_boundaries
chloroplast	ndhC	NADH dehydrogenase subunit C	38821	39180	-	tblastn_protein_transfer	high	100.0	1.0	360	0	ATG	TCT	0	PX244393.1	363	120	0.992	WARN	no_terminal_stop:TCT	protein_transfer_interval_may_not_include_exact_gene_boundaries
chloroplast	atpE	ATP synthase CF0 subunit c	41137	41538	-	blastn_feature_transfer	high	100.0	1.0	402	0	ATG	TAA	0	PX244393.1	402	133	1.0	PASS	none	none
chloroplast	atpB	ATP synthase CF1 beta subunit	41538	43031	-	tblastn_protein_transfer	high	99.799	1.0	1494	0	ATG	AAA	0	PX244393.1	1497	498	0.998	WARN	no_terminal_stop:AAA	protein_transfer_interval_may_not_include_exact_gene_boundaries
chloroplast	rbcL	ribulose-1,5-bisphosphate carboxylase/oxygenase large subunit	43725	45152	+	blastn_feature_transfer	high	99.79	1.0	1428	0	ATG	TAA	0	PX244389.1	1428	475	1.0	PASS	none	none
chloroplast	accD	acetyl-CoA carboxylase beta subunit	45789	47221	+	blastn_feature_transfer	high	99.651	1.0	1433	2	ATG	TAG	0	PX244389.1	1434	477	0.999	WARN	length_not_multiple_of_3	none
chloroplast	psaI	photosystem I subunit VIII	47800	47910	+	blastn_feature_transfer	high	100.0	1.0	111	0	ATG	TAG	0	PX244393.1	111	36	1.0	PASS	none	none
chloroplast	pafII	Photosystem I assembly protein Ycf4	48149	48703	+	blastn_feature_transfer	high	100.0	1.0	555	0	ATG	TGA	0	PX244389.1	555	184	1.0	PASS	none	none
chloroplast	ycf4	photosystem I assembly protein Ycf4	48149	48703	+	blastn_feature_transfer	high	99.64	1.0	555	0	ATG	TGA	0	NC_085682.1	555	184	1.0	PASS	none	none
chloroplast	cemA	chloroplast envelope membrane protein	49300	49989	+	blastn_feature_transfer	high	99.565	1.0	690	0	ATG	TGA	0	PX244389.1	690	229	1.0	PASS	none	none
chloroplast	petA	cytochrome f	50215	51177	+	blastn_feature_transfer	high	99.896	1.0	963	0	ATG	TAG	0	PX244389.1	963	320	1.0	PASS	none	none
chloroplast	psbJ	photosystem II reaction center protein J	51906	52028	-	blastn_feature_transfer	high	100.0	1.0	123	0	ATG	TAG	0	PX244393.1	123	40	1.0	PASS	none	none
chloroplast	psbL	photosystem II reaction center protein L	52163	52280	-	blastn_feature_transfer	high	99.153	1.009	118	1	ACG	TAA	1	PX244393.1	117	38	1.009	WARN	length_not_multiple_of_3;non_ATG_start:ACG;internal_stop_count:1	possible_alt_start_or_endpoint_transfer_artifact
chloroplast	psbF	photosystem II cytochrome b559 beta subunit	52303	52422	-	blastn_feature_transfer	high	100.0	1.0	120	0	ATG	TAA	0	PX244393.1	120	39	1.0	PASS	none	none
chloroplast	psbE	photosystem II cytochrome b559 alpha subunit	52432	52683	-	blastn_feature_transfer	high	100.0	1.0	252	0	ATG	TAG	0	PX244393.1	252	83	1.0	PASS	none	none
chloroplast	petL	cytochrome b6-f complex subunit VI	53748	53840	+	tblastn_protein_transfer	high	100.0	1.0	93	0	ATG	ATT	0	PX244393.1	96	31	0.969	WARN	no_terminal_stop:ATT	protein_transfer_interval_may_not_include_exact_gene_boundaries
chloroplast	petG	cytochrome b6-f complex subunit V	54015	54128	+	blastn_feature_transfer	high	100.0	1.0	114	0	ATG	TGA	0	PX244393.1	114	37	1.0	PASS	none	none
chloroplast	psaJ	photosystem I subunit IX	54813	54947	+	blastn_feature_transfer	high	100.0	1.0	135	0	ATG	TAG	0	PX244393.1	135	44	1.0	PASS	none	none
chloroplast	rpl33	large subunit ribosomal protein L33	55389	55589	+	blastn_feature_transfer	high	100.0	1.0	201	0	ATG	TAA	0	PX244391.1	201	66	1.0	PASS	none	none
chloroplast	rps18	ribosomal protein S18	55732	56037	+	blastn_feature_transfer	high	99.346	1.0	306	0	ATG	TAG	0	PX244389.1	306	101	1.0	PASS	none	none
chloroplast	rpl20	ribosomal protein L20	56504	56585	-	blastn_feature_transfer	high	98.78	1.012	82	1	ATT	TAA	0	NC_085682.1	81	26	1.012	WARN	length_not_multiple_of_3;non_ATG_start:ATT	possible_alt_start_or_endpoint_transfer_artifact
chloroplast	clpP1	ATP-dependent Clp protease proteolytic subunit	57676	58002	-	tblastn_protein_transfer	low	73.394	0.559	327	0	CCG	GAG	0	PX244393.1	588	195	0.556	REVIEW	non_ATG_start:CCG;no_terminal_stop:GAG;partial_homology_coverage:0.559;low_confidence	protein_transfer_interval_may_not_include_exact_gene_boundaries;reference_CDS_is_compound_or_spliced
chloroplast	clpP	Clp protease proteolytic subunit	57676	58002	-	tblastn_protein_transfer	low	73.394	0.559	327	0	CCG	GAG	0	NC_085682.1	588	195	0.556	REVIEW	non_ATG_start:CCG;no_terminal_stop:GAG;partial_homology_coverage:0.559;low_confidence	known_plastid_intron_or_split_gene_family;protein_transfer_interval_may_not_include_exact_gene_boundaries;reference_CDS_is_compound_or_spliced
chloroplast	psbB	photosystem II CP47 chlorophyll apoprotein	60133	61659	+	blastn_feature_transfer	high	99.869	1.0	1527	0	ATG	TAA	0	PX244393.1	1527	508	1.0	PASS	none	none
chloroplast	psbT	photosystem II reaction center protein T	61839	61940	+	blastn_feature_transfer	high	100.0	1.0	102	0	ATG	TGA	0	PX244393.1	102	33	1.0	PASS	none	none
chloroplast	pbf1	Photosystem biogenesis factor 1	62001	62132	-	blastn_feature_transfer	high	100.0	1.0	132	0	ATG	TAA	0	PX244393.1	132	43	1.0	PASS	none	none
chloroplast	psbN	photosystem II protein N	62001	62132	-	blastn_feature_transfer	high	100.0	1.0	132	0	ATG	TAA	0	NC_085682.1	132	43	1.0	PASS	none	none
chloroplast	psbH	photosystem II 10 kDa protein	62235	62456	+	blastn_feature_transfer	high	99.099	1.0	222	0	ATG	TAG	0	PX244393.1	222	73	1.0	PASS	none	none
chloroplast	petB	cytochrome b6	63400	64042	+	blastn_feature_transfer	high	100.0	0.992	643	1	TAA	TAG	10	PX244389.1	648	215	0.992	WARN	length_not_multiple_of_3;non_ATG_start:TAA;internal_stop_count:10	reference_CDS_is_compound_or_spliced
chloroplast	petD	cytochrome b6-f complex subunit IV	64977	65450	+	tblastn_protein_transfer	high	98.734	0.988	474	0	ATA	TTT	0	PX244394.1	483	160	0.981	WARN	non_ATG_start:ATA;no_terminal_stop:TTT	possible_alt_start_or_endpoint_transfer_artifact;protein_transfer_interval_may_not_include_exact_gene_boundaries;reference_CDS_is_compound_or_spliced
chloroplast	rpoA	RNA polymerase alpha subunit	65641	66642	-	blastn_feature_transfer	high	99.8	1.0	1002	0	ATG	TAG	0	PX244393.1	1002	333	1.0	PASS	none	none
chloroplast	rps11	ribosomal protein S11	66708	67124	-	blastn_feature_transfer	high	99.76	1.0	417	0	ATG	TAG	0	PX244389.1	417	138	1.0	PASS	none	none
chloroplast	rpl36	large subunit ribosomal protein L36	67241	67354	-	blastn_feature_transfer	high	100.0	1.0	114	0	ATG	TAA	0	PX244393.1	114	37	1.0	PASS	none	none
chloroplast	infA	translation initiation factor IF-1	67475	67717	-	blastn_feature_transfer	high	100.0	1.0	243	0	ATG	TAG	0	PX244389.1	243	80	1.0	PASS	none	none
chloroplast	rps8	ribosomal protein S8	67839	68243	-	blastn_feature_transfer	high	100.0	1.0	405	0	ATG	TAA	0	PX244391.1	405	134	1.0	PASS	none	none
chloroplast	rpl14	large subunit ribosomal protein L14	68394	68762	-	blastn_feature_transfer	high	100.0	1.0	369	0	ATG	TAA	0	PX244393.1	369	122	1.0	PASS	none	none
chloroplast	rpl16	large subunit ribosomal protein L16	68900	69298	-	tblastn_protein_transfer	high	99.248	0.985	399	0	AAC	GAA	0	PX244393.1	408	135	0.978	WARN	non_ATG_start:AAC;no_terminal_stop:GAA	known_plastid_intron_or_split_gene_family;protein_transfer_interval_may_not_include_exact_gene_boundaries;reference_CDS_is_compound_or_spliced
chloroplast	rps3	ribosomal protein S3	70471	71124	-	tblastn_protein_transfer	high	100.0	1.0	654	0	ATG	GCA	0	PX244393.1	657	218	0.995	WARN	no_terminal_stop:GCA	protein_transfer_interval_may_not_include_exact_gene_boundaries
chloroplast	rpl22	large subunit ribosomal protein L22	71242	71628	-	blastn_feature_transfer	high	100.0	1.0	387	0	ATG	TAA	0	PX244393.1	387	128	1.0	PASS	none	none
chloroplast	rps19	ribosomal protein S19	71665	71943	-	blastn_feature_transfer	high	100.0	1.0	279	0	GTG	TAA	0	PX244393.1	279	92	1.0	WARN	non_ATG_start:GTG	possible_alt_start_or_endpoint_transfer_artifact
chloroplast	rpl2	large subunit ribosomal protein L2	71998	72432	-	blastn_feature_transfer	low	100.0	0.527	435	0	ACC	TAG	0	PX244393.1	825	274	0.527	REVIEW	non_ATG_start:ACC;partial_homology_coverage:0.527;low_confidence	known_plastid_intron_or_split_gene_family;reference_CDS_is_compound_or_spliced
chloroplast	rpl23	large subunit ribosomal protein L23	73512	73793	-	blastn_feature_transfer	high	100.0	1.0	282	0	ATG	TAA	0	PX244393.1	282	93	1.0	PASS	none	none
chloroplast	ndhB	NADH dehydrogenase subunit B	83955	84731	-	tblastn_protein_transfer	low	100.0	0.508	777	0	ATG	GGA	0	PX244393.1	1533	510	0.507	REVIEW	no_terminal_stop:GGA;partial_homology_coverage:0.508;low_confidence	known_plastid_intron_or_split_gene_family;protein_transfer_interval_may_not_include_exact_gene_boundaries;reference_CDS_is_compound_or_spliced
chloroplast	rps7	ribosomal protein S7	85052	85519	-	blastn_feature_transfer	high	99.786	1.0	468	0	ATG	TAA	0	PX244393.1	468	155	1.0	PASS	none	none
chloroplast	rps12	ribosomal protein S12	86133	86366	-	tblastn_protein_transfer	low	97.436	0.634	234	0	ACT	AGT	0	PX244394.1	372	123	0.629	REVIEW	non_ATG_start:ACT;no_terminal_stop:AGT;partial_homology_coverage:0.634;low_confidence	known_plastid_intron_or_split_gene_family;protein_transfer_interval_may_not_include_exact_gene_boundaries;reference_CDS_is_compound_or_spliced
chloroplast	ycf1	Ycf1	96474	101639	+	blastn_feature_transfer	high	99.187	1.001	5166	0	ATG	TAA	64	PX244389.1	5166	1721	1.0	WARN	internal_stop_count:64	none
chloroplast	rps15	ribosomal protein S15	101850	102128	+	blastn_feature_transfer	high	100.0	1.0	279	0	ATG	TAA	0	PX244389.1	279	92	1.0	PASS	none	none
chloroplast	ndhH	NADH-plastoquinone oxidoreductase subunit 7	102205	103401	+	blastn_feature_transfer	high	99.916	1.0	1197	0	ATC	TGA	0	NC_085682.1	1197	398	1.0	WARN	non_ATG_start:ATC	none
chloroplast	ndhA	NADH dehydrogenase subunit A	103403	103954	+	blastn_feature_transfer	low	99.638	0.508	552	0	ATG	CTA	0	PX244389.1	1086	361	0.508	REVIEW	no_terminal_stop:CTA;partial_homology_coverage:0.508;low_confidence	known_plastid_intron_or_split_gene_family;reference_CDS_is_compound_or_spliced
chloroplast	NADH dehydrogenase subunit A	NADH dehydrogenase subunit A	103403	103954	+	blastn_feature_transfer	low	85.533	0.506	552	0	ATG	CTA	0	PX244394.1	1092	363	0.505	REVIEW	no_terminal_stop:CTA;partial_homology_coverage:0.506;low_confidence	reference_CDS_is_compound_or_spliced
chloroplast	ndhI	NADH dehydrogenase subunit I	105561	106064	+	blastn_feature_transfer	high	99.405	1.0	504	0	ATG	TAA	0	PX244393.1	504	167	1.0	PASS	none	none
chloroplast	ndhG	NADH dehydrogenase subunit G	106309	106839	+	blastn_feature_transfer	high	99.435	1.0	531	0	ATG	TAA	0	PX244393.1	531	176	1.0	PASS	none	none
chloroplast	ndhE	NADH dehydrogenase subunit E	107015	107320	+	blastn_feature_transfer	high	99.02	1.0	306	0	ATG	TAA	0	PX244393.1	306	101	1.0	PASS	none	none
chloroplast	psaC	photosystem I iron-sulfur center	107625	107870	+	blastn_feature_transfer	high	100.0	1.0	246	0	ATG	TGA	0	PX244393.1	246	81	1.0	PASS	none	none
chloroplast	ndhD	NADH dehydrogenase subunit D	107998	109502	+	blastn_feature_transfer	high	99.402	1.0	1505	2	ATG	TAA	39	PX244389.1	1506	501	0.999	WARN	length_not_multiple_of_3;internal_stop_count:39	none
chloroplast	ccsA	cytochrome c synthesis protein	109758	110715	-	blastn_feature_transfer	high	99.688	1.0	958	1	ATG	TGA	19	PX244389.1	960	319	0.998	WARN	length_not_multiple_of_3;internal_stop_count:19	none
chloroplast	rpl32	large subunit ribosomal protein L32	111332	111490	-	blastn_feature_transfer	high	100.0	1.0	159	0	ATG	TAA	0	PX244393.1	159	52	1.0	PASS	none	none
chloroplast	ndhF	NADH dehydrogenase subunit F	112099	114317	+	blastn_feature_transfer	high	99.369	1.0	2219	2	ATG	TTA	0	PX244389.1	2220	739	1.0	WARN	length_not_multiple_of_3;no_terminal_stop:TTA	none
chloroplast	ycf2	Ycf2	130955	137724	-	blastn_feature_transfer	high	92.882	1.005	6770	2	TGA	TAA	144	PX244392.1	6849	2282	0.988	WARN	length_not_multiple_of_3;non_ATG_start:TGA;internal_stop_count:144	none
chloroplast	psbA	photosystem II P680 reaction center D1 protein	140337	141398	-	blastn_feature_transfer	high	100.0	1.0	1062	0	ATG	TAA	0	PX244391.1	1062	353	1.0	PASS	none	none
chloroplast	matK	maturase K	141909	143411	-	blastn_feature_transfer	high	99.335	1.0	1503	0	ATG	TAA	0	PX244389.1	1503	500	1.0	PASS	none	none
chloroplast	rps16	ribosomal protein S16	144790	145023	-	blastn_feature_transfer	high	98.718	0.867	234	0	CAA	TAA	1	PX244389.1	270	89	0.867	WARN	non_ATG_start:CAA;internal_stop_count:1	known_plastid_intron_or_split_gene_family;reference_CDS_is_compound_or_spliced
chloroplast	psbK	photosystem II reaction center protein K	147703	147888	+	blastn_feature_transfer	high	100.0	1.0	186	0	ATG	TGA	0	PX244393.1	186	61	1.0	PASS	none	none
chloroplast	psbI	photosystem II reaction center protein I	148281	148391	+	blastn_feature_transfer	high	100.0	1.0	111	0	ATG	TAA	0	PX244393.1	111	36	1.0	PASS	none	none
mitochondria	ccmFC	ccmFC	3653	4420	+	tblastn_protein_transfer	low	99.609	0.586	768	0	ATG	TCG	0	PV608516.1	1314	437	0.584	REVIEW	no_terminal_stop:TCG;partial_homology_coverage:0.586;low_confidence	protein_transfer_interval_may_not_include_exact_gene_boundaries;reference_CDS_is_compound_or_spliced
mitochondria	QQ045_002857	hypothetical protein	3692	4537	+	blastn_feature_transfer	high	99.173	1.0	846	0	ATG	TGA	0	CM082116.1	846	281	1.0	PASS	none	none
mitochondria	COX1	cytochrome c oxidase subunit I	6974	8554	+	tblastn_protein_transfer	high	100.0	1.0	1581	0	ATG	AAG	0	PV256627.1	1584	527	0.998	WARN	no_terminal_stop:AAG	protein_transfer_interval_may_not_include_exact_gene_boundaries
mitochondria	rpl5	ribosomal protein L5	11531	12088	+	blastn_feature_transfer	high	100.0	1.0	558	0	ATG	TAA	0	PV256627.1	558	185	1.0	PASS	none	none
mitochondria	rps14	ribosomal protein S14	12090	12305	+	blastn_feature_transfer	high	99.537	1.0	216	0	ATG	TGA	0	PV256627.1	216	71	1.0	PASS	none	none
mitochondria	rpl10	ribosomal protein L10	20551	21039	-	blastn_feature_transfer	high	99.591	1.0	489	0	ATG	TAA	0	PP024540.1	489	162	1.0	PASS	none	none
mitochondria	atp6	ATPase subunit 6	60345	61016	+	blastn_feature_transfer	high	99.554	1.0	672	0	ATG	CAA	0	PP024540.1	672	224	1.0	WARN	no_terminal_stop:CAA	none
mitochondria	ND7	NADH dehydrogenase subunit 7	64292	64758	+	blastn_feature_transfer	weak	100.0	0.394	467	2	CTA	GTC	4	PV256627.1	1185	394	0.394	REVIEW	length_not_multiple_of_3;non_ATG_start:CTA;no_terminal_stop:GTC;internal_stop_count:4;partial_homology_coverage:0.394;weak_confidence	reference_CDS_is_compound_or_spliced
mitochondria	nad7	NADH dehydrogenase subunit 7	64292	64758	+	blastn_feature_transfer	weak	100.0	0.394	467	2	CTA	GTC	4	NC_069572.1	1185	394	0.394	REVIEW	length_not_multiple_of_3;non_ATG_start:CTA;no_terminal_stop:GTC;internal_stop_count:4;partial_homology_coverage:0.394;weak_confidence	reference_CDS_is_compound_or_spliced
mitochondria	ND9	NADH dehydrogenase subunit 9	80519	81088	+	tblastn_protein_transfer	high	100.0	1.0	570	0	ATG	GGA	0	PV256627.1	573	190	0.995	WARN	no_terminal_stop:GGA	protein_transfer_interval_may_not_include_exact_gene_boundaries
mitochondria	nad9	nad9	80519	81088	+	tblastn_protein_transfer	high	100.0	1.0	570	0	ATG	GGA	0	PV608516.1	573	190	0.995	WARN	no_terminal_stop:GGA	protein_transfer_interval_may_not_include_exact_gene_boundaries
mitochondria	ND1	NADH dehydrogenase subunit 1	93740	94127	-	blastn_feature_transfer	weak	99.227	0.397	388	1	ACG	ATT	0	PV256627.1	978	325	0.397	REVIEW	length_not_multiple_of_3;non_ATG_start:ACG;no_terminal_stop:ATT;partial_homology_coverage:0.397;weak_confidence	plant_mito_start_or_RNA_editing_candidate;reference_CDS_is_compound_or_spliced
mitochondria	nad1	NADH dehydrogenase subunit 1	93740	94127	-	blastn_feature_transfer	weak	98.969	0.397	388	1	ACG	ATT	0	PP024540.1	978	325	0.397	REVIEW	length_not_multiple_of_3;non_ATG_start:ACG;no_terminal_stop:ATT;partial_homology_coverage:0.397;weak_confidence	plant_mito_start_or_RNA_editing_candidate;reference_CDS_is_compound_or_spliced
mitochondria	nad5	NADH dehydrogenase subunit 5	96490	97710	-	tblastn_protein_transfer	low	99.754	0.613	1221	0	GTG	GTG	0	NC_070303.1	1995	664	0.612	REVIEW	non_ATG_start:GTG;no_terminal_stop:GTG;partial_homology_coverage:0.613;low_confidence	plant_mito_start_or_RNA_editing_candidate;protein_transfer_interval_may_not_include_exact_gene_boundaries;reference_CDS_is_compound_or_spliced
mitochondria	ND5	NADH dehydrogenase subunit 5	96493	97710	-	tblastn_protein_transfer	low	99.754	0.606	1218	0	GTG	AAA	0	PV256627.1	2013	670	0.605	REVIEW	non_ATG_start:GTG;no_terminal_stop:AAA;partial_homology_coverage:0.606;low_confidence	plant_mito_start_or_RNA_editing_candidate;protein_transfer_interval_may_not_include_exact_gene_boundaries;reference_CDS_is_compound_or_spliced
mitochondria	rps7	ribosomal protein S7	107717	108163	-	blastn_feature_transfer	high	100.0	1.0	447	0	ATG	TAA	0	PV256627.1	447	148	1.0	PASS	none	none
mitochondria	QQ045_002858	hypothetical protein	107726	108136	-	tblastn_protein_transfer	weak	31.915	0.91	411	0	CAA	AGA	0	CM082116.1	378	125	1.087	REVIEW	non_ATG_start:CAA;no_terminal_stop:AGA;weak_confidence	protein_transfer_interval_may_not_include_exact_gene_boundaries
mitochondria	CYTB	cytochrome b	111447	112628	+	blastn_feature_transfer	high	99.408	1.0	1182	0	ATG	TGA	1	PV256627.1	1182	393	1.0	WARN	internal_stop_count:1	none
mitochondria	cob	cob	111471	112628	+	blastn_feature_transfer	high	99.396	1.0	1158	0	ATA	TGA	0	PV608516.1	1158	385	1.0	WARN	non_ATG_start:ATA	plant_mito_start_or_RNA_editing_candidate
mitochondria	atp9	ATPase subunit 9	113023	113244	+	blastn_feature_transfer	high	99.55	1.0	222	0	ATG	TAA	0	PP024540.1	222	73	1.0	PASS	none	none
mitochondria	atp4	Atp4	120826	121410	-	tblastn_protein_transfer	high	99.487	1.0	585	0	ATG	AAA	0	NC_082108.1	588	195	0.995	WARN	no_terminal_stop:AAA	protein_transfer_interval_may_not_include_exact_gene_boundaries
mitochondria	ND4L	NADH dehydrogenase subunit 4L	121584	121886	-	blastn_feature_transfer	high	100.0	1.0	303	0	ACG	TAA	0	PV256627.1	303	100	1.0	WARN	non_ATG_start:ACG	plant_mito_start_or_RNA_editing_candidate
mitochondria	nad4L	NADH dehydrogenase subunit 4L	121584	121886	-	blastn_feature_transfer	high	100.0	1.0	303	0	ACG	TAA	0	PP024540.1	303	100	1.0	WARN	non_ATG_start:ACG	plant_mito_start_or_RNA_editing_candidate
mitochondria	matR	maturase	133714	135661	-	blastn_feature_transfer	high	99.384	1.001	1948	1	ATG	TAG	0	PV256627.1	1947	648	1.001	WARN	length_not_multiple_of_3	none
mitochondria	COX3	cytochrome c oxidase subunit III	141772	142569	+	blastn_feature_transfer	high	98.747	1.0	798	0	ATG	TGA	0	PV256627.1	798	265	1.0	PASS	none	none
mitochondria	sdh4	sdh4	142497	142664	+	tblastn_protein_transfer	high	96.429	1.0	168	0	ATG	TTT	1	PV608516.1	171	56	0.982	WARN	no_terminal_stop:TTT;internal_stop_count:1	protein_transfer_interval_may_not_include_exact_gene_boundaries
mitochondria	ATP8	ATP synthase F0 subunit 8	142792	143271	+	blastn_feature_transfer	high	98.958	1.0	480	0	ATG	TAA	0	PV256627.1	480	159	1.0	PASS	none	none
mitochondria	ND2	NADH dehydrogenase subunit 2	151406	152176	+	tblastn_protein_transfer	low	78.764	0.531	771	0	CTA	CTT	0	PV256627.1	1467	488	0.526	REVIEW	non_ATG_start:CTA;no_terminal_stop:CTT;partial_homology_coverage:0.531;low_confidence	protein_transfer_interval_may_not_include_exact_gene_boundaries;reference_CDS_is_compound_or_spliced
mitochondria	nad2	NADH dehydrogenase subunit 2	151412	152176	+	tblastn_protein_transfer	medium	79.377	0.843	765	0	ATG	CTT	0	NC_082108.1	918	305	0.833	WARN	no_terminal_stop:CTT	protein_transfer_interval_may_not_include_exact_gene_boundaries;reference_CDS_is_compound_or_spliced
mitochondria	ccmB	cytochrome c biogenesis B	223336	223956	+	blastn_feature_transfer	high	99.678	1.0	621	0	ATG	TGA	0	PV256627.1	621	206	1.0	PASS	none	none
mitochondria	cox2	cytochrome c oxidase subunit 2	236710	237156	+	tblastn_protein_transfer	high	86.577	0.968	447	0	ATG	CGA	1	NC_072122.1	465	154	0.961	WARN	no_terminal_stop:CGA;internal_stop_count:1	protein_transfer_interval_may_not_include_exact_gene_boundaries;reference_CDS_is_compound_or_spliced
mitochondria	ccmC	cytochrome c biogenesis C	240456	241142	-	blastn_feature_transfer	high	99.563	1.0	687	0	ATG	TAA	0	PV256627.1	687	228	1.0	PASS	none	none
mitochondria	QQ045_002855	hypothetical protein	241601	243133	-	blastn_feature_transfer	high	98.304	1.0	1533	0	ATG	TAG	0	CM082116.1	1533	510	1.0	PASS	none	none
mitochondria	ATP1	ATPase subunit 1	241604	243133	-	tblastn_protein_transfer	high	99.804	1.0	1530	0	ATG	AAG	0	PV256627.1	1533	510	0.998	WARN	no_terminal_stop:AAG	protein_transfer_interval_may_not_include_exact_gene_boundaries
