sample_id	popcode	PC1	PC2	PC3	PC4	PC5	PC6	PC7	PC8	PC9	PC10
ABAB_MAD_LP_223_Du-590	ABAB_MAD	-1.11732804412	-0.143399824059	0.527566382317	0.438559118728	0.146989890806	-1.00263841106	-0.973946603238	-1.96620359699	-3.13184167627	-1.37511614265
ABAB_MAD_LP_322_Du-593	ABAB_MAD	-1.11732804412	-0.143399824059	0.527566382317	0.438559118728	0.146989890806	-1.00263841106	-0.973946603238	-1.96620359699	-3.13184167627	-1.37511614265
ABAB_MAD_LP_323_Du-594	ABAB_MAD	-1.11732804412	-0.143399824059	0.527566382317	0.438559118728	0.146989890806	-1.00263841106	-0.973946603238	-1.96620359699	-3.13184167627	-1.37511614265
ABAB_MAD_LP_324_Du-595	ABAB_MAD	-1.11732804412	-0.143399824059	0.527566382317	0.438559118728	0.146989890806	-1.00263841106	-0.973946603238	-1.96620359699	-3.13184167627	-1.37511614265
ABAB_MAD_LP_325_Du-596	ABAB_MAD	-1.11732804412	-0.143399824059	0.527566382317	0.438559118728	0.146989890806	-1.00263841106	-0.973946603238	-1.96620359699	-3.13184167627	-1.37511614265
ABAB_MAD_LP_326_Du-597	ABAB_MAD	-1.11732804412	-0.143399824059	0.527566382317	0.438559118728	0.146989890806	-1.00263841106	-0.973946603238	-1.96620359699	-3.13184167627	-1.37511614265
ABAB_MAD_LP_327_Du-598	ABAB_MAD	-1.11732804412	-0.143399824059	0.527566382317	0.438559118728	0.146989890806	-1.00263841106	-0.973946603238	-1.96620359699	-3.13184167627	-1.37511614265
ABBE_BERN_LP_311_Du-780	ABBE_BERN	6.84001474237	7.10991169866	-0.0605532568683	-0.216571470955	-4.8733594613	-1.19502597667	0.266752313605	0.00299040807199	0.00363803633149	0.000540671406003
ABBE_BERN_LP_312_Du-781	ABBE_BERN	6.84001474237	7.10991169866	-0.0605532568683	-0.216571470955	-4.8733594613	-1.19502597667	0.266752313605	0.00299040807199	0.00363803633149	0.000540671406003
ABBE_BERN_LP_313_Du-782	ABBE_BERN	6.84001474237	7.10991169866	-0.0605532568683	-0.216571470955	-4.8733594613	-1.19502597667	0.266752313605	0.002990408072	0.00363803633149	0.000540671406004
ABBE_BERN_LP_314_Du-783	ABBE_BERN	6.84001474237	7.10991169866	-0.0605532568683	-0.216571470955	-4.8733594613	-1.19502597667	0.266752313605	0.00299040807199	0.00363803633149	0.000540671406003
ABMU_HOR_LP_306_Du-775	ABMU_HOR	-1.11732804412	-0.143399824059	0.527566382317	0.438559118728	0.146989890806	-1.00263841106	-0.973946603238	-1.96620359699	-3.13184167627	-1.37511614265
ABMU_HOR_LP_308_Du-777	ABMU_HOR	-1.11732804412	-0.143399824059	0.527566382317	0.438559118728	0.146989890806	-1.00263841106	-0.973946603238	-1.96620359699	-3.13184167627	-1.37511614265
ABMU_HOR_LP_358_Du-770	ABMU_HOR	-1.11732804412	-0.143399824059	0.527566382317	0.438559118728	0.146989890806	-1.00263841106	-0.973946603238	-1.96620359699	-3.13184167627	-1.37511614265
ABMU_HOR_LP_359_Du-771	ABMU_HOR	-1.11732804412	-0.143399824059	0.527566382317	0.438559118728	0.146989890806	-1.00263841106	-0.973946603238	-1.96620359699	-3.13184167627	-1.37511614265
ABMU_HOR_LP_360_Du-772	ABMU_HOR	-1.11732804412	-0.143399824059	0.527566382317	0.438559118728	0.146989890806	-1.00263841106	-0.973946603238	-1.96620359699	-3.13184167627	-1.37511614265
ABMU_HOR_LP_361_Du-773	ABMU_HOR	-1.11732804412	-0.143399824059	0.527566382317	0.438559118728	0.146989890806	-1.00263841106	-0.973946603238	-1.96620359699	-3.13184167627	-1.37511614265
BAI_LP_105_Du-222	BAI	-0.985792594398	-0.105666791481	0.283498832353	0.185450017901	0.0549326610684	-0.333565980155	-0.300913987038	-0.0311183393708	0.00190138120017	0.0380238468772
BAI_LP_106_Du-223	BAI	-1.11010740256	-0.13889771849	0.582447495722	0.448503071275	0.147741866112	-0.961857388678	-0.986821237638	-0.578430095998	0.0500127161538	3.35164605135
BAI_LP_108_Du-225	BAI	-0.985792594398	-0.105666791481	0.283498832353	0.185450017901	0.0549326610684	-0.333565980155	-0.300913987038	-0.0311183393708	0.00190138120017	0.0380238468772
BAI_LP_109_Du-226	BAI	-0.985792594398	-0.105666791481	0.283498832353	0.185450017901	0.0549326610684	-0.333565980155	-0.300913987038	-0.0311183393708	0.00190138120017	0.0380238468772
BAI_LP_110_Du-227	BAI	-1.11010740256	-0.13889771849	0.582447495722	0.448503071275	0.147741866112	-0.961857388678	-0.986821237638	-0.578430095998	0.0500127161538	3.35164605135
BAI_LP_111_Du-228	BAI	-1.11010740256	-0.13889771849	0.582447495722	0.448503071275	0.147741866112	-0.961857388678	-0.986821237638	-0.578430095998	0.0500127161538	3.35164605135
BAI_LP_112_Du-230	BAI	-0.985792594398	-0.105666791481	0.283498832353	0.185450017901	0.0549326610684	-0.333565980155	-0.300913987038	-0.0311183393708	0.00190138120017	0.0380238468772
BAI_LP_113_Du-231	BAI	-0.985792594398	-0.105666791481	0.283498832353	0.185450017901	0.0549326610684	-0.333565980155	-0.300913987038	-0.0311183393708	0.00190138120017	0.0380238468772
BAI_LP_114_Du-232	BAI	-0.985792594398	-0.105666791481	0.283498832353	0.185450017901	0.0549326610684	-0.333565980155	-0.300913987038	-0.0311183393708	0.00190138120017	0.0380238468772
BAI_LP_319_Du-233	BAI	-0.985792594398	-0.105666791481	0.283498832353	0.185450017901	0.0549326610684	-0.333565980155	-0.300913987038	-0.0311183393708	0.00190138120017	0.0380238468772
COM_LP_269_Du-703	COM	-0.614898968524	-0.0195918191007	-2.45463180414	-0.753027975837	0.529640880341	-0.271420079724	3.93135506433	0.385297575537	0.303322182472	-0.130658038818
COM_LP_270_Du-704	COM	-0.614898968524	-0.0195918191007	-2.45463180414	-0.753027975837	0.529640880341	-0.271420079724	3.93135506433	0.385297575537	0.303322182472	-0.130658038818
COM_LP_272_Du-707	COM	-0.614898968524	-0.0195918191007	-2.45463180414	-0.753027975837	0.529640880341	-0.271420079724	3.93135506433	0.385297575537	0.303322182472	-0.130658038818
COM_LP_274_Du-709	COM	-0.614898968524	-0.0195918191007	-2.45463180414	-0.753027975837	0.529640880341	-0.271420079724	3.93135506433	0.385297575537	0.303322182472	-0.130658038818
COM_LP_276_Du-711	COM	-0.614898968524	-0.0195918191007	-2.45463180414	-0.753027975837	0.529640880341	-0.271420079724	3.93135506433	0.385297575537	0.303322182472	-0.130658038818
COM_LP_277_Du-712	COM	-0.614898968524	-0.0195918191007	-2.45463180414	-0.753027975837	0.529640880341	-0.271420079724	3.93135506433	0.385297575537	0.303322182472	-0.130658038818
COM_LP_341_Du-713	COM	-0.614898968524	-0.0195918191007	-2.45463180414	-0.753027975837	0.529640880341	-0.271420079724	3.93135506433	0.385297575537	0.303322182472	-0.130658038818
COM_LP_342_Du-714	COM	-0.614898968524	-0.0195918191007	-2.45463180414	-0.753027975837	0.529640880341	-0.271420079724	3.93135506433	0.385297575537	0.303322182472	-0.130658038818
COM_LP_343_Du-715	COM	-0.614898968524	-0.0195918191007	-2.45463180414	-0.753027975837	0.529640880341	-0.271420079724	3.93135506433	0.385297575537	0.303322182472	-0.130658038818
CROB_LP_169_Du-381	CROB	-1.17152086688	-0.223388935257	-0.694465895338	-0.138975760614	-0.0281385048601	-0.0995999137503	0.285883141132	-0.0634362301069	-0.0504750775504	0.0281438029705
CROB_LP_170_Du-382	CROB	-1.17152086688	-0.223388935257	-0.694465895338	-0.138975760614	-0.0281385048601	-0.0995999137503	0.285883141132	-0.0634362301069	-0.0504750775504	0.0281438029705
CROB_LP_172_Du-384	CROB	-1.17152086688	-0.223388935257	-0.694465895338	-0.138975760614	-0.0281385048601	-0.0995999137503	0.285883141132	-0.0634362301069	-0.0504750775504	0.0281438029705
CROB_LP_173_Du-385	CROB	-1.17152086688	-0.223388935257	-0.694465895338	-0.138975760614	-0.0281385048601	-0.0995999137503	0.285883141132	-0.0634362301069	-0.0504750775504	0.0281438029705
CROB_LP_174_Du-386	CROB	-1.17152086688	-0.223388935257	-0.694465895338	-0.138975760614	-0.0281385048601	-0.0995999137503	0.285883141132	-0.0634362301069	-0.0504750775504	0.0281438029705
CROB_LP_175_Du-387	CROB	-1.17152086688	-0.223388935257	-0.694465895338	-0.138975760614	-0.0281385048601	-0.0995999137503	0.285883141132	-0.0634362301069	-0.0504750775504	0.0281438029705
CROB_LP_176_Du-388	CROB	-1.17152086688	-0.223388935257	-0.694465895338	-0.138975760614	-0.0281385048601	-0.0995999137503	0.285883141132	-0.0634362301069	-0.0504750775504	0.0281438029705
CROB_LP_177_Du-389	CROB	-1.17152086688	-0.223388935257	-0.694465895338	-0.138975760614	-0.0281385048601	-0.0995999137503	0.285883141132	-0.0634362301069	-0.0504750775504	0.0281438029705
CROB_LP_320_Du-395	CROB	-1.17152086688	-0.223388935257	-0.694465895338	-0.138975760614	-0.0281385048601	-0.0995999137503	0.285883141132	-0.0634362301069	-0.0504750775504	0.0281438029705
CROB_LP_321_Du-396	CROB	-1.17152086688	-0.223388935257	-0.694465895338	-0.138975760614	-0.0281385048601	-0.0995999137503	0.285883141132	-0.0634362301069	-0.0504750775504	0.0281438029705
CROS_LP_085_Du-181	CROS	-1.17152086688	-0.223388935257	-0.694465895338	-0.138975760614	-0.0281385048601	-0.0995999137503	0.285883141132	-0.0634362301069	-0.0504750775504	0.0281438029705
CROS_LP_086_Du-182	CROS	-1.17152086688	-0.223388935257	-0.694465895338	-0.138975760614	-0.0281385048601	-0.0995999137503	0.285883141132	-0.0634362301069	-0.0504750775504	0.0281438029705
CROS_LP_087_Du-183	CROS	-1.17152086688	-0.223388935257	-0.694465895338	-0.138975760614	-0.0281385048601	-0.0995999137503	0.285883141132	-0.0634362301069	-0.0504750775504	0.0281438029705
CROS_LP_088_Du-184	CROS	-1.17152086688	-0.223388935257	-0.694465895338	-0.138975760614	-0.0281385048601	-0.0995999137503	0.285883141132	-0.0634362301069	-0.0504750775504	0.0281438029705
CROS_LP_089_Du-185	CROS	-1.17152086688	-0.223388935257	-0.694465895338	-0.138975760614	-0.0281385048601	-0.0995999137503	0.285883141132	-0.0634362301069	-0.0504750775504	0.0281438029705
CROS_LP_090_Du-186	CROS	-1.17152086688	-0.223388935257	-0.694465895338	-0.138975760614	-0.0281385048601	-0.0995999137503	0.285883141132	-0.0634362301069	-0.0504750775504	0.0281438029705
CROS_LP_091_Du-187	CROS	-1.49653700188	-0.400529858807	-4.58294177681	-2.27479852537	-2.15450669396	6.82627202024	-4.85755644595	0.233305850265	0.178809844239	-0.094118718885
CROS_LP_092_Du-188	CROS	-1.49653700188	-0.400529858807	-4.58294177681	-2.27479852537	-2.15450669396	6.82627202024	-4.85755644595	0.233305850265	0.178809844239	-0.094118718885
CROS_LP_093_Du-189	CROS	-1.17152086688	-0.223388935257	-0.694465895338	-0.138975760614	-0.0281385048601	-0.0995999137503	0.285883141132	-0.0634362301069	-0.0504750775504	0.0281438029705
CROS_LP_094_Du-190	CROS	-1.49653700188	-0.400529858807	-4.58294177681	-2.27479852537	-2.15450669396	6.82627202024	-4.85755644595	0.233305850265	0.178809844239	-0.094118718885
CY_ALA_LP_298-Du-767	CY_ALA	-1.25996512421	-0.191205213202	2.33840645966	9.02038305948	-1.61767621658	5.07468335106	2.56584883891	0.0810070082041	-0.00477149832573	-0.090086777814
CY_ALA_LP_299-Du-768	CY_ALA	-1.25996512421	-0.191205213202	2.33840645966	9.02038305948	-1.61767621658	5.07468335106	2.56584883891	0.0810070082041	-0.00477149832573	-0.090086777814
CY_ALA_LP_357_Du-769	CY_ALA	-1.25996512421	-0.191205213202	2.33840645966	9.02038305948	-1.61767621658	5.07468335106	2.56584883891	0.0810070082041	-0.00477149832573	-0.090086777814
CY_BAL_LP_226_Du-602	CY_BAL	6.84001474237	7.10991169866	-0.0605532568683	-0.216571470955	-4.8733594613	-1.19502597667	0.266752313605	0.00299040807199	0.00363803633149	0.000540671406003
CY_BAL_LP_227_Du-603	CY_BAL	6.84001474237	7.10991169866	-0.0605532568683	-0.216571470955	-4.8733594613	-1.19502597667	0.266752313605	0.00299040807199	0.00363803633149	0.000540671406003
CY_BGL_LP_210_Du-577	CY_BGL	6.84001474237	7.10991169866	-0.0605532568683	-0.216571470955	-4.8733594613	-1.19502597667	0.266752313605	0.00299040807199	0.00363803633149	0.000540671406003
CY_BGL_LP_212_Du-579	CY_BGL	6.84001474237	7.10991169866	-0.0605532568683	-0.216571470955	-4.8733594613	-1.19502597667	0.266752313605	0.00299040807199	0.00363803633149	0.000540671406003
CY_BOU_LP_288_Du-737	CY_BOU	-0.985792594398	-0.105666791481	0.283498832353	0.185450017901	0.0549326610684	-0.333565980155	-0.300913987038	-0.0311183393708	0.00190138120017	0.0380238468772
CY_BOU_LP_290_Du-739	CY_BOU	-0.985792594398	-0.105666791481	0.283498832353	0.185450017901	0.0549326610684	-0.333565980155	-0.300913987038	-0.0311183393708	0.00190138120017	0.0380238468772
CY_BOU_LP_291_Du-740	CY_BOU	-0.985792594398	-0.105666791481	0.283498832353	0.185450017901	0.0549326610684	-0.333565980155	-0.300913987038	-0.0311183393708	0.00190138120017	0.0380238468772
CY_BOU_LP_292_Du-741	CY_BOU	-0.985792594398	-0.105666791481	0.283498832353	0.185450017901	0.0549326610684	-0.333565980155	-0.300913987038	-0.0311183393708	0.00190138120017	0.0380238468772
CY_BOU_LP_354_Du-742	CY_BOU	-0.985792594398	-0.105666791481	0.283498832353	0.185450017901	0.0549326610684	-0.333565980155	-0.300913987038	-0.0311183393708	0.00190138120017	0.0380238468772
CY_CAS_LP_328_Du-610	CY_CAS	9.10585697553	-3.61531604096	-0.0134853600758	-0.00966842628305	0.173516714132	0.0330181330643	0.120126334745	0.00556196282401	0.00389229042014	0.000742973050089
CY_CAS_LP_329_Du-611	CY_CAS	-1.1193950556	-0.145630542348	1.14266771101	3.74954863315	-0.605268281833	1.77223638988	0.789065631816	0.00464401274293	-0.000198529832216	-0.00135435015973
CY_CAS_LP_330_Du-607	CY_CAS	-1.1193950556	-0.145630542348	1.14266771101	3.74954863315	-0.605268281833	1.77223638988	0.789065631816	0.00464401274293	-0.000198529832216	-0.00135435015973
CY_CAS_LP_331_Du-608	CY_CAS	-1.1193950556	-0.145630542348	1.14266771101	3.74954863315	-0.605268281833	1.77223638988	0.789065631816	0.00464401274293	-0.000198529832216	-0.00135435015973
CY_CAS_LP_332_Du-609	CY_CAS	-1.1193950556	-0.145630542348	1.14266771101	3.74954863315	-0.605268281833	1.77223638988	0.789065631816	0.00464401274293	-0.000198529832216	-0.00135435015973
CY_HICN_LP_236_Du-614	CY_HICN	11.7988683401	-7.05601700033	0.292423278057	0.0494769415044	-0.618937139758	-0.0996489981553	-0.288305016667	-0.00599014606352	-0.00405159524924	-0.000731960503108
CY_HICN_LP_333_Du-612	CY_HICN	11.7988683401	-7.05601700033	0.292423278057	0.0494769415044	-0.618937139758	-0.0996489981553	-0.288305016667	-0.00599014606352	-0.00405159524924	-0.000731960503108
CY_HICN_LP_334_Du-613	CY_HICN	11.7988683401	-7.05601700033	0.292423278057	0.0494769415044	-0.618937139758	-0.0996489981553	-0.288305016667	-0.00599014606352	-0.00405159524924	-0.000731960503108
CY_HICN_LP_335_Du-615	CY_HICN	11.7988683401	-7.05601700033	0.292423278057	0.0494769415044	-0.618937139758	-0.0996489981553	-0.288305016667	-0.00599014606352	-0.00405159524924	-0.000731960503108
CY_HICN_LP_336_Du-616	CY_HICN	11.7988683401	-7.05601700033	0.292423278057	0.0494769415044	-0.618937139758	-0.0996489981553	-0.288305016667	-0.00599014606352	-0.00405159524924	-0.000731960503108
CY_HICS_LP_293_Du-757	CY_HICS	-0.985792594398	-0.105666791481	0.283498832353	0.185450017901	0.0549326610684	-0.333565980155	-0.300913987038	-0.0311183393708	0.00190138120017	0.0380238468772
CY_HICS_LP_297_Du-761	CY_HICS	-0.985792594398	-0.105666791481	0.283498832353	0.185450017901	0.0549326610684	-0.333565980155	-0.300913987038	-0.0311183393708	0.00190138120017	0.0380238468772
CY_HICS_LP_355_Du-762	CY_HICS	-0.985792594398	-0.105666791481	0.283498832353	0.185450017901	0.0549326610684	-0.333565980155	-0.300913987038	-0.0311183393708	0.00190138120017	0.0380238468772
CY_HICS_LP_356_Du-763	CY_HICS	-0.985792594398	-0.105666791481	0.283498832353	0.185450017901	0.0549326610684	-0.333565980155	-0.300913987038	-0.0311183393708	0.00190138120017	0.0380238468772
CY_HUN_LP_264_Du-683	CY_HUN	5.20225697263	3.26642530689	0.021086137164	0.134883882892	3.88078347155	1.08495657607	-0.295911621889	-0.00938595218628	-0.0122598761348	-0.00206829841882
CY_HUN_LP_266_Du-685	CY_HUN	5.20225697263	3.26642530689	0.021086137164	0.134883882892	3.88078347155	1.08495657607	-0.295911621889	-0.00938595218628	-0.0122598761348	-0.00206829841882
CY_HUN_LP_267_Du-686	CY_HUN	5.20225697263	3.26642530689	0.021086137164	0.134883882892	3.88078347155	1.08495657607	-0.295911621889	-0.00938595218628	-0.0122598761348	-0.00206829841882
CY_HUN_LP_268_Du-687	CY_HUN	5.20225697263	3.26642530689	0.021086137164	0.134883882892	3.88078347155	1.08495657607	-0.295911621889	-0.00938595218628	-0.0122598761348	-0.00206829841882
CY_SIE_LP_188_Du-445	CY_SIE	11.7988683401	-7.05601700033	0.292423278057	0.0494769415044	-0.618937139758	-0.0996489981553	-0.288305016667	-0.00599014606352	-0.00405159524924	-0.000731960503108
CY_SIE_LP_189_Du-446	CY_SIE	11.7988683401	-7.05601700033	0.292423278057	0.0494769415044	-0.618937139758	-0.0996489981553	-0.288305016667	-0.00599014606352	-0.00405159524924	-0.000731960503108
CY_SIE_LP_190_Du-447	CY_SIE	11.7988683401	-7.05601700033	0.292423278057	0.0494769415044	-0.618937139758	-0.0996489981553	-0.288305016667	-0.00599014606352	-0.00405159524924	-0.000731960503108
CY_SIE_LP_191_Du-448	CY_SIE	-0.985792594398	-0.105666791481	0.283498832353	0.185450017901	0.0549326610684	-0.333565980155	-0.300913987038	-0.0311183393708	0.00190138120017	0.0380238468772
CY_WOO_LP_259_Du-664	CY_WOO	-0.985792594398	-0.105666791481	0.283498832353	0.185450017901	0.0549326610684	-0.333565980155	-0.300913987038	-0.0311183393708	0.00190138120017	0.0380238468772
CY_WOO_LP_260_Du-665	CY_WOO	-0.985792594398	-0.105666791481	0.283498832353	0.185450017901	0.0549326610684	-0.333565980155	-0.300913987038	-0.0311183393708	0.00190138120017	0.0380238468772
CY_WOO_LP_261_Du-667	CY_WOO	-0.985792594398	-0.105666791481	0.283498832353	0.185450017901	0.0549326610684	-0.333565980155	-0.300913987038	-0.0311183393708	0.00190138120017	0.0380238468772
CY_WOO_LP_262_Du-668	CY_WOO	-0.985792594398	-0.105666791481	0.283498832353	0.185450017901	0.0549326610684	-0.333565980155	-0.300913987038	-0.0311183393708	0.00190138120017	0.0380238468772
CY_WOO_LP_263_Du-669	CY_WOO	-0.985792594398	-0.105666791481	0.283498832353	0.185450017901	0.0549326610684	-0.333565980155	-0.300913987038	-0.0311183393708	0.00190138120017	0.0380238468772
DAN_LP_043_Du-68	DAN	0.0640055353057	-0.897090389857	-1.61096476076	-0.452466209842	0.0516132133647	-0.194445741019	1.84760514072	0.0274136667068	0.0108449186447	0.00178825829223
DAN_LP_044_Du-69	DAN	0.0640055353057	-0.897090389857	-1.61096476076	-0.452466209842	0.0516132133647	-0.194445741019	1.84760514072	0.0274136667068	0.0108449186447	0.00178825829223
DAN_LP_045_Du-70	DAN	0.0640055353057	-0.897090389857	-1.61096476076	-0.452466209842	0.0516132133647	-0.194445741019	1.84760514072	0.0274136667068	0.0108449186447	0.00178825829223
DAN_LP_046_Du-71	DAN	0.0640055353057	-0.897090389857	-1.61096476076	-0.452466209842	0.0516132133647	-0.194445741019	1.84760514072	0.0274136667068	0.0108449186447	0.00178825829223
DAN_LP_047_Du-72	DAN	0.0640055353057	-0.897090389857	-1.61096476076	-0.452466209842	0.0516132133647	-0.194445741019	1.84760514072	0.0274136667068	0.0108449186447	0.00178825829223
DOV_LP_078_Du-174	DOV	-1.1285454066	-0.150585627219	2.31122782665	-1.35709087897	-0.169183539222	0.729115054407	0.41498982063	0.00275780485904	-0.000110043597977	-0.000329388867275
DOV_LP_079_Du-175	DOV	-1.1285454066	-0.150585627219	2.31122782665	-1.35709087897	-0.169183539222	0.729115054407	0.41498982063	0.00275780485904	-0.000110043597977	-0.000329388867275
DOV_LP_080_Du-176	DOV	-1.1285454066	-0.150585627219	2.31122782665	-1.35709087897	-0.169183539222	0.729115054407	0.41498982063	0.00275780485904	-0.000110043597977	-0.000329388867275
DOV_LP_081_Du-177	DOV	-1.1285454066	-0.150585627219	2.31122782665	-1.35709087897	-0.169183539222	0.729115054407	0.41498982063	0.00275780485904	-0.000110043597977	-0.000329388867275
DOV_LP_082_Du-178	DOV	-1.1285454066	-0.150585627219	2.31122782665	-1.35709087897	-0.169183539222	0.729115054407	0.41498982063	0.00275780485904	-0.000110043597977	-0.000329388867275
DOV_LP_083_Du-179	DOV	-1.1285454066	-0.150585627219	2.31122782665	-1.35709087897	-0.169183539222	0.729115054407	0.41498982063	0.00275780485904	-0.000110043597977	-0.000329388867275
DOV_LP_084_Du-180	DOV	-1.1285454066	-0.150585627219	2.31122782665	-1.35709087897	-0.169183539222	0.729115054407	0.41498982063	0.00275780485904	-0.000110043597977	-0.000329388867275
DU-173	DUSE	-1.11970917619	-0.141932980394	0.627438469919	0.496381631548	0.16691857104	-1.10315126871	-1.16783589924	2.95133578959	-0.0694015192362	-0.680410039375
DU-229	DUSE	-1.11010740256	-0.13889771849	0.582447495722	0.448503071275	0.147741866112	-0.961857388678	-0.986821237638	-0.578430095998	0.0500127161538	3.35164605135
DU-247	DUSE	-1.17152086688	-0.223388935257	-0.694465895338	-0.138975760614	-0.0281385048601	-0.0995999137503	0.285883141132	-0.0634362301069	-0.0504750775504	0.0281438029705
DU-254	DUSE	-1.17152086688	-0.223388935257	-0.694465895338	-0.138975760614	-0.0281385048601	-0.0995999137503	0.285883141132	-0.0634362301069	-0.0504750775504	0.0281438029705
DU-270	DUSE	-1.1106339368	-0.139062129605	0.584765667271	0.45090755779	0.148686252227	-0.968716922784	-0.995350617814	-0.61938414159	0.055270329297	4.98472123136
DU-297	DUSE	-1.17152086688	-0.223388935257	-0.694465895338	-0.138975760614	-0.0281385048601	-0.0995999137503	0.285883141132	-0.0634362301069	-0.0504750775504	0.0281438029705
DU-443	DUSE	11.7988683401	-7.05601700033	0.292423278057	0.0494769415044	-0.618937139758	-0.0996489981553	-0.288305016667	-0.00599014606352	-0.00405159524924	-0.000731960503108
DU-4A	DUSE	-1.17152086688	-0.223388935257	-0.694465895338	-0.138975760614	-0.0281385048601	-0.0995999137503	0.285883141132	-0.0634362301069	-0.0504750775504	0.0281438029705
DU014LP012	DUSE	-0.985792594398	-0.105666791481	0.283498832353	0.185450017901	0.0549326610684	-0.333565980155	-0.300913987038	-0.0311183393708	0.00190138120017	0.0380238468772
DU037LP013	DUSE	-0.985792594398	-0.105666791481	0.283498832353	0.185450017901	0.0549326610684	-0.333565980155	-0.300913987038	-0.0311183393708	0.00190138120017	0.0380238468772
DU059LP015	DUSE	-1.11558141095	-0.14061845003	0.607368436736	0.474703332721	0.158137786556	-1.03792735134	-1.08286379822	-1.83256842039	3.24054590314	-1.40183981623
DU078LP011	DUSE	0.0640055353057	-0.897090389857	-1.61096476076	-0.452466209842	0.0516132133647	-0.194445741019	1.84760514072	0.0274136667068	0.0108449186447	0.00178825829223
DU079LP010	DUSE	0.0640055353057	-0.897090389857	-1.61096476076	-0.452466209842	0.0516132133647	-0.194445741019	1.84760514072	0.0274136667068	0.0108449186447	0.00178825829223
DUD_LP_132_Du-283	DUD	-1.17152086688	-0.223388935257	-0.694465895338	-0.138975760614	-0.0281385048601	-0.0995999137503	0.285883141132	-0.0634362301069	-0.0504750775504	0.0281438029705
DUD_LP_133_Du-284	DUD	-1.17152086688	-0.223388935257	-0.694465895338	-0.138975760614	-0.0281385048601	-0.0995999137503	0.285883141132	-0.0634362301069	-0.0504750775504	0.0281438029705
DUD_LP_134_Du-285	DUD	-1.17152086688	-0.223388935257	-0.694465895338	-0.138975760614	-0.0281385048601	-0.0995999137503	0.285883141132	-0.0634362301069	-0.0504750775504	0.0281438029705
DUD_LP_135_Du-286	DUD	-1.17152086688	-0.223388935257	-0.694465895338	-0.138975760614	-0.0281385048601	-0.0995999137503	0.285883141132	-0.0634362301069	-0.0504750775504	0.0281438029705
DUD_LP_136_Du-287	DUD	-1.17152086688	-0.223388935257	-0.694465895338	-0.138975760614	-0.0281385048601	-0.0995999137503	0.285883141132	-0.0634362301069	-0.0504750775504	0.0281438029705
DUD_LP_137_Du-288	DUD	-1.17152086688	-0.223388935257	-0.694465895338	-0.138975760614	-0.0281385048601	-0.0995999137503	0.285883141132	-0.0634362301069	-0.0504750775504	0.0281438029705
DUD_LP_138_Du-289	DUD	-1.17152086688	-0.223388935257	-0.694465895338	-0.138975760614	-0.0281385048601	-0.0995999137503	0.285883141132	-0.0634362301069	-0.0504750775504	0.0281438029705
DUD_LP_139_Du-290	DUD	-1.17152086688	-0.223388935257	-0.694465895338	-0.138975760614	-0.0281385048601	-0.0995999137503	0.285883141132	-0.0634362301069	-0.0504750775504	0.0281438029705
KIRN_LP_179_Du-421	KIRN	-1.17152086688	-0.223388935257	-0.694465895338	-0.138975760614	-0.0281385048601	-0.0995999137503	0.285883141132	-0.0634362301069	-0.0504750775504	0.0281438029705
KIRN_LP_180_Du-422	KIRN	-1.17152086688	-0.223388935257	-0.694465895338	-0.138975760614	-0.0281385048601	-0.0995999137503	0.285883141132	-0.0634362301069	-0.0504750775504	0.0281438029705
KIRN_LP_181_Du-423	KIRN	-1.17152086688	-0.223388935257	-0.694465895338	-0.138975760614	-0.0281385048601	-0.0995999137503	0.285883141132	-0.0634362301069	-0.0504750775504	0.0281438029705
KIRN_LP_182_Du-424	KIRN	-1.17152086688	-0.223388935257	-0.694465895338	-0.138975760614	-0.0281385048601	-0.0995999137503	0.285883141132	-0.0634362301069	-0.0504750775504	0.0281438029705
KIRN_LP_183_Du-425	KIRN	-1.17152086688	-0.223388935257	-0.694465895338	-0.138975760614	-0.0281385048601	-0.0995999137503	0.285883141132	-0.0634362301069	-0.0504750775504	0.0281438029705
KIRN_LP_184_Du-426	KIRN	-1.17152086688	-0.223388935257	-0.694465895338	-0.138975760614	-0.0281385048601	-0.0995999137503	0.285883141132	-0.0634362301069	-0.0504750775504	0.0281438029705
KIRN_LP_185_Du-427	KIRN	-1.17152086688	-0.223388935257	-0.694465895338	-0.138975760614	-0.0281385048601	-0.0995999137503	0.285883141132	-0.0634362301069	-0.0504750775504	0.0281438029705
KIRN_LP_186_Du-428	KIRN	-1.17152086688	-0.223388935257	-0.694465895338	-0.138975760614	-0.0281385048601	-0.0995999137503	0.285883141132	-0.0634362301069	-0.0504750775504	0.0281438029705
KIRN_LP_187_Du-429	KIRN	-1.17152086688	-0.223388935257	-0.694465895338	-0.138975760614	-0.0281385048601	-0.0995999137503	0.285883141132	-0.0634362301069	-0.0504750775504	0.0281438029705
KIRT_LP_159_Du-364	KIRT	-1.17152086688	-0.223388935257	-0.694465895338	-0.138975760614	-0.0281385048601	-0.0995999137503	0.285883141132	-0.0634362301069	-0.0504750775504	0.0281438029705
KIRT_LP_160_Du-365	KIRT	-1.17152086688	-0.223388935257	-0.694465895338	-0.138975760614	-0.0281385048601	-0.0995999137503	0.285883141132	-0.0634362301069	-0.0504750775504	0.0281438029705
KIRT_LP_161_Du-366	KIRT	-1.17152086688	-0.223388935257	-0.694465895338	-0.138975760614	-0.0281385048601	-0.0995999137503	0.285883141132	-0.0634362301069	-0.0504750775504	0.0281438029705
KIRT_LP_162_Du-367	KIRT	-1.17152086688	-0.223388935257	-0.694465895338	-0.138975760614	-0.0281385048601	-0.0995999137503	0.285883141132	-0.0634362301069	-0.0504750775504	0.0281438029705
KIRT_LP_163_Du-368	KIRT	-1.17152086688	-0.223388935257	-0.694465895338	-0.138975760614	-0.0281385048601	-0.0995999137503	0.285883141132	-0.0634362301069	-0.0504750775504	0.0281438029705
KIRT_LP_164_Du-369	KIRT	-1.17152086688	-0.223388935257	-0.694465895338	-0.138975760614	-0.0281385048601	-0.0995999137503	0.285883141132	-0.0634362301069	-0.0504750775504	0.0281438029705
KIRT_LP_165_Du-370	KIRT	-1.17152086688	-0.223388935257	-0.694465895338	-0.138975760614	-0.0281385048601	-0.0995999137503	0.285883141132	-0.0634362301069	-0.0504750775504	0.0281438029705
KIRT_LP_166_Du-371	KIRT	-1.17152086688	-0.223388935257	-0.694465895338	-0.138975760614	-0.0281385048601	-0.0995999137503	0.285883141132	-0.0634362301069	-0.0504750775504	0.0281438029705
KIRT_LP_167_Du-372	KIRT	-1.17152086688	-0.223388935257	-0.694465895338	-0.138975760614	-0.0281385048601	-0.0995999137503	0.285883141132	-0.0634362301069	-0.0504750775504	0.0281438029705
KIRT_LP_168_Du-373	KIRT	-1.17152086688	-0.223388935257	-0.694465895338	-0.138975760614	-0.0281385048601	-0.0995999137503	0.285883141132	-0.0634362301069	-0.0504750775504	0.0281438029705
MALV_LP_095_Du-201	MALV	-1.17152086688	-0.223388935257	-0.694465895338	-0.138975760614	-0.0281385048601	-0.0995999137503	0.285883141132	-0.0634362301069	-0.0504750775504	0.0281438029705
MALV_LP_096_Du-202	MALV	-1.17152086688	-0.223388935257	-0.694465895338	-0.138975760614	-0.0281385048601	-0.0995999137503	0.285883141132	-0.0634362301069	-0.0504750775504	0.0281438029705
MALV_LP_097_Du-203	MALV	-1.17152086688	-0.223388935257	-0.694465895338	-0.138975760614	-0.0281385048601	-0.0995999137503	0.285883141132	-0.0634362301069	-0.0504750775504	0.0281438029705
MALV_LP_098_Du-204	MALV	-1.17152086688	-0.223388935257	-0.694465895338	-0.138975760614	-0.0281385048601	-0.0995999137503	0.285883141132	-0.0634362301069	-0.0504750775504	0.0281438029705
MALV_LP_099_Du-205	MALV	-1.17152086688	-0.223388935257	-0.694465895338	-0.138975760614	-0.0281385048601	-0.0995999137503	0.285883141132	-0.0634362301069	-0.0504750775504	0.0281438029705
MALV_LP_100_Du-206	MALV	-1.17152086688	-0.223388935257	-0.694465895338	-0.138975760614	-0.0281385048601	-0.0995999137503	0.285883141132	-0.0634362301069	-0.0504750775504	0.0281438029705
MALV_LP_101_Du-207	MALV	-1.17152086688	-0.223388935257	-0.694465895338	-0.138975760614	-0.0281385048601	-0.0995999137503	0.285883141132	-0.0634362301069	-0.0504750775504	0.0281438029705
MALV_LP_102_Du-208	MALV	-1.17152086688	-0.223388935257	-0.694465895338	-0.138975760614	-0.0281385048601	-0.0995999137503	0.285883141132	-0.0634362301069	-0.0504750775504	0.0281438029705
MALV_LP_103_Du-209	MALV	-1.17152086688	-0.223388935257	-0.694465895338	-0.138975760614	-0.0281385048601	-0.0995999137503	0.285883141132	-0.0634362301069	-0.0504750775504	0.0281438029705
MALV_LP_104_Du-210	MALV	-1.17152086688	-0.223388935257	-0.694465895338	-0.138975760614	-0.0281385048601	-0.0995999137503	0.285883141132	-0.0634362301069	-0.0504750775504	0.0281438029705
OCO_LP_058_Du-115	OCO	5.95233691308	4.72738393475	0.00931023358117	0.114772759692	3.87034469526	1.16498390519	-0.352662714091	-0.0180997322665	-0.0243545044533	-0.00432392988573
OCO_LP_059_Du-106	OCO	5.95233691308	4.72738393475	0.00931023358117	0.114772759692	3.87034469526	1.16498390519	-0.352662714091	-0.0180997322665	-0.0243545044533	-0.00432392988573
OCO_LP_060_Du-107	OCO	5.95233691308	4.72738393475	0.00931023358117	0.114772759692	3.87034469526	1.16498390519	-0.352662714091	-0.0180997322665	-0.0243545044533	-0.00432392988573
OCO_LP_061_Du-108	OCO	5.95233691308	4.72738393475	0.00931023358117	0.114772759692	3.87034469526	1.16498390519	-0.352662714091	-0.0180997322665	-0.0243545044533	-0.00432392988573
OCO_LP_062_Du-109	OCO	5.95233691308	4.72738393475	0.00931023358117	0.114772759692	3.87034469526	1.16498390519	-0.352662714091	-0.0180997322665	-0.0243545044533	-0.00432392988573
OCO_LP_063_Du-110	OCO	5.95233691308	4.72738393475	0.00931023358117	0.114772759692	3.87034469526	1.16498390519	-0.352662714091	-0.0180997322665	-0.0243545044533	-0.00432392988573
OCO_LP_064_Du-111	OCO	5.95233691308	4.72738393475	0.00931023358117	0.114772759692	3.87034469526	1.16498390519	-0.352662714091	-0.0180997322665	-0.0243545044533	-0.00432392988573
OCO_LP_065_Du-112	OCO	5.95233691308	4.72738393475	0.00931023358117	0.114772759692	3.87034469526	1.16498390519	-0.352662714091	-0.0180997322665	-0.0243545044533	-0.00432392988573
OCO_LP_066_Du-113	OCO	5.95233691308	4.72738393475	0.00931023358117	0.114772759692	3.87034469526	1.16498390519	-0.352662714091	-0.0180997322665	-0.0243545044533	-0.00432392988573
OCO_LP_067_Du-114	OCO	5.95233691308	4.72738393475	0.00931023358117	0.114772759692	3.87034469526	1.16498390519	-0.352662714091	-0.0180997322665	-0.0243545044533	-0.00432392988573
QUI1_LP_249_Du-648	QUI1	-0.985792594398	-0.105666791481	0.283498832353	0.185450017901	0.0549326610684	-0.333565980155	-0.300913987038	-0.0311183393708	0.00190138120017	0.0380238468772
QUI1_LP_250_Du-649	QUI1	-0.985792594398	-0.105666791481	0.283498832353	0.185450017901	0.0549326610684	-0.333565980155	-0.300913987038	-0.0311183393708	0.00190138120017	0.0380238468772
QUI1_LP_252_Du-651	QUI1	-0.985792594398	-0.105666791481	0.283498832353	0.185450017901	0.0549326610684	-0.333565980155	-0.300913987038	-0.0311183393708	0.00190138120017	0.0380238468772
QUI1_LP_253_Du-652	QUI1	-0.985792594398	-0.105666791481	0.283498832353	0.185450017901	0.0549326610684	-0.333565980155	-0.300913987038	-0.0311183393708	0.00190138120017	0.0380238468772
QUI1_LP_254_Du-653	QUI1	-0.985792594398	-0.105666791481	0.283498832353	0.185450017901	0.0549326610684	-0.333565980155	-0.300913987038	-0.0311183393708	0.00190138120017	0.0380238468772
QUI1_LP_255_Du-654	QUI1	-0.985792594398	-0.105666791481	0.283498832353	0.185450017901	0.0549326610684	-0.333565980155	-0.300913987038	-0.0311183393708	0.00190138120017	0.0380238468772
QUI1_LP_257_Du-656	QUI1	-0.985792594398	-0.105666791481	0.283498832353	0.185450017901	0.0549326610684	-0.333565980155	-0.300913987038	-0.0311183393708	0.00190138120017	0.0380238468772
QUI1_LP_258_Du-657	QUI1	-0.985792594398	-0.105666791481	0.283498832353	0.185450017901	0.0549326610684	-0.333565980155	-0.300913987038	-0.0311183393708	0.00190138120017	0.0380238468772
QUI2_LP_243_Du-631	QUI2	-1.11970917619	-0.141932980394	0.627438469919	0.496381631548	0.16691857104	-1.10315126871	-1.16783589924	2.95133578959	-0.0694015192362	-0.680410039375
QUI2_LP_244_Du-632	QUI2	-1.11970917619	-0.141932980394	0.627438469919	0.496381631548	0.16691857104	-1.10315126871	-1.16783589924	2.95133578959	-0.0694015192362	-0.680410039375
QUI2_LP_245_Du-633	QUI2	-1.11970917619	-0.141932980394	0.627438469919	0.496381631548	0.16691857104	-1.10315126871	-1.16783589924	2.95133578959	-0.0694015192362	-0.680410039375
QUI2_LP_246_Du-634	QUI2	-1.11970917619	-0.141932980394	0.627438469919	0.496381631548	0.16691857104	-1.10315126871	-1.16783589924	2.95133578959	-0.0694015192362	-0.680410039375
QUI2_LP_247_Du-635	QUI2	-1.11970917619	-0.141932980394	0.627438469919	0.496381631548	0.16691857104	-1.10315126871	-1.16783589924	2.95133578959	-0.0694015192362	-0.680410039375
QUI2_LP_248_Du-636	QUI2	-1.11970917619	-0.141932980394	0.627438469919	0.496381631548	0.16691857104	-1.10315126871	-1.16783589924	2.95133578959	-0.0694015192362	-0.680410039375
QUI2_LP_337_Du-638	QUI2	-1.11970917619	-0.141932980394	0.627438469919	0.496381631548	0.16691857104	-1.10315126871	-1.16783589924	2.95133578959	-0.0694015192362	-0.680410039375
QUI2_LP_338_Du-639	QUI2	-1.11970917619	-0.141932980394	0.627438469919	0.496381631548	0.16691857104	-1.10315126871	-1.16783589924	2.95133578959	-0.0694015192362	-0.680410039375
QUI2_LP_339_Du-640	QUI2	-1.11970917619	-0.141932980394	0.627438469919	0.496381631548	0.16691857104	-1.10315126871	-1.16783589924	2.95133578959	-0.0694015192362	-0.680410039375
QUI2_LP_340_Du-641	QUI2	-1.11970917619	-0.141932980394	0.627438469919	0.496381631548	0.16691857104	-1.10315126871	-1.16783589924	2.95133578959	-0.0694015192362	-0.680410039375
QUIN_LP_069_Du-155	QUIN	-1.11970917619	-0.141932980394	0.627438469919	0.496381631548	0.16691857104	-1.10315126871	-1.16783589924	2.95133578959	-0.0694015192362	-0.680410039375
QUIN_LP_070_Du-156	QUIN	-1.11970917619	-0.141932980394	0.627438469919	0.496381631548	0.16691857104	-1.10315126871	-1.16783589924	2.95133578959	-0.0694015192362	-0.680410039375
QUIN_LP_071_Du-157	QUIN	-1.11970917619	-0.141932980394	0.627438469919	0.496381631548	0.16691857104	-1.10315126871	-1.16783589924	2.95133578959	-0.0694015192362	-0.680410039375
QUIN_LP_072_Du-158	QUIN	-1.11970917619	-0.141932980394	0.627438469919	0.496381631548	0.16691857104	-1.10315126871	-1.16783589924	2.95133578959	-0.0694015192362	-0.680410039375
QUIN_LP_073_Du-159	QUIN	-1.11970917619	-0.141932980394	0.627438469919	0.496381631548	0.16691857104	-1.10315126871	-1.16783589924	2.95133578959	-0.0694015192362	-0.680410039375
QUIN_LP_074_Du-160	QUIN	-1.11970917619	-0.141932980394	0.627438469919	0.496381631548	0.16691857104	-1.10315126871	-1.16783589924	2.95133578959	-0.0694015192362	-0.680410039375
QUIN_LP_075_Du-161	QUIN	-1.11970917619	-0.141932980394	0.627438469919	0.496381631548	0.16691857104	-1.10315126871	-1.16783589924	2.95133578959	-0.0694015192362	-0.680410039375
QUIN_LP_076_Du-162	QUIN	-1.11970917619	-0.141932980394	0.627438469919	0.496381631548	0.16691857104	-1.10315126871	-1.16783589924	2.95133578959	-0.0694015192362	-0.680410039375
QUIN_LP_077_Du-163	QUIN	-1.11970917619	-0.141932980394	0.627438469919	0.496381631548	0.16691857104	-1.10315126871	-1.16783589924	2.95133578959	-0.0694015192362	-0.680410039375
QUIN_LP_318_Du-164	QUIN	-1.11970917619	-0.141932980394	0.627438469919	0.496381631548	0.16691857104	-1.10315126871	-1.16783589924	2.95133578959	-0.0694015192362	-0.680410039375
RIC_LP_192_Du-521	RIC	-1.17152086688	-0.223388935257	-0.694465895338	-0.138975760614	-0.0281385048601	-0.0995999137503	0.285883141132	-0.0634362301069	-0.0504750775504	0.0281438029705
RIC_LP_193_Du-522	RIC	-1.17152086688	-0.223388935257	-0.694465895338	-0.138975760614	-0.0281385048601	-0.0995999137503	0.285883141132	-0.0634362301069	-0.0504750775504	0.0281438029705
RIC_LP_194_Du-523	RIC	-1.17152086688	-0.223388935257	-0.694465895338	-0.138975760614	-0.0281385048601	-0.0995999137503	0.285883141132	-0.0634362301069	-0.0504750775504	0.0281438029705
RIC_LP_195_Du-524	RIC	-1.17152086688	-0.223388935257	-0.694465895338	-0.138975760614	-0.0281385048601	-0.0995999137503	0.285883141132	-0.0634362301069	-0.0504750775504	0.0281438029705
RIC_LP_196_Du-525	RIC	-1.17152086688	-0.223388935257	-0.694465895338	-0.138975760614	-0.0281385048601	-0.0995999137503	0.285883141132	-0.0634362301069	-0.0504750775504	0.0281438029705
RIC_LP_197_Du-526	RIC	-1.30305631661	-0.261121967835	-0.450398345374	0.114133340213	0.0639187248776	-0.768672344651	-0.387149475068	-1.99852148773	-3.18421813502	-1.38499618656
RIC_LP_198_Du-527	RIC	-1.17152086688	-0.223388935257	-0.694465895338	-0.138975760614	-0.0281385048601	-0.0995999137503	0.285883141132	-0.0634362301069	-0.0504750775504	0.0281438029705
RIC_LP_199_Du-528	RIC	-1.17152086688	-0.223388935257	-0.694465895338	-0.138975760614	-0.0281385048601	-0.0995999137503	0.285883141132	-0.0634362301069	-0.0504750775504	0.0281438029705
RIC_LP_200_Du-529	RIC	-1.17152086688	-0.223388935257	-0.694465895338	-0.138975760614	-0.0281385048601	-0.0995999137503	0.285883141132	-0.0634362301069	-0.0504750775504	0.0281438029705
RIC_LP_201_Du-530	RIC	-1.17152086688	-0.223388935257	-0.694465895338	-0.138975760614	-0.0281385048601	-0.0995999137503	0.285883141132	-0.0634362301069	-0.0504750775504	0.0281438029705
RSV_LP_049_Du-85	RSV	-0.985792594398	-0.105666791481	0.283498832353	0.185450017901	0.0549326610684	-0.333565980155	-0.300913987038	-0.0311183393708	0.00190138120017	0.0380238468772
RSV_LP_050_Du-87	RSV	-0.985792594398	-0.105666791481	0.283498832353	0.185450017901	0.0549326610684	-0.333565980155	-0.300913987038	-0.0311183393708	0.00190138120017	0.0380238468772
RSV_LP_051_Du-88	RSV	-0.985792594398	-0.105666791481	0.283498832353	0.185450017901	0.0549326610684	-0.333565980155	-0.300913987038	-0.0311183393708	0.00190138120017	0.0380238468772
RSV_LP_052_Du-89	RSV	-0.985792594398	-0.105666791481	0.283498832353	0.185450017901	0.0549326610684	-0.333565980155	-0.300913987038	-0.0311183393708	0.00190138120017	0.0380238468772
RSV_LP_053_Du-90	RSV	-0.985792594398	-0.105666791481	0.283498832353	0.185450017901	0.0549326610684	-0.333565980155	-0.300913987038	-0.0311183393708	0.00190138120017	0.0380238468772
RSV_LP_055_Du-92	RSV	-0.985792594398	-0.105666791481	0.283498832353	0.185450017901	0.0549326610684	-0.333565980155	-0.300913987038	-0.0311183393708	0.00190138120017	0.0380238468772
RSV_LP_057_Du-94	RSV	-0.985792594398	-0.105666791481	0.283498832353	0.185450017901	0.0549326610684	-0.333565980155	-0.300913987038	-0.0311183393708	0.00190138120017	0.0380238468772
RSV_LP_315_Du-95	RSV	-0.985792594398	-0.105666791481	0.283498832353	0.185450017901	0.0549326610684	-0.333565980155	-0.300913987038	-0.0311183393708	0.00190138120017	0.0380238468772
RSV_LP_316_Du-96	RSV	-0.985792594398	-0.105666791481	0.283498832353	0.185450017901	0.0549326610684	-0.333565980155	-0.300913987038	-0.0311183393708	0.00190138120017	0.0380238468772
SILG_LP_149_Du-343	SILG	-1.27207295705	-0.19841391856	4.78650383324	-3.31758309878	-0.460897497022	2.13276514143	1.38474493707	0.0591083434086	-0.00357775615054	-0.0848223498732
SILG_LP_150_Du-344	SILG	-1.27207295705	-0.19841391856	4.78650383324	-3.31758309878	-0.460897497022	2.13276514143	1.38474493707	0.0591083434086	-0.00357775615054	-0.0848223498732
SILG_LP_151_Du-345	SILG	-1.27086226566	-0.197942984402	4.74841059663	-3.28206723356	-0.4550205891	2.10244672419	1.36092300804	0.0512622897499	-0.00289451648608	-0.0290342768295
SILG_LP_152_Du-346	SILG	-1.27086226566	-0.197942984402	4.74841059663	-3.28206723356	-0.4550205891	2.10244672419	1.36092300804	0.0512622897499	-0.00289451648608	-0.0290342768295
SILG_LP_153_Du-347	SILG	-1.27207295705	-0.19841391856	4.78650383324	-3.31758309878	-0.460897497022	2.13276514143	1.38474493707	0.0591083434086	-0.00357775615054	-0.0848223498732
SILG_LP_154_Du-348	SILG	-1.27207295705	-0.19841391856	4.78650383324	-3.31758309878	-0.460897497022	2.13276514143	1.38474493707	0.0591083434086	-0.00357775615054	-0.0848223498732
SILG_LP_155_Du-349	SILG	-1.27086226566	-0.197942984402	4.74841059663	-3.28206723356	-0.4550205891	2.10244672419	1.36092300804	0.0512622897499	-0.00289451648608	-0.0290342768295
SILG_LP_156_Du-350	SILG	-1.27086226566	-0.197942984402	4.74841059663	-3.28206723356	-0.4550205891	2.10244672419	1.36092300804	0.0512622897499	-0.00289451648608	-0.0290342768295
SILG_LP_157_Du-351	SILG	-1.27207295705	-0.19841391856	4.78650383324	-3.31758309878	-0.460897497022	2.13276514143	1.38474493707	0.0591083434086	-0.00357775615054	-0.0848223498732
SILG_LP_158_Du-352	SILG	-1.27207295705	-0.19841391856	4.78650383324	-3.31758309878	-0.460897497022	2.13276514143	1.38474493707	0.0591083434086	-0.00357775615054	-0.0848223498732
SILR_LP_346_Du-729	SILR	0.0640055353057	-0.897090389857	-1.61096476076	-0.452466209842	0.0516132133647	-0.194445741019	1.84760514072	0.0274136667068	0.0108449186447	0.00178825829223
SILR_LP_347_Du-730	SILR	0.0640055353057	-0.897090389857	-1.61096476076	-0.452466209842	0.0516132133647	-0.194445741019	1.84760514072	0.0274136667068	0.0108449186447	0.00178825829223
SILR_LP_348_Du-731	SILR	0.0640055353057	-0.897090389857	-1.61096476076	-0.452466209842	0.0516132133647	-0.194445741019	1.84760514072	0.0274136667068	0.0108449186447	0.00178825829223
SILR_LP_349_Du-732	SILR	0.0640055353057	-0.897090389857	-1.61096476076	-0.452466209842	0.0516132133647	-0.194445741019	1.84760514072	0.0274136667068	0.0108449186447	0.00178825829223
SILR_LP_351_Du-734	SILR	0.0640055353057	-0.897090389857	-1.61096476076	-0.452466209842	0.0516132133647	-0.194445741019	1.84760514072	0.0274136667068	0.0108449186447	0.00178825829223
SILR_LP_353_Du-736	SILR	0.0640055353057	-0.897090389857	-1.61096476076	-0.452466209842	0.0516132133647	-0.194445741019	1.84760514072	0.0274136667068	0.0108449186447	0.00178825829223
STI_LP_027_Du-45	STI	-1.11010740256	-0.13889771849	0.582447495722	0.448503071275	0.147741866112	-0.961857388678	-0.986821237638	-0.578430095998	0.0500127161537	3.35164605135
STI_LP_028_Du-46	STI	-1.11558141095	-0.14061845003	0.607368436736	0.474703332721	0.158137786556	-1.03792735134	-1.08286379822	-1.83256842039	3.24054590314	-1.40183981623
STI_LP_029_Du-47	STI	-1.11558141095	-0.14061845003	0.607368436736	0.474703332721	0.158137786556	-1.03792735134	-1.08286379822	-1.83256842039	3.24054590314	-1.40183981623
STI_LP_030_Du-48	STI	-1.11558141095	-0.14061845003	0.607368436736	0.474703332721	0.158137786556	-1.03792735134	-1.08286379822	-1.83256842039	3.24054590314	-1.40183981623
STI_LP_031_Du-49	STI	-1.11558141095	-0.14061845003	0.607368436736	0.474703332721	0.158137786556	-1.03792735134	-1.08286379822	-1.83256842039	3.24054590314	-1.40183981623
STI_LP_032_Du-50	STI	-1.11558141095	-0.14061845003	0.607368436736	0.474703332721	0.158137786556	-1.03792735134	-1.08286379822	-1.83256842039	3.24054590314	-1.40183981623
STI_LP_033_Du-51	STI	-1.11558141095	-0.14061845003	0.607368436736	0.474703332721	0.158137786556	-1.03792735134	-1.08286379822	-1.83256842039	3.24054590314	-1.40183981623
STI_LP_034_Du-52	STI	-1.11558141095	-0.14061845003	0.607368436736	0.474703332721	0.158137786556	-1.03792735134	-1.08286379822	-1.83256842039	3.24054590314	-1.40183981623
STI_LP_035_Du-53	STI	-1.11558141095	-0.14061845003	0.607368436736	0.474703332721	0.158137786556	-1.03792735134	-1.08286379822	-1.83256842039	3.24054590314	-1.40183981623
STI_LP_036_Du-54	STI	-1.11558141095	-0.14061845003	0.607368436736	0.474703332721	0.158137786556	-1.03792735134	-1.08286379822	-1.83256842039	3.24054590314	-1.40183981623
STI_LP_037_Du-55	STI	-1.11558141095	-0.14061845003	0.607368436736	0.474703332721	0.158137786556	-1.03792735134	-1.08286379822	-1.83256842039	3.24054590314	-1.40183981623
STI_LP_038_Du-56	STI	-1.11558141095	-0.14061845003	0.607368436736	0.474703332721	0.158137786556	-1.03792735134	-1.08286379822	-1.83256842039	3.24054590314	-1.40183981623
STI_LP_039_Du-57	STI	-1.11558141095	-0.14061845003	0.607368436736	0.474703332721	0.158137786556	-1.03792735134	-1.08286379822	-1.83256842039	3.24054590314	-1.40183981623
STI_LP_040_Du-58	STI	-1.11010740256	-0.13889771849	0.582447495722	0.448503071275	0.147741866112	-0.961857388678	-0.986821237638	-0.578430095998	0.0500127161537	3.35164605135
STI_LP_041_Du-60	STI	-1.11558141095	-0.14061845003	0.607368436736	0.474703332721	0.158137786556	-1.03792735134	-1.08286379822	-1.83256842039	3.24054590314	-1.40183981623
STI_LP_042_Du-61	STI	-1.11010740256	-0.13889771849	0.582447495722	0.448503071275	0.147741866112	-0.961857388678	-0.986821237638	-0.578430095998	0.0500127161537	3.35164605135
TIL_LP_123_Du-263	TIL	-1.1106339368	-0.139062129605	0.584765667271	0.45090755779	0.148686252227	-0.968716922784	-0.995350617814	-0.61938414159	0.055270329297	4.98472123136
TIL_LP_124_Du-264	TIL	-1.11010740256	-0.13889771849	0.582447495722	0.448503071275	0.147741866112	-0.961857388678	-0.986821237638	-0.578430095998	0.0500127161537	3.35164605135
TIL_LP_125_Du-265	TIL	-0.985792594398	-0.105666791481	0.283498832353	0.185450017901	0.0549326610684	-0.333565980155	-0.300913987038	-0.0311183393708	0.00190138120017	0.0380238468772
TIL_LP_126_Du-266	TIL	-0.985792594398	-0.105666791481	0.283498832353	0.185450017901	0.0549326610684	-0.333565980155	-0.300913987038	-0.0311183393708	0.00190138120017	0.0380238468772
TIL_LP_128_Du-268	TIL	-0.985792594398	-0.105666791481	0.283498832353	0.185450017901	0.0549326610684	-0.333565980155	-0.300913987038	-0.0311183393708	0.00190138120017	0.0380238468772
TIL_LP_129_Du-269	TIL	-1.1106339368	-0.139062129605	0.584765667271	0.45090755779	0.148686252227	-0.968716922784	-0.995350617814	-0.61938414159	0.055270329297	4.98472123136
TIL_LP_130_Du-271	TIL	-1.1106339368	-0.139062129605	0.584765667271	0.45090755779	0.148686252227	-0.968716922784	-0.995350617814	-0.61938414159	0.055270329297	4.98472123136
TIL_LP_131_Du-272	TIL	-1.1106339368	-0.139062129605	0.584765667271	0.45090755779	0.148686252227	-0.968716922784	-0.995350617814	-0.61938414159	0.055270329297	4.98472123136
TULP_LP_115_Du-242	TULP	-1.32957340504	-0.305061664312	-2.23946507169	-0.945577105232	-0.806128291614	2.38394533108	-1.49382566424	0.0133750815597	0.00743981993741	-0.00141496571471
TULP_LP_116_Du-243	TULP	-1.17152086688	-0.223388935257	-0.694465895338	-0.138975760614	-0.0281385048601	-0.0995999137503	0.285883141132	-0.0634362301069	-0.0504750775504	0.0281438029705
TULP_LP_117_Du-244	TULP	-1.17152086688	-0.223388935257	-0.694465895338	-0.138975760614	-0.0281385048601	-0.0995999137503	0.285883141132	-0.0634362301069	-0.0504750775504	0.0281438029705
TULP_LP_118_Du-245	TULP	-1.17152086688	-0.223388935257	-0.694465895338	-0.138975760614	-0.0281385048601	-0.0995999137503	0.285883141132	-0.0634362301069	-0.0504750775504	0.0281438029705
TULP_LP_119_Du-246	TULP	-1.17152086688	-0.223388935257	-0.694465895338	-0.138975760614	-0.0281385048601	-0.0995999137503	0.285883141132	-0.0634362301069	-0.0504750775504	0.0281438029705
TULP_LP_120_Du-248	TULP	-1.32957340504	-0.305061664312	-2.23946507169	-0.945577105232	-0.806128291614	2.38394533108	-1.49382566424	0.0133750815597	0.00743981993741	-0.00141496571471
TULP_LP_121_Du-249	TULP	-1.17152086688	-0.223388935257	-0.694465895338	-0.138975760614	-0.0281385048601	-0.0995999137503	0.285883141132	-0.0634362301069	-0.0504750775504	0.0281438029705
TULP_LP_122_Du-250	TULP	-1.17152086688	-0.223388935257	-0.694465895338	-0.138975760614	-0.0281385048601	-0.0995999137503	0.285883141132	-0.0634362301069	-0.0504750775504	0.0281438029705
TULP_LP_140_Du-302	TULP	-1.17152086688	-0.223388935257	-0.694465895338	-0.138975760614	-0.0281385048601	-0.0995999137503	0.285883141132	-0.0634362301069	-0.0504750775504	0.0281438029705
TULP_LP_141_Du-303	TULP	-1.32957340504	-0.305061664312	-2.23946507169	-0.945577105232	-0.806128291614	2.38394533108	-1.49382566424	0.0133750815597	0.00743981993741	-0.00141496571471
TULP_LP_142_Du-304	TULP	-1.32957340504	-0.305061664312	-2.23946507169	-0.945577105232	-0.806128291614	2.38394533108	-1.49382566424	0.0133750815597	0.00743981993741	-0.00141496571471
TULP_LP_143_Du-305	TULP	-1.17152086688	-0.223388935257	-0.694465895338	-0.138975760614	-0.0281385048601	-0.0995999137503	0.285883141132	-0.0634362301069	-0.0504750775504	0.0281438029705
TULP_LP_144_Du-306	TULP	-1.17152086688	-0.223388935257	-0.694465895338	-0.138975760614	-0.0281385048601	-0.0995999137503	0.285883141132	-0.0634362301069	-0.0504750775504	0.0281438029705
TULP_LP_145_Du-307	TULP	-1.32957340504	-0.305061664312	-2.23946507169	-0.945577105232	-0.806128291614	2.38394533108	-1.49382566424	0.0133750815597	0.00743981993741	-0.00141496571471
TULP_LP_146_Du-308	TULP	-1.17152086688	-0.223388935257	-0.694465895338	-0.138975760614	-0.0281385048601	-0.0995999137503	0.285883141132	-0.0634362301069	-0.0504750775504	0.0281438029705
TULP_LP_147_Du-309	TULP	-1.32957340504	-0.305061664312	-2.23946507169	-0.945577105232	-0.806128291614	2.38394533108	-1.49382566424	0.0133750815597	0.00743981993741	-0.00141496571471
TULP_LP_148_Du-310	TULP	-1.32957340504	-0.305061664312	-2.23946507169	-0.945577105232	-0.806128291614	2.38394533108	-1.49382566424	0.0133750815597	0.00743981993741	-0.00141496571471
