organelle	population	sample_count	sample_ids	pairwise_differences	jointly_callable_sites	pairwise_callable_sites	nucleotide_diversity	haplotype_count	haplotype_diversity	haplotype_assigned_samples	haplotype_ambiguous_samples
mitochondria	ABAB_MAD	7	ABAB_MAD_LP_223_Du-590,ABAB_MAD_LP_322_Du-593,ABAB_MAD_LP_323_Du-594,ABAB_MAD_LP_324_Du-595,ABAB_MAD_LP_325_Du-596,ABAB_MAD_LP_326_Du-597,ABAB_MAD_LP_327_Du-598	30	37932	796572	3.76613790091e-05	2	1	2	5
mitochondria	ABBE_BERN	4	ABBE_BERN_LP_311_Du-780,ABBE_BERN_LP_312_Du-781,ABBE_BERN_LP_313_Du-782,ABBE_BERN_LP_314_Du-783	3	42974	257844	1.1634942058e-05	1	0	2	2
mitochondria	ABMU_HOR	6	ABMU_HOR_LP_306_Du-775,ABMU_HOR_LP_308_Du-777,ABMU_HOR_LP_358_Du-770,ABMU_HOR_LP_359_Du-771,ABMU_HOR_LP_360_Du-772,ABMU_HOR_LP_361_Du-773	35	43158	647370	5.40649087848e-05	1	0	1	5
mitochondria	BAI	10	BAI_LP_105_Du-222,BAI_LP_106_Du-223,BAI_LP_108_Du-225,BAI_LP_109_Du-226,BAI_LP_110_Du-227,BAI_LP_111_Du-228,BAI_LP_112_Du-230,BAI_LP_113_Du-231,BAI_LP_114_Du-232,BAI_LP_319_Du-233	30	43156	1942020	1.54478326691e-05	3	0.6	10	0
mitochondria	COM	9	COM_LP_269_Du-703,COM_LP_270_Du-704,COM_LP_272_Du-707,COM_LP_274_Du-709,COM_LP_276_Du-711,COM_LP_277_Du-712,COM_LP_341_Du-713,COM_LP_342_Du-714,COM_LP_343_Du-715	16	43175	1554300	1.02940230329e-05	1	0	3	6
mitochondria	CROB	10	CROB_LP_169_Du-381,CROB_LP_170_Du-382,CROB_LP_172_Du-384,CROB_LP_173_Du-385,CROB_LP_174_Du-386,CROB_LP_175_Du-387,CROB_LP_176_Du-388,CROB_LP_177_Du-389,CROB_LP_320_Du-395,CROB_LP_321_Du-396	9	42187	1898415	4.74079692796e-06	2	0.222222222222	9	1
mitochondria	CROS	10	CROS_LP_085_Du-181,CROS_LP_086_Du-182,CROS_LP_087_Du-183,CROS_LP_088_Du-184,CROS_LP_089_Du-185,CROS_LP_090_Du-186,CROS_LP_091_Du-187,CROS_LP_092_Du-188,CROS_LP_093_Du-189,CROS_LP_094_Du-190	136	43175	1942875	6.99993566236e-05	4	0.711111111111	10	0
mitochondria	CY_ALA	3	CY_ALA_LP_298-Du-767,CY_ALA_LP_299-Du-768,CY_ALA_LP_357_Du-769	0	43159	129477	0	1	0	3	0
mitochondria	CY_BAL	2	CY_BAL_LP_226_Du-602,CY_BAL_LP_227_Du-603	0	42634	42634	0	0	nan	0	2
mitochondria	CY_BGL	2	CY_BGL_LP_210_Du-577,CY_BGL_LP_212_Du-579	3	43162	43162	6.95055836152e-05	2	1	2	0
mitochondria	CY_BOU	5	CY_BOU_LP_288_Du-737,CY_BOU_LP_290_Du-739,CY_BOU_LP_291_Du-740,CY_BOU_LP_292_Du-741,CY_BOU_LP_354_Du-742	0	42553	425530	0	1	0	4	1
mitochondria	CY_CAS	5	CY_CAS_LP_328_Du-610,CY_CAS_LP_329_Du-611,CY_CAS_LP_330_Du-607,CY_CAS_LP_331_Du-608,CY_CAS_LP_332_Du-609	148	43038	430380	0.000343882150658	1	0	3	2
mitochondria	CY_HICN	5	CY_HICN_LP_236_Du-614,CY_HICN_LP_333_Du-612,CY_HICN_LP_334_Du-613,CY_HICN_LP_335_Du-615,CY_HICN_LP_336_Du-616	12	43154	431540	2.78073874959e-05	0	nan	0	5
mitochondria	CY_HICS	4	CY_HICS_LP_293_Du-757,CY_HICS_LP_297_Du-761,CY_HICS_LP_355_Du-762,CY_HICS_LP_356_Du-763	0	42608	255648	0	1	0	3	1
mitochondria	CY_HUN	4	CY_HUN_LP_264_Du-683,CY_HUN_LP_266_Du-685,CY_HUN_LP_267_Du-686,CY_HUN_LP_268_Du-687	0	39509	237054	0	0	nan	0	4
mitochondria	CY_SIE	4	CY_SIE_LP_188_Du-445,CY_SIE_LP_189_Du-446,CY_SIE_LP_190_Du-447,CY_SIE_LP_191_Du-448	117	43170	259020	0.00045170257123	2	1	2	2
mitochondria	CY_WOO	5	CY_WOO_LP_259_Du-664,CY_WOO_LP_260_Du-665,CY_WOO_LP_261_Du-667,CY_WOO_LP_262_Du-668,CY_WOO_LP_263_Du-669	4	40341	403410	9.91547061302e-06	1	0	3	2
mitochondria	DAN	5	DAN_LP_043_Du-68,DAN_LP_044_Du-69,DAN_LP_045_Du-70,DAN_LP_046_Du-71,DAN_LP_047_Du-72	0	42987	429870	0	0	nan	0	5
mitochondria	DOV	7	DOV_LP_078_Du-174,DOV_LP_079_Du-175,DOV_LP_080_Du-176,DOV_LP_081_Du-177,DOV_LP_082_Du-178,DOV_LP_083_Du-179,DOV_LP_084_Du-180	0	43055	904155	0	1	0	7	0
mitochondria	DUD	8	DUD_LP_132_Du-283,DUD_LP_133_Du-284,DUD_LP_134_Du-285,DUD_LP_135_Du-286,DUD_LP_136_Du-287,DUD_LP_137_Du-288,DUD_LP_138_Du-289,DUD_LP_139_Du-290	21	42528	1190784	1.76354401806e-05	2	0.285714285714	7	1
mitochondria	KIRN	9	KIRN_LP_179_Du-421,KIRN_LP_180_Du-422,KIRN_LP_181_Du-423,KIRN_LP_182_Du-424,KIRN_LP_183_Du-425,KIRN_LP_184_Du-426,KIRN_LP_185_Du-427,KIRN_LP_186_Du-428,KIRN_LP_187_Du-429	0	43177	1554372	0	1	0	9	0
mitochondria	KIRT	10	KIRT_LP_159_Du-364,KIRT_LP_160_Du-365,KIRT_LP_161_Du-366,KIRT_LP_162_Du-367,KIRT_LP_163_Du-368,KIRT_LP_164_Du-369,KIRT_LP_165_Du-370,KIRT_LP_166_Du-371,KIRT_LP_167_Du-372,KIRT_LP_168_Du-373	0	43127	1940715	0	1	0	10	0
mitochondria	MALV	10	MALV_LP_095_Du-201,MALV_LP_096_Du-202,MALV_LP_097_Du-203,MALV_LP_098_Du-204,MALV_LP_099_Du-205,MALV_LP_100_Du-206,MALV_LP_101_Du-207,MALV_LP_102_Du-208,MALV_LP_103_Du-209,MALV_LP_104_Du-210	0	43181	1943145	0	1	0	10	0
mitochondria	OCO	10	OCO_LP_058_Du-115,OCO_LP_059_Du-106,OCO_LP_060_Du-107,OCO_LP_061_Du-108,OCO_LP_062_Du-109,OCO_LP_063_Du-110,OCO_LP_064_Du-111,OCO_LP_065_Du-112,OCO_LP_066_Du-113,OCO_LP_067_Du-114	62	41831	1882395	3.29367640692e-05	4	0.9	5	5
mitochondria	QUI1	8	QUI1_LP_249_Du-648,QUI1_LP_250_Du-649,QUI1_LP_252_Du-651,QUI1_LP_253_Du-652,QUI1_LP_254_Du-653,QUI1_LP_255_Du-654,QUI1_LP_257_Du-656,QUI1_LP_258_Du-657	15	40774	1141672	1.31386247539e-05	2	0.533333333333	6	2
mitochondria	QUI2	10	QUI2_LP_243_Du-631,QUI2_LP_244_Du-632,QUI2_LP_245_Du-633,QUI2_LP_246_Du-634,QUI2_LP_247_Du-635,QUI2_LP_248_Du-636,QUI2_LP_337_Du-638,QUI2_LP_338_Du-639,QUI2_LP_339_Du-640,QUI2_LP_340_Du-641	0	42792	1925640	0	1	0	10	0
mitochondria	QUIN	10	QUIN_LP_069_Du-155,QUIN_LP_070_Du-156,QUIN_LP_071_Du-157,QUIN_LP_072_Du-158,QUIN_LP_073_Du-159,QUIN_LP_074_Du-160,QUIN_LP_075_Du-161,QUIN_LP_076_Du-162,QUIN_LP_077_Du-163,QUIN_LP_318_Du-164	0	43031	1936395	0	1	0	10	0
mitochondria	RIC	10	RIC_LP_192_Du-521,RIC_LP_193_Du-522,RIC_LP_194_Du-523,RIC_LP_195_Du-524,RIC_LP_196_Du-525,RIC_LP_197_Du-526,RIC_LP_198_Du-527,RIC_LP_199_Du-528,RIC_LP_200_Du-529,RIC_LP_201_Du-530	18	43169	1942605	9.2659084065e-06	1	0	9	1
mitochondria	RSV	9	RSV_LP_049_Du-85,RSV_LP_050_Du-87,RSV_LP_051_Du-88,RSV_LP_052_Du-89,RSV_LP_053_Du-90,RSV_LP_055_Du-92,RSV_LP_057_Du-94,RSV_LP_315_Du-95,RSV_LP_316_Du-96	26	43147	1553292	1.67386428308e-05	3	0.678571428571	8	1
mitochondria	SILG	10	SILG_LP_149_Du-343,SILG_LP_150_Du-344,SILG_LP_151_Du-345,SILG_LP_152_Du-346,SILG_LP_153_Du-347,SILG_LP_154_Du-348,SILG_LP_155_Du-349,SILG_LP_156_Du-350,SILG_LP_157_Du-351,SILG_LP_158_Du-352	72	36401	1638045	4.39548364056e-05	2	0.571428571429	7	3
mitochondria	SILR	6	SILR_LP_346_Du-729,SILR_LP_347_Du-730,SILR_LP_348_Du-731,SILR_LP_349_Du-732,SILR_LP_351_Du-734,SILR_LP_353_Du-736	0	43176	647640	0	1	0	1	5
mitochondria	STI	16	STI_LP_027_Du-45,STI_LP_028_Du-46,STI_LP_029_Du-47,STI_LP_030_Du-48,STI_LP_031_Du-49,STI_LP_032_Du-50,STI_LP_033_Du-51,STI_LP_034_Du-52,STI_LP_035_Du-53,STI_LP_036_Du-54,STI_LP_037_Du-55,STI_LP_038_Du-56,STI_LP_039_Du-57,STI_LP_040_Du-58,STI_LP_041_Du-60,STI_LP_042_Du-61	117	35040	4204800	2.78253424658e-05	2	0.2	10	6
mitochondria	TIL	8	TIL_LP_123_Du-263,TIL_LP_124_Du-264,TIL_LP_125_Du-265,TIL_LP_126_Du-266,TIL_LP_128_Du-268,TIL_LP_129_Du-269,TIL_LP_130_Du-271,TIL_LP_131_Du-272	57	36783	1029924	5.5343889452e-05	3	0.7	5	3
mitochondria	TULP	17	TULP_LP_115_Du-242,TULP_LP_116_Du-243,TULP_LP_117_Du-244,TULP_LP_118_Du-245,TULP_LP_119_Du-246,TULP_LP_120_Du-248,TULP_LP_121_Du-249,TULP_LP_122_Du-250,TULP_LP_140_Du-302,TULP_LP_141_Du-303,TULP_LP_142_Du-304,TULP_LP_143_Du-305,TULP_LP_144_Du-306,TULP_LP_145_Du-307,TULP_LP_146_Du-308,TULP_LP_147_Du-309,TULP_LP_148_Du-310	100	42710	5808560	1.72159709119e-05	3	0.591666666667	16	1
