sample_id	organelle	pc1	pc2	species	popcode	population_name	naming_profile	plot_group
DU-173	mtDNA	-0.65874677	1.87288660				initial_du_dash	initial_du_dash
DU-229	mtDNA	-0.57864484	0.16317560				initial_du_dash	initial_du_dash
DU-247	mtDNA	-0.93883603	-0.89665281				initial_du_dash	initial_du_dash
DU-254	mtDNA	-0.93883603	-0.89665281				initial_du_dash	initial_du_dash
DU-270	mtDNA	-0.65428938	1.68328731				initial_du_dash	initial_du_dash
DU-297	mtDNA	-0.93883603	-0.89665281				initial_du_dash	initial_du_dash
DU-443	mtDNA	4.69940255	0.25551034				initial_du_dash	initial_du_dash
DU-4A	mtDNA	-0.76434801	-1.32990210				initial_du_dash	initial_du_dash
DU014LP012	mtDNA	-0.28070259	0.56244843				initial_du_lp	initial_du_lp
DU037LP013	mtDNA	-0.28070259	0.56244843				initial_du_lp	initial_du_lp
DU059LP015	mtDNA	-0.64485380	1.61744869				initial_du_lp	initial_du_lp
DU078LP011	mtDNA	-0.82054834	-1.00805684				initial_du_lp	initial_du_lp
DU079LP010	mtDNA	-0.82054834	-1.00805684				initial_du_lp	initial_du_lp
ABAB_MAD_LP_223_Du-590	mtDNA	1.11486458	0.79072668	D. abramsii ssp. abramsii	ABAB_MAD	Madonna Inn	main_standard	D. abramsii ssp. abramsii_ABAB_MAD
ABAB_MAD_LP_322_Du-593	mtDNA	1.15880753	0.94557221	D. abramsii ssp. abramsii	ABAB_MAD	Madonna Inn	main_standard	D. abramsii ssp. abramsii_ABAB_MAD
ABAB_MAD_LP_323_Du-594	mtDNA	1.14739775	0.92162498	D. abramsii ssp. abramsii	ABAB_MAD	Madonna Inn	main_standard	D. abramsii ssp. abramsii_ABAB_MAD
ABAB_MAD_LP_324_Du-595	mtDNA	1.16169318	0.95145342	D. abramsii ssp. abramsii	ABAB_MAD	Madonna Inn	main_standard	D. abramsii ssp. abramsii_ABAB_MAD
ABAB_MAD_LP_325_Du-596	mtDNA	1.04423677	0.84143991	D. abramsii ssp. abramsii	ABAB_MAD	Madonna Inn	main_standard	D. abramsii ssp. abramsii_ABAB_MAD
ABAB_MAD_LP_326_Du-597	mtDNA	1.08415559	0.92064086	D. abramsii ssp. abramsii	ABAB_MAD	Madonna Inn	main_standard	D. abramsii ssp. abramsii_ABAB_MAD
ABAB_MAD_LP_327_Du-598	mtDNA	1.12023052	0.80210579	D. abramsii ssp. abramsii	ABAB_MAD	Madonna Inn	main_standard	D. abramsii ssp. abramsii_ABAB_MAD
ABBE_BERN_LP_311_Du-780	mtDNA	3.96623803	0.06481089	D. abramsii ssp. bettinae	ABBE_BERN	San Bernardino Creek Road	main_standard	D. abramsii ssp. bettinae_ABBE_BERN
ABBE_BERN_LP_312_Du-781	mtDNA	3.89158609	0.03987954	D. abramsii ssp. bettinae	ABBE_BERN	San Bernardino Creek Road	main_standard	D. abramsii ssp. bettinae_ABBE_BERN
ABBE_BERN_LP_313_Du-782	mtDNA	3.96623803	0.06481089	D. abramsii ssp. bettinae	ABBE_BERN	San Bernardino Creek Road	main_standard	D. abramsii ssp. bettinae_ABBE_BERN
ABBE_BERN_LP_314_Du-783	mtDNA	3.96623803	0.06481089	D. abramsii ssp. bettinae	ABBE_BERN	San Bernardino Creek Road	main_standard	D. abramsii ssp. bettinae_ABBE_BERN
ABMU_HOR_LP_306_Du-775	mtDNA	0.97785837	0.95344805	D. abramsii ssp. murina	ABMU_HOR	Horse Canyon (SLO)	main_standard	D. abramsii ssp. murina_ABMU_HOR
ABMU_HOR_LP_308_Du-777	mtDNA	0.98324448	0.96472717	D. abramsii ssp. murina	ABMU_HOR	Horse Canyon (SLO)	main_standard	D. abramsii ssp. murina_ABMU_HOR
ABMU_HOR_LP_358_Du-770	mtDNA	1.03785361	0.82950077	D. abramsii ssp. murina	ABMU_HOR	Horse Canyon (SLO)	main_standard	D. abramsii ssp. murina_ABMU_HOR
ABMU_HOR_LP_359_Du-771	mtDNA	1.05251031	0.97837940	D. abramsii ssp. murina	ABMU_HOR	Horse Canyon (SLO)	main_standard	D. abramsii ssp. murina_ABMU_HOR
ABMU_HOR_LP_360_Du-772	mtDNA	1.05789642	0.98965852	D. abramsii ssp. murina	ABMU_HOR	Horse Canyon (SLO)	main_standard	D. abramsii ssp. murina_ABMU_HOR
ABMU_HOR_LP_361_Du-773	mtDNA	0.97785837	0.95344805	D. abramsii ssp. murina	ABMU_HOR	Horse Canyon (SLO)	main_standard	D. abramsii ssp. murina_ABMU_HOR
BAI_LP_105_Du-222	mtDNA	-0.57971061	0.16586754	D. setchellii	BAI	Baird Ridgeline	main_standard	D. setchellii_BAI
BAI_LP_106_Du-223	mtDNA	-0.57864484	0.16317560	D. setchellii	BAI	Baird Ridgeline	main_standard	D. setchellii_BAI
BAI_LP_108_Du-225	mtDNA	-0.57971061	0.16586754	D. setchellii	BAI	Baird Ridgeline	main_standard	D. setchellii_BAI
BAI_LP_109_Du-226	mtDNA	-0.57572080	0.16109495	D. setchellii	BAI	Baird Ridgeline	main_standard	D. setchellii_BAI
BAI_LP_110_Du-227	mtDNA	-0.57864484	0.16317560	D. setchellii	BAI	Baird Ridgeline	main_standard	D. setchellii_BAI
BAI_LP_111_Du-228	mtDNA	-0.57864484	0.16317560	D. setchellii	BAI	Baird Ridgeline	main_standard	D. setchellii_BAI
BAI_LP_112_Du-230	mtDNA	-0.57971061	0.16586754	D. setchellii	BAI	Baird Ridgeline	main_standard	D. setchellii_BAI
BAI_LP_113_Du-231	mtDNA	-0.57572080	0.16109495	D. setchellii	BAI	Baird Ridgeline	main_standard	D. setchellii_BAI
BAI_LP_114_Du-232	mtDNA	-0.57971061	0.16586754	D. setchellii	BAI	Baird Ridgeline	main_standard	D. setchellii_BAI
BAI_LP_319_Du-233	mtDNA	-0.57971061	0.16586754	D. setchellii	BAI	Baird Ridgeline	main_standard	D. setchellii_BAI
COM_LP_269_Du-703	mtDNA	-0.72127575	-1.22205818	D. setchellii	COM	Communication Hill	main_standard	D. setchellii_COM
COM_LP_270_Du-704	mtDNA	-0.71285596	-1.17611572	D. setchellii	COM	Communication Hill	main_standard	D. setchellii_COM
COM_LP_272_Du-707	mtDNA	-0.71285596	-1.17611572	D. setchellii	COM	Communication Hill	main_standard	D. setchellii_COM
COM_LP_274_Du-709	mtDNA	-0.69296761	-1.18836748	D. setchellii	COM	Communication Hill	main_standard	D. setchellii_COM
COM_LP_276_Du-711	mtDNA	-0.71285596	-1.17611572	D. setchellii	COM	Communication Hill	main_standard	D. setchellii_COM
COM_LP_277_Du-712	mtDNA	-0.69296761	-1.18836748	D. setchellii	COM	Communication Hill	main_standard	D. setchellii_COM
COM_LP_341_Du-713	mtDNA	-0.71285596	-1.17611572	D. setchellii	COM	Communication Hill	main_standard	D. setchellii_COM
COM_LP_342_Du-714	mtDNA	-0.71285596	-1.17611572	D. setchellii	COM	Communication Hill	main_standard	D. setchellii_COM
COM_LP_343_Du-715	mtDNA	-0.69296761	-1.18836748	D. setchellii	COM	Communication Hill	main_standard	D. setchellii_COM
CROB_LP_169_Du-381	mtDNA	-0.76726670	-1.34256809	D. setchellii	CROB	Crosp Bench	main_standard	D. setchellii_CROB
CROB_LP_170_Du-382	mtDNA	-0.76726670	-1.34256809	D. setchellii	CROB	Crosp Bench	main_standard	D. setchellii_CROB
CROB_LP_172_Du-384	mtDNA	-0.93218065	-1.18795023	D. setchellii	CROB	Crosp Bench	main_standard	D. setchellii_CROB
CROB_LP_173_Du-385	mtDNA	-0.76726670	-1.34256809	D. setchellii	CROB	Crosp Bench	main_standard	D. setchellii_CROB
CROB_LP_174_Du-386	mtDNA	-0.76726670	-1.34256809	D. setchellii	CROB	Crosp Bench	main_standard	D. setchellii_CROB
CROB_LP_175_Du-387	mtDNA	-0.76726670	-1.34256809	D. setchellii	CROB	Crosp Bench	main_standard	D. setchellii_CROB
CROB_LP_176_Du-388	mtDNA	-0.76726670	-1.34256809	D. setchellii	CROB	Crosp Bench	main_standard	D. setchellii_CROB
CROB_LP_177_Du-389	mtDNA	-0.76726670	-1.34256809	D. setchellii	CROB	Crosp Bench	main_standard	D. setchellii_CROB
CROB_LP_320_Du-395	mtDNA	-0.76726670	-1.34256809	D. setchellii	CROB	Crosp Bench	main_standard	D. setchellii_CROB
CROB_LP_321_Du-396	mtDNA	-0.76726670	-1.34256809	D. setchellii	CROB	Crosp Bench	main_standard	D. setchellii_CROB
CROS_LP_085_Du-181	mtDNA	-0.76434801	-1.32990210	D. setchellii	CROS	Crosp South End	main_standard	D. setchellii_CROS
CROS_LP_086_Du-182	mtDNA	-0.76434801	-1.32990210	D. setchellii	CROS	Crosp South End	main_standard	D. setchellii_CROS
CROS_LP_087_Du-183	mtDNA	-0.76434801	-1.32990210	D. setchellii	CROS	Crosp South End	main_standard	D. setchellii_CROS
CROS_LP_088_Du-184	mtDNA	-0.76434801	-1.32990210	D. setchellii	CROS	Crosp South End	main_standard	D. setchellii_CROS
CROS_LP_089_Du-185	mtDNA	-0.75857676	-1.30527379	D. setchellii	CROS	Crosp South End	main_standard	D. setchellii_CROS
CROS_LP_090_Du-186	mtDNA	-0.76434801	-1.32990210	D. setchellii	CROS	Crosp South End	main_standard	D. setchellii_CROS
CROS_LP_091_Du-187	mtDNA	-0.95443690	-0.93405342	D. setchellii	CROS	Crosp South End	main_standard	D. setchellii_CROS
CROS_LP_092_Du-188	mtDNA	-0.95805485	-0.94288859	D. setchellii	CROS	Crosp South End	main_standard	D. setchellii_CROS
CROS_LP_093_Du-189	mtDNA	-0.91927676	-1.14761778	D. setchellii	CROS	Crosp South End	main_standard	D. setchellii_CROS
CROS_LP_094_Du-190	mtDNA	-0.95443690	-0.93405342	D. setchellii	CROS	Crosp South End	main_standard	D. setchellii_CROS
CY_ALA_LP_298-Du-767	mtDNA	-0.28506670	0.58596214	D. cymosa	CY_ALA	Los Alanitos Dam	main_standard	D. cymosa_CY_ALA
CY_ALA_LP_299-Du-768	mtDNA	-0.28506670	0.58596214	D. cymosa	CY_ALA	Los Alanitos Dam	main_standard	D. cymosa_CY_ALA
CY_ALA_LP_357_Du-769	mtDNA	-0.28506670	0.58596214	D. cymosa	CY_ALA	Los Alanitos Dam	main_standard	D. cymosa_CY_ALA
CY_BAL_LP_226_Du-602	mtDNA	4.08349651	0.04448898	D. cymosa	CY_BAL	Baldwin Lake	main_standard	D. cymosa_CY_BAL
CY_BAL_LP_227_Du-603	mtDNA	4.08827887	0.04611518	D. cymosa	CY_BAL	Baldwin Lake	main_standard	D. cymosa_CY_BAL
CY_BAL_LP_228_Du-604	mtDNA	4.03418070	0.03392027	D. cymosa	CY_BAL	Baldwin Lake	main_standard	D. cymosa_CY_BAL
CY_BGL_LP_210_Du-577	mtDNA	3.96623803	0.06481089	D. cymosa	CY_BGL	Below Green Lake	main_standard	D. cymosa_CY_BGL
CY_BGL_LP_212_Du-579	mtDNA	3.91186919	0.04038854	D. cymosa	CY_BGL	Below Green Lake	main_standard	D. cymosa_CY_BGL
CY_BOU_LP_288_Du-737	mtDNA	-0.28070259	0.56244843	D. cymosa	CY_BOU	Boulder Ridge	main_standard	D. cymosa_CY_BOU
CY_BOU_LP_290_Du-739	mtDNA	-0.28070259	0.56244843	D. cymosa	CY_BOU	Boulder Ridge	main_standard	D. cymosa_CY_BOU
CY_BOU_LP_291_Du-740	mtDNA	-0.28070259	0.56244843	D. cymosa	CY_BOU	Boulder Ridge	main_standard	D. cymosa_CY_BOU
CY_BOU_LP_292_Du-741	mtDNA	-0.28070259	0.56244843	D. cymosa	CY_BOU	Boulder Ridge	main_standard	D. cymosa_CY_BOU
CY_BOU_LP_354_Du-742	mtDNA	-0.28070259	0.56244843	D. cymosa	CY_BOU	Boulder Ridge	main_standard	D. cymosa_CY_BOU
CY_CAS_LP_328_Du-610	mtDNA	4.09286293	-0.01306795	D. cymosa	CY_CAS	Castle Rock Falls	main_standard	D. cymosa_CY_CAS
CY_CAS_LP_329_Du-611	mtDNA	-0.21458401	0.62477424	D. cymosa	CY_CAS	Castle Rock Falls	main_standard	D. cymosa_CY_CAS
CY_CAS_LP_330_Du-607	mtDNA	-0.21459580	0.62494672	D. cymosa	CY_CAS	Castle Rock Falls	main_standard	D. cymosa_CY_CAS
CY_CAS_LP_331_Du-608	mtDNA	-0.25855892	0.47020119	D. cymosa	CY_CAS	Castle Rock Falls	main_standard	D. cymosa_CY_CAS
CY_CAS_LP_332_Du-609	mtDNA	-0.21456993	0.62470760	D. cymosa	CY_CAS	Castle Rock Falls	main_standard	D. cymosa_CY_CAS
CY_HICN_LP_236_Du-614	mtDNA	4.67951421	0.26776209	D. cymosa	CY_HICN	Hick's Road North	main_standard	D. cymosa_CY_HICN
CY_HICN_LP_333_Du-612	mtDNA	4.23716141	-0.00659612	D. cymosa	CY_HICN	Hick's Road North	main_standard	D. cymosa_CY_HICN
CY_HICN_LP_334_Du-613	mtDNA	4.62470456	0.23091811	D. cymosa	CY_HICN	Hick's Road North	main_standard	D. cymosa_CY_HICN
CY_HICN_LP_335_Du-615	mtDNA	4.55735622	0.27380451	D. cymosa	CY_HICN	Hick's Road North	main_standard	D. cymosa_CY_HICN
CY_HICN_LP_336_Du-616	mtDNA	4.58080766	0.07573346	D. cymosa	CY_HICN	Hick's Road North	main_standard	D. cymosa_CY_HICN
CY_HICS_LP_293_Du-757	mtDNA	-0.28070259	0.56244843	D. cymosa	CY_HICS	Hicks Rd. South	main_standard	D. cymosa_CY_HICS
CY_HICS_LP_295_Du-759	mtDNA	-0.31650145	0.41664709	D. cymosa	CY_HICS	Hicks Rd. South	main_standard	D. cymosa_CY_HICS
CY_HICS_LP_297_Du-761	mtDNA	-0.28070259	0.56244843	D. cymosa	CY_HICS	Hicks Rd. South	main_standard	D. cymosa_CY_HICS
CY_HICS_LP_355_Du-762	mtDNA	-0.28070259	0.56244843	D. cymosa	CY_HICS	Hicks Rd. South	main_standard	D. cymosa_CY_HICS
CY_HICS_LP_356_Du-763	mtDNA	-0.28070259	0.56244843	D. cymosa	CY_HICS	Hicks Rd. South	main_standard	D. cymosa_CY_HICS
CY_HUN_LP_264_Du-683	mtDNA	4.55753479	-0.72918979	D. cymosa	CY_HUN	Hunting Hollow	main_standard	D. cymosa_CY_HUN
CY_HUN_LP_266_Du-685	mtDNA	4.55754088	-0.72922314	D. cymosa	CY_HUN	Hunting Hollow	main_standard	D. cymosa_CY_HUN
CY_HUN_LP_267_Du-686	mtDNA	4.55751500	-0.72898402	D. cymosa	CY_HUN	Hunting Hollow	main_standard	D. cymosa_CY_HUN
CY_HUN_LP_268_Du-687	mtDNA	4.51359793	-0.88406867	D. cymosa	CY_HUN	Hunting Hollow	main_standard	D. cymosa_CY_HUN
CY_SIE_LP_188_Du-445	mtDNA	4.67951421	0.26776209	D. cymosa	CY_SIE	Sierra Azule	main_standard	D. cymosa_CY_SIE
CY_SIE_LP_189_Du-446	mtDNA	4.69940255	0.25551034	D. cymosa	CY_SIE	Sierra Azule	main_standard	D. cymosa_CY_SIE
CY_SIE_LP_190_Du-447	mtDNA	4.67951421	0.26776209	D. cymosa	CY_SIE	Sierra Azule	main_standard	D. cymosa_CY_SIE
CY_SIE_LP_191_Du-448	mtDNA	-0.28070259	0.56244843	D. cymosa	CY_SIE	Sierra Azule	main_standard	D. cymosa_CY_SIE
CY_WOO_LP_259_Du-664	mtDNA	-0.28216801	0.56902408	D. cymosa	CY_WOO	Hicks & Woods Rd.	main_standard	D. cymosa_CY_WOO
CY_WOO_LP_260_Du-665	mtDNA	-0.31794669	0.42312274	D. cymosa	CY_WOO	Hicks & Woods Rd.	main_standard	D. cymosa_CY_WOO
CY_WOO_LP_261_Du-667	mtDNA	-0.29872297	0.40603026	D. cymosa	CY_WOO	Hicks & Woods Rd.	main_standard	D. cymosa_CY_WOO
CY_WOO_LP_262_Du-668	mtDNA	-0.28219996	0.56929656	D. cymosa	CY_WOO	Hicks & Woods Rd.	main_standard	D. cymosa_CY_WOO
CY_WOO_LP_263_Du-669	mtDNA	-0.28216801	0.56902408	D. cymosa	CY_WOO	Hicks & Woods Rd.	main_standard	D. cymosa_CY_WOO
DAN_LP_043_Du-68	mtDNA	-0.76485466	-1.01393338	D. setchellii	DAN	Dana Rock	main_standard	D. setchellii_DAN
DAN_LP_044_Du-69	mtDNA	-0.81232188	-0.98326551	D. setchellii	DAN	Dana Rock	main_standard	D. setchellii_DAN
DAN_LP_045_Du-70	mtDNA	-0.82054834	-1.00805684	D. setchellii	DAN	Dana Rock	main_standard	D. setchellii_DAN
DAN_LP_046_Du-71	mtDNA	-0.82054834	-1.00805684	D. setchellii	DAN	Dana Rock	main_standard	D. setchellii_DAN
DAN_LP_047_Du-72	mtDNA	-0.81232188	-0.98326551	D. setchellii	DAN	Dana Rock	main_standard	D. setchellii_DAN
DOV_LP_078_Du-174	mtDNA	-0.65510042	0.18265928	D. setchellii	DOV	Dove Road	main_standard	D. setchellii_DOV
DOV_LP_079_Du-175	mtDNA	-0.65510042	0.18265928	D. setchellii	DOV	Dove Road	main_standard	D. setchellii_DOV
DOV_LP_080_Du-176	mtDNA	-0.65510042	0.18265928	D. setchellii	DOV	Dove Road	main_standard	D. setchellii_DOV
DOV_LP_081_Du-177	mtDNA	-0.65510042	0.18265928	D. setchellii	DOV	Dove Road	main_standard	D. setchellii_DOV
DOV_LP_082_Du-178	mtDNA	-0.65510042	0.18265928	D. setchellii	DOV	Dove Road	main_standard	D. setchellii_DOV
DOV_LP_083_Du-179	mtDNA	-0.65510042	0.18265928	D. setchellii	DOV	Dove Road	main_standard	D. setchellii_DOV
DOV_LP_084_Du-180	mtDNA	-0.65510042	0.18265928	D. setchellii	DOV	Dove Road	main_standard	D. setchellii_DOV
DUD_LP_132_Du-283	mtDNA	-0.93883603	-0.89665281	D. setchellii	DUD	Dude Rock	main_standard	D. setchellii_DUD
DUD_LP_133_Du-284	mtDNA	-0.93883603	-0.89665281	D. setchellii	DUD	Dude Rock	main_standard	D. setchellii_DUD
DUD_LP_134_Du-285	mtDNA	-0.93883603	-0.89665281	D. setchellii	DUD	Dude Rock	main_standard	D. setchellii_DUD
DUD_LP_135_Du-286	mtDNA	-0.93883603	-0.89665281	D. setchellii	DUD	Dude Rock	main_standard	D. setchellii_DUD
DUD_LP_136_Du-287	mtDNA	-0.93883603	-0.89665281	D. setchellii	DUD	Dude Rock	main_standard	D. setchellii_DUD
DUD_LP_137_Du-288	mtDNA	-0.75857676	-1.30527379	D. setchellii	DUD	Dude Rock	main_standard	D. setchellii_DUD
DUD_LP_138_Du-289	mtDNA	-0.93883603	-0.89665281	D. setchellii	DUD	Dude Rock	main_standard	D. setchellii_DUD
DUD_LP_139_Du-290	mtDNA	-0.93883603	-0.89665281	D. setchellii	DUD	Dude Rock	main_standard	D. setchellii_DUD
KIRN_LP_179_Du-421	mtDNA	-0.91927676	-1.14761778	D. setchellii	KIRN	Kirby N. Rd. Canyon	main_standard	D. setchellii_KIRN
KIRN_LP_180_Du-422	mtDNA	-0.91927676	-1.14761778	D. setchellii	KIRN	Kirby N. Rd. Canyon	main_standard	D. setchellii_KIRN
KIRN_LP_181_Du-423	mtDNA	-0.91927676	-1.14761778	D. setchellii	KIRN	Kirby N. Rd. Canyon	main_standard	D. setchellii_KIRN
KIRN_LP_182_Du-424	mtDNA	-0.91927676	-1.14761778	D. setchellii	KIRN	Kirby N. Rd. Canyon	main_standard	D. setchellii_KIRN
KIRN_LP_183_Du-425	mtDNA	-0.91927676	-1.14761778	D. setchellii	KIRN	Kirby N. Rd. Canyon	main_standard	D. setchellii_KIRN
KIRN_LP_184_Du-426	mtDNA	-0.91927676	-1.14761778	D. setchellii	KIRN	Kirby N. Rd. Canyon	main_standard	D. setchellii_KIRN
KIRN_LP_185_Du-427	mtDNA	-0.91927676	-1.14761778	D. setchellii	KIRN	Kirby N. Rd. Canyon	main_standard	D. setchellii_KIRN
KIRN_LP_186_Du-428	mtDNA	-0.91927676	-1.14761778	D. setchellii	KIRN	Kirby N. Rd. Canyon	main_standard	D. setchellii_KIRN
KIRN_LP_187_Du-429	mtDNA	-0.91927676	-1.14761778	D. setchellii	KIRN	Kirby N. Rd. Canyon	main_standard	D. setchellii_KIRN
KIRT_LP_159_Du-364	mtDNA	-0.91927676	-1.14761778	D. setchellii	KIRT	KC Transect	main_standard	D. setchellii_KIRT
KIRT_LP_160_Du-365	mtDNA	-0.91927676	-1.14761778	D. setchellii	KIRT	KC Transect	main_standard	D. setchellii_KIRT
KIRT_LP_161_Du-366	mtDNA	-0.91927676	-1.14761778	D. setchellii	KIRT	KC Transect	main_standard	D. setchellii_KIRT
KIRT_LP_162_Du-367	mtDNA	-0.91927676	-1.14761778	D. setchellii	KIRT	KC Transect	main_standard	D. setchellii_KIRT
KIRT_LP_163_Du-368	mtDNA	-0.91927676	-1.14761778	D. setchellii	KIRT	KC Transect	main_standard	D. setchellii_KIRT
KIRT_LP_164_Du-369	mtDNA	-0.91927676	-1.14761778	D. setchellii	KIRT	KC Transect	main_standard	D. setchellii_KIRT
KIRT_LP_165_Du-370	mtDNA	-0.91927676	-1.14761778	D. setchellii	KIRT	KC Transect	main_standard	D. setchellii_KIRT
KIRT_LP_166_Du-371	mtDNA	-0.91927676	-1.14761778	D. setchellii	KIRT	KC Transect	main_standard	D. setchellii_KIRT
KIRT_LP_167_Du-372	mtDNA	-0.91927676	-1.14761778	D. setchellii	KIRT	KC Transect	main_standard	D. setchellii_KIRT
KIRT_LP_168_Du-373	mtDNA	-0.91927676	-1.14761778	D. setchellii	KIRT	KC Transect	main_standard	D. setchellii_KIRT
MALV_LP_095_Du-201	mtDNA	-0.93218065	-1.18795023	D. setchellii	MALV	Malech Vista	main_standard	D. setchellii_MALV
MALV_LP_096_Du-202	mtDNA	-0.93218065	-1.18795023	D. setchellii	MALV	Malech Vista	main_standard	D. setchellii_MALV
MALV_LP_097_Du-203	mtDNA	-0.93218065	-1.18795023	D. setchellii	MALV	Malech Vista	main_standard	D. setchellii_MALV
MALV_LP_098_Du-204	mtDNA	-0.93218065	-1.18795023	D. setchellii	MALV	Malech Vista	main_standard	D. setchellii_MALV
MALV_LP_099_Du-205	mtDNA	-0.93218065	-1.18795023	D. setchellii	MALV	Malech Vista	main_standard	D. setchellii_MALV
MALV_LP_100_Du-206	mtDNA	-0.93218065	-1.18795023	D. setchellii	MALV	Malech Vista	main_standard	D. setchellii_MALV
MALV_LP_101_Du-207	mtDNA	-0.93218065	-1.18795023	D. setchellii	MALV	Malech Vista	main_standard	D. setchellii_MALV
MALV_LP_102_Du-208	mtDNA	-0.93218065	-1.18795023	D. setchellii	MALV	Malech Vista	main_standard	D. setchellii_MALV
MALV_LP_103_Du-209	mtDNA	-0.93218065	-1.18795023	D. setchellii	MALV	Malech Vista	main_standard	D. setchellii_MALV
MALV_LP_104_Du-210	mtDNA	-0.93218065	-1.18795023	D. setchellii	MALV	Malech Vista	main_standard	D. setchellii_MALV
OCO_LP_058_Du-115	mtDNA	4.73028236	-0.99553452	D. setchellii	OCO	O'Connell Ranch Pacheco Pass	main_standard	D. setchellii_OCO
OCO_LP_059_Du-106	mtDNA	4.85335206	-0.87714481	D. setchellii	OCO	O'Connell Ranch Pacheco Pass	main_standard	D. setchellii_OCO
OCO_LP_060_Du-107	mtDNA	4.80940911	-1.03199034	D. setchellii	OCO	O'Connell Ranch Pacheco Pass	main_standard	D. setchellii_OCO
OCO_LP_061_Du-108	mtDNA	4.85337223	-0.87724481	D. setchellii	OCO	O'Connell Ranch Pacheco Pass	main_standard	D. setchellii_OCO
OCO_LP_062_Du-109	mtDNA	4.83510474	-0.86864470	D. setchellii	OCO	O'Connell Ranch Pacheco Pass	main_standard	D. setchellii_OCO
OCO_LP_063_Du-110	mtDNA	4.78620205	-0.84632387	D. setchellii	OCO	O'Connell Ranch Pacheco Pass	main_standard	D. setchellii_OCO
OCO_LP_064_Du-111	mtDNA	4.74223323	-1.00093027	D. setchellii	OCO	O'Connell Ranch Pacheco Pass	main_standard	D. setchellii_OCO
OCO_LP_065_Du-112	mtDNA	4.83505870	-0.86830558	D. setchellii	OCO	O'Connell Ranch Pacheco Pass	main_standard	D. setchellii_OCO
OCO_LP_066_Du-113	mtDNA	4.10284946	-0.85677204	D. setchellii	OCO	O'Connell Ranch Pacheco Pass	main_standard	D. setchellii_OCO
OCO_LP_067_Du-114	mtDNA	4.73024240	-0.99522876	D. setchellii	OCO	O'Connell Ranch Pacheco Pass	main_standard	D. setchellii_OCO
QUI1_LP_249_Du-648	mtDNA	-0.46803665	0.58014616	D. setchellii	QUI1	Quicklsilver SE Mine Hill Tr. #1	main_standard	D. setchellii_QUI1
QUI1_LP_250_Du-649	mtDNA	-0.46983011	0.58573384	D. setchellii	QUI1	Quicklsilver SE Mine Hill Tr. #1	main_standard	D. setchellii_QUI1
QUI1_LP_251_Du-650	mtDNA	-0.50139718	0.42226226	D. setchellii	QUI1	Quicklsilver SE Mine Hill Tr. #1	main_standard	D. setchellii_QUI1
QUI1_LP_252_Du-651	mtDNA	-0.50956144	0.41331807	D. setchellii	QUI1	Quicklsilver SE Mine Hill Tr. #1	main_standard	D. setchellii_QUI1
QUI1_LP_253_Du-652	mtDNA	-0.46559832	0.56806361	D. setchellii	QUI1	Quicklsilver SE Mine Hill Tr. #1	main_standard	D. setchellii_QUI1
QUI1_LP_254_Du-653	mtDNA	-0.46561849	0.56816360	D. setchellii	QUI1	Quicklsilver SE Mine Hill Tr. #1	main_standard	D. setchellii_QUI1
QUI1_LP_255_Du-654	mtDNA	-0.46559832	0.56806361	D. setchellii	QUI1	Quicklsilver SE Mine Hill Tr. #1	main_standard	D. setchellii_QUI1
QUI1_LP_257_Du-656	mtDNA	-0.46741196	0.57375128	D. setchellii	QUI1	Quicklsilver SE Mine Hill Tr. #1	main_standard	D. setchellii_QUI1
QUI1_LP_258_Du-657	mtDNA	-0.46736592	0.57341216	D. setchellii	QUI1	Quicklsilver SE Mine Hill Tr. #1	main_standard	D. setchellii_QUI1
QUI2_LP_243_Du-631	mtDNA	-0.64370097	1.76766873	D. setchellii	QUI2	Quicklsilver SE Mine Hill Tr. #2	main_standard	D. setchellii_QUI2
QUI2_LP_244_Du-632	mtDNA	-0.64370097	1.76766873	D. setchellii	QUI2	Quicklsilver SE Mine Hill Tr. #2	main_standard	D. setchellii_QUI2
QUI2_LP_245_Du-633	mtDNA	-0.68764392	1.61282320	D. setchellii	QUI2	Quicklsilver SE Mine Hill Tr. #2	main_standard	D. setchellii_QUI2
QUI2_LP_246_Du-634	mtDNA	-0.64370097	1.76766873	D. setchellii	QUI2	Quicklsilver SE Mine Hill Tr. #2	main_standard	D. setchellii_QUI2
QUI2_LP_247_Du-635	mtDNA	-0.64370097	1.76766873	D. setchellii	QUI2	Quicklsilver SE Mine Hill Tr. #2	main_standard	D. setchellii_QUI2
QUI2_LP_248_Du-636	mtDNA	-0.64370097	1.76766873	D. setchellii	QUI2	Quicklsilver SE Mine Hill Tr. #2	main_standard	D. setchellii_QUI2
QUI2_LP_337_Du-638	mtDNA	-0.68766409	1.61292320	D. setchellii	QUI2	Quicklsilver SE Mine Hill Tr. #2	main_standard	D. setchellii_QUI2
QUI2_LP_338_Du-639	mtDNA	-0.68766409	1.61292320	D. setchellii	QUI2	Quicklsilver SE Mine Hill Tr. #2	main_standard	D. setchellii_QUI2
QUI2_LP_339_Du-640	mtDNA	-0.64370097	1.76766873	D. setchellii	QUI2	Quicklsilver SE Mine Hill Tr. #2	main_standard	D. setchellii_QUI2
QUI2_LP_340_Du-641	mtDNA	-0.64370097	1.76766873	D. setchellii	QUI2	Quicklsilver SE Mine Hill Tr. #2	main_standard	D. setchellii_QUI2
QUIN_LP_069_Du-155	mtDNA	-0.64370097	1.76766873	D. setchellii	QUIN	Quicksilver NE	main_standard	D. setchellii_QUIN
QUIN_LP_070_Du-156	mtDNA	-0.68766409	1.61292320	D. setchellii	QUIN	Quicksilver NE	main_standard	D. setchellii_QUIN
QUIN_LP_071_Du-157	mtDNA	-0.68764392	1.61282320	D. setchellii	QUIN	Quicksilver NE	main_standard	D. setchellii_QUIN
QUIN_LP_072_Du-158	mtDNA	-0.68766409	1.61292320	D. setchellii	QUIN	Quicksilver NE	main_standard	D. setchellii_QUIN
QUIN_LP_073_Du-159	mtDNA	-0.64372114	1.76776873	D. setchellii	QUIN	Quicksilver NE	main_standard	D. setchellii_QUIN
QUIN_LP_074_Du-160	mtDNA	-0.64370097	1.76766873	D. setchellii	QUIN	Quicksilver NE	main_standard	D. setchellii_QUIN
QUIN_LP_075_Du-161	mtDNA	-0.64370097	1.76766873	D. setchellii	QUIN	Quicksilver NE	main_standard	D. setchellii_QUIN
QUIN_LP_076_Du-162	mtDNA	-0.64567593	1.78592202	D. setchellii	QUIN	Quicksilver NE	main_standard	D. setchellii_QUIN
QUIN_LP_077_Du-163	mtDNA	-0.65874677	1.87288660	D. setchellii	QUIN	Quicksilver NE	main_standard	D. setchellii_QUIN
QUIN_LP_318_Du-164	mtDNA	-0.64370097	1.76766873	D. setchellii	QUIN	Quicksilver NE	main_standard	D. setchellii_QUIN
RIC_LP_192_Du-521	mtDNA	-0.91927676	-1.14761778	D. setchellii	RIC	Richmond Ranch	main_standard	D. setchellii_RIC
RIC_LP_193_Du-522	mtDNA	-0.91927676	-1.14761778	D. setchellii	RIC	Richmond Ranch	main_standard	D. setchellii_RIC
RIC_LP_194_Du-523	mtDNA	-0.91927676	-1.14761778	D. setchellii	RIC	Richmond Ranch	main_standard	D. setchellii_RIC
RIC_LP_195_Du-524	mtDNA	-0.91927676	-1.14761778	D. setchellii	RIC	Richmond Ranch	main_standard	D. setchellii_RIC
RIC_LP_196_Du-525	mtDNA	-0.91927676	-1.14761778	D. setchellii	RIC	Richmond Ranch	main_standard	D. setchellii_RIC
RIC_LP_197_Du-526	mtDNA	-0.64417568	-0.10055833	D. setchellii	RIC	Richmond Ranch	main_standard	D. setchellii_RIC
RIC_LP_198_Du-527	mtDNA	-0.91927676	-1.14761778	D. setchellii	RIC	Richmond Ranch	main_standard	D. setchellii_RIC
RIC_LP_199_Du-528	mtDNA	-0.91927676	-1.14761778	D. setchellii	RIC	Richmond Ranch	main_standard	D. setchellii_RIC
RIC_LP_200_Du-529	mtDNA	-0.91927676	-1.14761778	D. setchellii	RIC	Richmond Ranch	main_standard	D. setchellii_RIC
RIC_LP_201_Du-530	mtDNA	-0.91927676	-1.14761778	D. setchellii	RIC	Richmond Ranch	main_standard	D. setchellii_RIC
RSV_LP_049_Du-85	mtDNA	-0.64936624	1.65051793	D. setchellii	RSV	Rancho San Vicente	main_standard	D. setchellii_RSV
RSV_LP_050_Du-87	mtDNA	-0.61053708	1.60398111	D. setchellii	RSV	Rancho San Vicente	main_standard	D. setchellii_RSV
RSV_LP_051_Du-88	mtDNA	-0.60225366	1.54950374	D. setchellii	RSV	Rancho San Vicente	main_standard	D. setchellii_RSV
RSV_LP_052_Du-89	mtDNA	-0.65415366	1.68300514	D. setchellii	RSV	Rancho San Vicente	main_standard	D. setchellii_RSV
RSV_LP_053_Du-90	mtDNA	-0.60225366	1.54950374	D. setchellii	RSV	Rancho San Vicente	main_standard	D. setchellii_RSV
RSV_LP_055_Du-92	mtDNA	-0.64108282	1.59604056	D. setchellii	RSV	Rancho San Vicente	main_standard	D. setchellii_RSV
RSV_LP_057_Du-94	mtDNA	-0.64108282	1.59604056	D. setchellii	RSV	Rancho San Vicente	main_standard	D. setchellii_RSV
RSV_LP_315_Du-95	mtDNA	-0.64108282	1.59604056	D. setchellii	RSV	Rancho San Vicente	main_standard	D. setchellii_RSV
RSV_LP_316_Du-96	mtDNA	-0.65929583	1.71374323	D. setchellii	RSV	Rancho San Vicente	main_standard	D. setchellii_RSV
SILG_LP_149_Du-343	mtDNA	-0.66008449	0.18610681	D. setchellii	SILG	Silver Creek Golf	main_standard	D. setchellii_SILG
SILG_LP_150_Du-344	mtDNA	-0.66008449	0.18610681	D. setchellii	SILG	Silver Creek Golf	main_standard	D. setchellii_SILG
SILG_LP_151_Du-345	mtDNA	-0.67061404	0.20523931	D. setchellii	SILG	Silver Creek Golf	main_standard	D. setchellii_SILG
SILG_LP_152_Du-346	mtDNA	-0.67061404	0.20523931	D. setchellii	SILG	Silver Creek Golf	main_standard	D. setchellii_SILG
SILG_LP_153_Du-347	mtDNA	-0.66008449	0.18610681	D. setchellii	SILG	Silver Creek Golf	main_standard	D. setchellii_SILG
SILG_LP_154_Du-348	mtDNA	-0.66008449	0.18610681	D. setchellii	SILG	Silver Creek Golf	main_standard	D. setchellii_SILG
SILG_LP_155_Du-349	mtDNA	-0.67061404	0.20523931	D. setchellii	SILG	Silver Creek Golf	main_standard	D. setchellii_SILG
SILG_LP_156_Du-350	mtDNA	-0.67061404	0.20523931	D. setchellii	SILG	Silver Creek Golf	main_standard	D. setchellii_SILG
SILG_LP_157_Du-351	mtDNA	-0.66008449	0.18610681	D. setchellii	SILG	Silver Creek Golf	main_standard	D. setchellii_SILG
SILG_LP_158_Du-352	mtDNA	-0.66013053	0.18644593	D. setchellii	SILG	Silver Creek Golf	main_standard	D. setchellii_SILG
SILR_LP_346_Du-729	mtDNA	-0.81219910	-0.98289549	D. setchellii	SILR	Silver Creek Valley Rd. + Razorback + water tower	main_standard	D. setchellii_SILR
SILR_LP_347_Du-730	mtDNA	-0.81219910	-0.98289549	D. setchellii	SILR	Silver Creek Valley Rd. + Razorback + water tower	main_standard	D. setchellii_SILR
SILR_LP_348_Du-731	mtDNA	-0.81219910	-0.98289549	D. setchellii	SILR	Silver Creek Valley Rd. + Razorback + water tower	main_standard	D. setchellii_SILR
SILR_LP_349_Du-732	mtDNA	-0.81219910	-0.98289549	D. setchellii	SILR	Silver Creek Valley Rd. + Razorback + water tower	main_standard	D. setchellii_SILR
SILR_LP_351_Du-734	mtDNA	-0.81219910	-0.98289549	D. setchellii	SILR	Silver Creek Valley Rd. + Razorback + water tower	main_standard	D. setchellii_SILR
SILR_LP_353_Du-736	mtDNA	-0.81219910	-0.98289549	D. setchellii	SILR	Silver Creek Valley Rd. + Razorback + water tower	main_standard	D. setchellii_SILR
STI_LP_027_Du-45	mtDNA	-0.52556014	1.69752591	D. setchellii	STI	Stiles Ranch	main_standard	D. setchellii_STI
STI_LP_028_Du-46	mtDNA	-0.64519113	1.61966722	D. setchellii	STI	Stiles Ranch	main_standard	D. setchellii_STI
STI_LP_029_Du-47	mtDNA	-0.64521131	1.61976722	D. setchellii	STI	Stiles Ranch	main_standard	D. setchellii_STI
STI_LP_030_Du-48	mtDNA	-0.64485380	1.61744869	D. setchellii	STI	Stiles Ranch	main_standard	D. setchellii_STI
STI_LP_031_Du-49	mtDNA	-0.64519113	1.61966722	D. setchellii	STI	Stiles Ranch	main_standard	D. setchellii_STI
STI_LP_032_Du-50	mtDNA	-0.64474450	1.61670697	D. setchellii	STI	Stiles Ranch	main_standard	D. setchellii_STI
STI_LP_033_Du-51	mtDNA	-0.68915425	1.46492169	D. setchellii	STI	Stiles Ranch	main_standard	D. setchellii_STI
STI_LP_034_Du-52	mtDNA	-0.60583513	1.49482897	D. setchellii	STI	Stiles Ranch	main_standard	D. setchellii_STI
STI_LP_035_Du-53	mtDNA	-0.64519113	1.61966722	D. setchellii	STI	Stiles Ranch	main_standard	D. setchellii_STI
STI_LP_036_Du-54	mtDNA	-0.64519113	1.61966722	D. setchellii	STI	Stiles Ranch	main_standard	D. setchellii_STI
STI_LP_037_Du-55	mtDNA	-0.65347455	1.67414459	D. setchellii	STI	Stiles Ranch	main_standard	D. setchellii_STI
STI_LP_038_Du-56	mtDNA	-0.64519113	1.61966722	D. setchellii	STI	Stiles Ranch	main_standard	D. setchellii_STI
STI_LP_039_Du-57	mtDNA	-0.60583513	1.49482897	D. setchellii	STI	Stiles Ranch	main_standard	D. setchellii_STI
STI_LP_040_Du-58	mtDNA	-0.52558031	1.69762590	D. setchellii	STI	Stiles Ranch	main_standard	D. setchellii_STI
STI_LP_041_Du-60	mtDNA	-0.60583513	1.49482897	D. setchellii	STI	Stiles Ranch	main_standard	D. setchellii_STI
STI_LP_042_Du-61	mtDNA	-0.53863098	1.78449049	D. setchellii	STI	Stiles Ranch	main_standard	D. setchellii_STI
TIL_LP_123_Du-263	mtDNA	-0.63650212	1.57633038	D. setchellii	TIL	Tilton Ranch Road	main_standard	D. setchellii_TIL
TIL_LP_124_Du-264	mtDNA	-0.59303938	1.63917887	D. setchellii	TIL	Tilton Ranch Road	main_standard	D. setchellii_TIL
TIL_LP_125_Du-265	mtDNA	-0.63395444	1.55150725	D. setchellii	TIL	Tilton Ranch Road	main_standard	D. setchellii_TIL
TIL_LP_126_Du-266	mtDNA	-0.63390839	1.55116813	D. setchellii	TIL	Tilton Ranch Road	main_standard	D. setchellii_TIL
TIL_LP_127_Du-267	mtDNA	-0.61603813	1.46700618	D. setchellii	TIL	Tilton Ranch Road	main_standard	D. setchellii_TIL
TIL_LP_128_Du-268	mtDNA	-0.59029247	1.61813270	D. setchellii	TIL	Tilton Ranch Road	main_standard	D. setchellii_TIL
TIL_LP_129_Du-269	mtDNA	-0.64950196	1.65080009	D. setchellii	TIL	Tilton Ranch Road	main_standard	D. setchellii_TIL
TIL_LP_130_Du-271	mtDNA	-0.64121854	1.59632273	D. setchellii	TIL	Tilton Ranch Road	main_standard	D. setchellii_TIL
TIL_LP_131_Du-272	mtDNA	-0.64121854	1.59632273	D. setchellii	TIL	Tilton Ranch Road	main_standard	D. setchellii_TIL
TULP_LP_115_Du-242	mtDNA	-0.95086943	-0.92547587	D. setchellii	TULP	Tulare Hill NW Parks	main_standard	D. setchellii_TULP
TULP_LP_116_Du-243	mtDNA	-0.93883603	-0.89665281	D. setchellii	TULP	Tulare Hill NW Parks	main_standard	D. setchellii_TULP
TULP_LP_117_Du-244	mtDNA	-0.93883603	-0.89665281	D. setchellii	TULP	Tulare Hill NW Parks	main_standard	D. setchellii_TULP
TULP_LP_118_Du-245	mtDNA	-0.93883603	-0.89665281	D. setchellii	TULP	Tulare Hill NW Parks	main_standard	D. setchellii_TULP
TULP_LP_119_Du-246	mtDNA	-0.93883603	-0.89665281	D. setchellii	TULP	Tulare Hill NW Parks	main_standard	D. setchellii_TULP
TULP_LP_120_Du-248	mtDNA	-0.95444703	-0.93421251	D. setchellii	TULP	Tulare Hill NW Parks	main_standard	D. setchellii_TULP
TULP_LP_121_Du-249	mtDNA	-0.93883603	-0.89665281	D. setchellii	TULP	Tulare Hill NW Parks	main_standard	D. setchellii_TULP
TULP_LP_122_Du-250	mtDNA	-0.93883603	-0.89665281	D. setchellii	TULP	Tulare Hill NW Parks	main_standard	D. setchellii_TULP
TULP_LP_140_Du-302	mtDNA	-0.88239555	-0.69776864	D. setchellii	TULP	Tulare Hill NW Parks	main_standard	D. setchellii_TULP
TULP_LP_141_Du-303	mtDNA	-0.95086943	-0.92547587	D. setchellii	TULP	Tulare Hill NW Parks	main_standard	D. setchellii_TULP
TULP_LP_142_Du-304	mtDNA	-0.95089530	-0.92523674	D. setchellii	TULP	Tulare Hill NW Parks	main_standard	D. setchellii_TULP
TULP_LP_143_Du-305	mtDNA	-0.90000687	-0.94318963	D. setchellii	TULP	Tulare Hill NW Parks	main_standard	D. setchellii_TULP
TULP_LP_144_Du-306	mtDNA	-0.90000687	-0.94318963	D. setchellii	TULP	Tulare Hill NW Parks	main_standard	D. setchellii_TULP
TULP_LP_145_Du-307	mtDNA	-0.95444703	-0.93421251	D. setchellii	TULP	Tulare Hill NW Parks	main_standard	D. setchellii_TULP
TULP_LP_146_Du-308	mtDNA	-0.93885620	-0.89655281	D. setchellii	TULP	Tulare Hill NW Parks	main_standard	D. setchellii_TULP
TULP_LP_147_Du-309	mtDNA	-0.95086943	-0.92547587	D. setchellii	TULP	Tulare Hill NW Parks	main_standard	D. setchellii_TULP
TULP_LP_148_Du-310	mtDNA	-0.95086943	-0.92547587	D. setchellii	TULP	Tulare Hill NW Parks	main_standard	D. setchellii_TULP
