lcl|PX244389.1_prot_XZP60952.1_1	ptg000317l_1	90.000	10	123	29	38	202500	202471	23.5	0.48
lcl|PX244389.1_prot_XZP60952.1_1	ptg000317l_1	90.000	10	123	29	38	132953	132924	23.5	0.48
lcl|PX244389.1_prot_XZP60952.1_1	ptg000317l_1	40.909	22	123	56	77	179258	179193	21.6	2.0
lcl|PX244389.1_prot_XZP60952.1_1	ptg000317l_1	40.909	22	123	56	77	109711	109646	21.6	2.0
lcl|PX244389.1_prot_XZP60952.1_1	ptg000317l_1	69.231	13	123	84	96	231954	231992	21.6	2.2
lcl|PX244389.1_prot_XZP60952.1_1	ptg000317l_1	33.333	45	123	9	50	132045	132179	20.8	3.4
lcl|PX244389.1_prot_XZP60952.1_1	ptg000317l_1	33.333	45	123	9	50	201592	201726	20.8	3.4
lcl|PX244389.1_prot_XZP60954.1_3	ptg000317l_1	30.263	76	500	382	453	203621	203403	30.4	0.028
lcl|PX244389.1_prot_XZP60954.1_3	ptg000317l_1	30.263	76	500	382	453	134074	133856	30.4	0.028
lcl|PX244389.1_prot_XZP60954.1_3	ptg000317l_1	32.353	34	500	307	340	98461	98562	22.3	7.1
lcl|PX244389.1_prot_XZP60954.1_3	ptg000317l_1	32.353	34	500	307	340	168008	168109	22.3	7.1
lcl|PX244389.1_prot_XZP60955.1_4	ptg000317l_1	35.000	20	89	57	76	75086	75027	20.0	3.7
lcl|PX244389.1_prot_XZP60955.1_4	ptg000317l_1	50.000	14	89	48	61	137246	137287	19.2	5.6
lcl|PX244389.1_prot_XZP60955.1_4	ptg000317l_1	50.000	14	89	48	61	206793	206834	19.2	5.6
lcl|PX244389.1_prot_XZP60956.1_5	ptg000317l_1	38.889	18	61	9	26	97607	97660	19.2	2.6
lcl|PX244389.1_prot_XZP60956.1_5	ptg000317l_1	38.889	18	61	9	26	167154	167207	19.2	2.6
lcl|PX244389.1_prot_XZP60956.1_5	ptg000317l_1	30.769	39	61	4	42	2965	3078	18.5	6.2
lcl|PX244389.1_prot_XZP60956.1_5	ptg000317l_1	30.769	39	61	4	42	56883	56770	18.5	6.2
lcl|PX244389.1_prot_XZP60956.1_5	ptg000317l_1	31.818	22	61	30	51	66590	66525	18.1	7.3
lcl|PX244389.1_prot_XZP60956.1_5	ptg000317l_1	47.059	17	61	11	27	241555	241511	18.1	8.0
lcl|PX244389.1_prot_XZP60957.1_6	ptg000317l_1	34.483	29	36	3	31	128288	128368	17.3	4.4
lcl|PX244389.1_prot_XZP60957.1_6	ptg000317l_1	34.483	29	36	3	31	197835	197915	17.3	4.4
lcl|PX244389.1_prot_XZP60957.1_6	ptg000317l_1	37.037	27	36	9	35	76070	76147	16.5	8.7
lcl|PX244389.1_prot_XZP60958.1_7	ptg000317l_1	59.118	499	507	5	494	243118	241634	548	9.05e-178
lcl|PX244389.1_prot_XZP60958.1_7	ptg000317l_1	47.619	84	507	5	88	61203	61454	79.7	1.49e-17
lcl|PX244389.1_prot_XZP60958.1_7	ptg000317l_1	36.585	41	507	285	320	44337	44459	23.1	4.8
lcl|PX244389.1_prot_XZP60958.1_7	ptg000317l_1	36.585	41	507	285	320	15511	15389	23.1	4.8
lcl|PX244389.1_prot_XZP60959.1_8	ptg000317l_1	33.871	62	184	2	60	20895	21077	24.6	0.34
lcl|PX244389.1_prot_XZP60959.1_8	ptg000317l_1	33.871	62	184	2	60	38953	38771	24.6	0.34
lcl|PX244389.1_prot_XZP60959.1_8	ptg000317l_1	57.143	14	184	21	34	83761	83802	21.6	3.3
lcl|PX244389.1_prot_XZP60961.1_10	ptg000317l_1	25.000	64	244	59	122	230177	230362	23.1	2.0
lcl|PX244389.1_prot_XZP60963.1_12	ptg000317l_1	39.130	23	1363	541	563	183293	183225	24.6	4.6
lcl|PX244389.1_prot_XZP60963.1_12	ptg000317l_1	39.130	23	1363	541	563	113746	113678	24.6	4.6
lcl|PX244389.1_prot_XZP60964.1_13	ptg000317l_1	81.818	11	682	621	631	234633	234665	23.1	6.9
lcl|PX244389.1_prot_XZP60964.1_13	ptg000317l_1	36.842	38	682	152	189	24030	24143	23.1	7.1
lcl|PX244389.1_prot_XZP60964.1_13	ptg000317l_1	36.842	38	682	152	189	35818	35705	23.1	7.1
lcl|PX244389.1_prot_XZP60965.1_14	ptg000317l_1	30.769	65	1070	619	681	170907	170719	30.0	0.082
lcl|PX244389.1_prot_XZP60965.1_14	ptg000317l_1	30.769	65	1070	619	681	101360	101172	30.0	0.082
lcl|PX244389.1_prot_XZP60966.1_15	ptg000317l_1	46.154	13	29	13	25	64114	64152	17.7	2.5
lcl|PX244389.1_prot_XZP60966.1_15	ptg000317l_1	40.000	20	29	1	20	57363	57422	16.9	4.0
lcl|PX244389.1_prot_XZP60966.1_15	ptg000317l_1	40.000	20	29	1	20	2485	2426	16.9	4.0
lcl|PX244389.1_prot_XZP60967.1_16	ptg000317l_1	62.500	8	34	19	26	31024	31001	16.5	9.6
lcl|PX244389.1_prot_XZP60968.1_17	ptg000317l_1	35.294	34	353	243	276	236428	236336	22.7	3.3
lcl|PX244389.1_prot_XZP60968.1_17	ptg000317l_1	34.483	29	353	228	256	221984	221898	20.8	6.9
lcl|PX244389.1_prot_XZP60968.1_17	ptg000317l_1	34.483	29	353	228	256	152437	152351	20.8	6.9
lcl|PX244389.1_prot_XZP60968.1_17	ptg000317l_1	50.000	14	353	180	193	222009	221968	16.2	6.9
lcl|PX244389.1_prot_XZP60968.1_17	ptg000317l_1	50.000	14	353	180	193	152462	152421	16.2	6.9
lcl|PX244389.1_prot_XZP60969.1_18	ptg000317l_1	50.000	16	473	135	150	220292	220245	22.7	6.2
lcl|PX244389.1_prot_XZP60969.1_18	ptg000317l_1	50.000	16	473	135	150	150745	150698	22.7	6.2
lcl|PX244389.1_prot_XZP60969.1_18	ptg000317l_1	40.000	30	473	259	288	157007	156918	22.3	7.5
lcl|PX244389.1_prot_XZP60969.1_18	ptg000317l_1	40.000	30	473	259	288	87460	87371	22.3	7.5
lcl|PX244389.1_prot_XZP60969.1_18	ptg000317l_1	35.294	51	473	213	262	102169	102300	21.9	8.6
lcl|PX244389.1_prot_XZP60969.1_18	ptg000317l_1	35.294	51	473	213	262	171716	171847	21.9	8.6
lcl|PX244389.1_prot_XZP60969.1_18	ptg000317l_1	24.444	45	473	307	351	38987	39121	21.9	9.9
lcl|PX244389.1_prot_XZP60969.1_18	ptg000317l_1	24.444	45	473	307	351	20861	20727	21.9	9.9
lcl|PX244389.1_prot_XZP60970.1_19	ptg000317l_1	53.333	15	62	32	46	223789	223833	19.2	3.5
lcl|PX244389.1_prot_XZP60970.1_19	ptg000317l_1	46.154	13	62	20	32	157756	157718	18.9	4.4
lcl|PX244389.1_prot_XZP60970.1_19	ptg000317l_1	46.154	13	62	20	32	88209	88171	18.9	4.4
lcl|PX244389.1_prot_XZP60970.1_19	ptg000317l_1	52.000	25	62	15	35	66810	66736	18.5	5.8
lcl|PX244389.1_prot_XZP60970.1_19	ptg000317l_1	38.889	18	62	30	47	69040	68987	18.1	8.9
lcl|PX244389.1_prot_XZP60970.1_19	ptg000317l_1	50.000	14	62	32	45	160518	160477	17.7	9.5
lcl|PX244389.1_prot_XZP60970.1_19	ptg000317l_1	50.000	14	62	32	45	90971	90930	17.7	9.5
lcl|PX244389.1_prot_XZP60971.1_20	ptg000317l_1	40.678	59	100	9	67	12111	12281	33.9	7.60e-05
lcl|PX244389.1_prot_XZP60971.1_20	ptg000317l_1	40.678	59	100	9	67	47737	47567	33.9	7.60e-05
lcl|PX244389.1_prot_XZP60971.1_20	ptg000317l_1	42.857	28	100	36	63	60026	60103	22.7	0.59
lcl|PX244389.1_prot_XZP60971.1_20	ptg000317l_1	27.869	61	100	53	100	193515	193333	21.6	1.4
lcl|PX244389.1_prot_XZP60971.1_20	ptg000317l_1	27.869	61	100	53	100	123968	123786	21.6	1.4
lcl|PX244389.1_prot_XZP60971.1_20	ptg000317l_1	34.375	32	100	69	100	37924	38019	20.0	3.9
lcl|PX244389.1_prot_XZP60971.1_20	ptg000317l_1	34.375	32	100	69	100	21924	21829	20.0	3.9
lcl|PX244389.1_prot_XZP60972.1_21	ptg000317l_1	37.500	24	734	471	494	214971	214900	25.4	1.5
lcl|PX244389.1_prot_XZP60972.1_21	ptg000317l_1	37.500	24	734	471	494	145424	145353	25.4	1.5
lcl|PX244389.1_prot_XZP60973.1_22	ptg000317l_1	40.625	32	750	245	274	92613	92708	23.1	7.2
lcl|PX244389.1_prot_XZP60973.1_22	ptg000317l_1	40.625	32	750	245	274	162160	162255	23.1	7.2
lcl|PX244389.1_prot_XZP60974.1_23	ptg000317l_1	21.622	37	169	82	118	2821	2931	20.0	10.0
lcl|PX244389.1_prot_XZP60974.1_23	ptg000317l_1	21.622	37	169	82	118	57027	56917	20.0	10.0
lcl|PX244389.1_prot_XZP60975.1_24	ptg000317l_1	41.667	24	201	36	59	53983	54054	24.6	0.39
lcl|PX244389.1_prot_XZP60975.1_24	ptg000317l_1	41.667	24	201	36	59	5865	5794	24.6	0.39
lcl|PX244389.1_prot_XZP60975.1_24	ptg000317l_1	37.037	27	201	42	68	190540	190460	22.7	2.1
lcl|PX244389.1_prot_XZP60975.1_24	ptg000317l_1	37.037	27	201	42	68	120993	120913	22.7	2.1
lcl|PX244389.1_prot_XZP60976.1_25	ptg000317l_1	38.333	60	158	96	155	80807	80986	39.7	3.11e-06
lcl|PX244389.1_prot_XZP60976.1_25	ptg000317l_1	36.000	25	158	30	54	74461	74387	23.9	0.60
lcl|PX244389.1_prot_XZP60976.1_25	ptg000317l_1	25.714	35	158	111	145	182500	182396	21.2	4.1
lcl|PX244389.1_prot_XZP60976.1_25	ptg000317l_1	25.714	35	158	111	145	112953	112849	21.2	4.1
lcl|PX244389.1_prot_XZP60976.1_25	ptg000317l_1	28.889	45	158	58	102	229820	229704	20.8	4.6
lcl|PX244389.1_prot_XZP60976.1_25	ptg000317l_1	50.000	14	158	139	152	90652	90693	20.4	6.5
lcl|PX244389.1_prot_XZP60976.1_25	ptg000317l_1	50.000	14	158	139	152	160199	160240	20.4	6.5
lcl|PX244389.1_prot_XZP60977.1_26	ptg000317l_1	34.483	29	225	24	52	167111	167025	21.9	3.4
lcl|PX244389.1_prot_XZP60977.1_26	ptg000317l_1	34.483	29	225	24	52	97564	97478	21.9	3.4
lcl|PX244389.1_prot_XZP60977.1_26	ptg000317l_1	34.615	26	225	139	164	232630	232553	21.6	5.4
lcl|PX244389.1_prot_XZP60978.1_27	ptg000317l_1	37.143	35	120	13	47	13700	13804	25.0	0.13
lcl|PX244389.1_prot_XZP60978.1_27	ptg000317l_1	37.143	35	120	13	47	46148	46044	25.0	0.13
lcl|PX244389.1_prot_XZP60978.1_27	ptg000317l_1	46.154	13	120	106	118	242798	242760	19.6	7.4
lcl|PX244389.1_prot_XZP60979.1_28	ptg000317l_1	39.130	23	133	100	122	146374	146442	20.0	7.4
lcl|PX244389.1_prot_XZP60979.1_28	ptg000317l_1	39.130	23	133	100	122	215921	215989	20.0	7.4
lcl|PX244389.1_prot_XZP60980.1_29	ptg000317l_1	25.161	310	498	69	366	242932	242027	84.7	3.25e-19
lcl|PX244389.1_prot_XZP60980.1_29	ptg000317l_1	43.750	16	498	99	114	130919	130966	22.3	7.1
lcl|PX244389.1_prot_XZP60980.1_29	ptg000317l_1	43.750	16	498	99	114	200466	200513	22.3	7.1
lcl|PX244389.1_prot_XZP60980.1_29	ptg000317l_1	37.143	35	498	176	209	206435	206343	22.3	8.6
lcl|PX244389.1_prot_XZP60980.1_29	ptg000317l_1	37.143	35	498	176	209	136888	136796	22.3	8.6
lcl|PX244389.1_prot_XZP60981.1_30	ptg000317l_1	27.397	73	475	223	278	214372	214154	23.5	3.1
lcl|PX244389.1_prot_XZP60981.1_30	ptg000317l_1	27.397	73	475	223	278	144825	144607	23.5	3.1
lcl|PX244389.1_prot_XZP60982.1_31	ptg000317l_1	33.333	54	477	217	268	38974	39126	30.0	0.029
lcl|PX244389.1_prot_XZP60982.1_31	ptg000317l_1	33.333	54	477	217	268	20874	20722	30.0	0.029
lcl|PX244389.1_prot_XZP60982.1_31	ptg000317l_1	53.846	13	477	50	62	240681	240643	24.3	1.8
lcl|PX244389.1_prot_XZP60982.1_31	ptg000317l_1	22.449	49	477	130	178	231923	231798	22.3	6.4
lcl|PX244389.1_prot_XZP60982.1_31	ptg000317l_1	34.783	46	477	42	84	4303	4434	21.9	9.0
lcl|PX244389.1_prot_XZP60982.1_31	ptg000317l_1	29.167	48	477	176	223	110554	110691	21.9	9.0
lcl|PX244389.1_prot_XZP60982.1_31	ptg000317l_1	29.167	48	477	176	223	180101	180238	21.9	9.0
lcl|PX244389.1_prot_XZP60982.1_31	ptg000317l_1	34.783	46	477	42	84	55545	55414	21.9	9.0
lcl|PX244389.1_prot_XZP60982.1_31	ptg000317l_1	64.706	17	477	105	121	139382	139429	21.9	9.6
lcl|PX244389.1_prot_XZP60982.1_31	ptg000317l_1	64.706	17	477	105	121	208929	208976	21.9	9.6
lcl|PX244389.1_prot_XZP60983.1_32	ptg000317l_1	34.783	23	36	12	34	80420	80488	21.6	0.15
lcl|PX244389.1_prot_XZP60983.1_32	ptg000317l_1	35.000	20	36	15	34	83387	83446	16.9	7.7
lcl|PX244389.1_prot_XZP60985.1_34	ptg000317l_1	32.812	64	229	167	225	60417	60605	22.3	3.3
lcl|PX244389.1_prot_XZP60988.1_37	ptg000317l_1	30.000	20	37	6	25	205983	205924	16.9	6.2
lcl|PX244389.1_prot_XZP60988.1_37	ptg000317l_1	30.000	20	37	6	25	136436	136377	16.9	6.2
lcl|PX244389.1_prot_XZP60988.1_37	ptg000317l_1	55.556	9	37	3	11	19886	19912	16.9	7.1
lcl|PX244389.1_prot_XZP60988.1_37	ptg000317l_1	55.556	9	37	3	11	39962	39936	16.9	7.1
lcl|PX244389.1_prot_XZP60988.1_37	ptg000317l_1	54.545	11	37	16	26	152586	152618	16.5	8.8
lcl|PX244389.1_prot_XZP60988.1_37	ptg000317l_1	54.545	11	37	16	26	222133	222165	16.5	8.8
lcl|PX244389.1_prot_XZP60989.1_38	ptg000317l_1	30.000	30	39	2	31	215317	215228	18.9	1.8
lcl|PX244389.1_prot_XZP60989.1_38	ptg000317l_1	30.000	30	39	2	31	145770	145681	18.9	1.8
lcl|PX244389.1_prot_XZP60989.1_38	ptg000317l_1	45.455	11	39	14	24	68059	68027	18.5	2.5
lcl|PX244389.1_prot_XZP60989.1_38	ptg000317l_1	50.000	14	39	23	36	11233	11274	17.3	5.9
lcl|PX244389.1_prot_XZP60989.1_38	ptg000317l_1	50.000	14	39	23	36	48615	48574	17.3	5.9
lcl|PX244389.1_prot_XZP60990.1_39	ptg000317l_1	40.909	22	83	45	66	105847	105906	20.0	3.4
lcl|PX244389.1_prot_XZP60990.1_39	ptg000317l_1	40.909	22	83	45	66	175394	175453	20.0	3.4
lcl|PX244389.1_prot_XZP60990.1_39	ptg000317l_1	41.176	17	83	56	72	237108	237058	18.5	9.9
lcl|PX244389.1_prot_XZP60992.1_41	ptg000317l_1	100.000	7	37	10	16	17703	17723	18.1	2.4
lcl|PX244389.1_prot_XZP60992.1_41	ptg000317l_1	100.000	7	37	10	16	42145	42125	18.1	2.4
lcl|PX244389.1_prot_XZP60992.1_41	ptg000317l_1	42.857	14	37	19	32	194666	194625	17.7	3.2
lcl|PX244389.1_prot_XZP60992.1_41	ptg000317l_1	42.857	14	37	19	32	125119	125078	17.7	3.2
lcl|PX244389.1_prot_XZP60993.1_42	ptg000317l_1	77.778	9	44	31	39	564	590	18.9	1.8
lcl|PX244389.1_prot_XZP60993.1_42	ptg000317l_1	77.778	9	44	31	39	59284	59258	18.9	1.8
lcl|PX244389.1_prot_XZP60993.1_42	ptg000317l_1	66.667	15	44	12	26	140187	140231	18.9	2.0
lcl|PX244389.1_prot_XZP60993.1_42	ptg000317l_1	66.667	15	44	12	26	209734	209778	18.9	2.0
lcl|PX244389.1_prot_XZP60993.1_42	ptg000317l_1	56.250	16	44	12	27	212493	212446	18.5	2.4
lcl|PX244389.1_prot_XZP60993.1_42	ptg000317l_1	56.250	16	44	12	27	142946	142899	18.5	2.4
lcl|PX244389.1_prot_XZP60993.1_42	ptg000317l_1	55.556	18	44	14	30	111558	111611	18.1	4.4
lcl|PX244389.1_prot_XZP60993.1_42	ptg000317l_1	55.556	18	44	14	30	181105	181158	18.1	4.4
lcl|PX244389.1_prot_XZP60993.1_42	ptg000317l_1	30.769	26	44	17	42	193529	193452	17.7	5.8
lcl|PX244389.1_prot_XZP60993.1_42	ptg000317l_1	30.769	26	44	17	42	123982	123905	17.7	5.8
lcl|PX244389.1_prot_XZP60993.1_42	ptg000317l_1	85.714	7	44	6	12	68877	68897	17.3	7.6
lcl|PX244389.1_prot_XZP60994.1_43	ptg000317l_1	50.000	18	66	42	59	62141	62194	19.6	2.2
lcl|PX244389.1_prot_XZP60994.1_43	ptg000317l_1	34.615	26	66	18	43	80012	79935	19.6	2.6
lcl|PX244389.1_prot_XZP60994.1_43	ptg000317l_1	46.154	13	66	8	20	103489	103527	18.5	6.0
lcl|PX244389.1_prot_XZP60994.1_43	ptg000317l_1	46.154	13	66	8	20	173036	173074	18.5	6.0
lcl|PX244389.1_prot_XZP60995.1_44	ptg000317l_1	36.842	19	101	31	49	18750	18806	19.2	7.0
lcl|PX244389.1_prot_XZP60995.1_44	ptg000317l_1	36.842	19	101	31	49	41098	41042	19.2	7.0
lcl|PX244389.1_prot_XZP60996.1_45	ptg000317l_1	52.941	17	120	73	89	77887	77937	20.4	4.0
lcl|PX244389.1_prot_XZP60997.1_46	ptg000317l_1	90.000	10	123	29	38	202500	202471	23.5	0.48
lcl|PX244389.1_prot_XZP60997.1_46	ptg000317l_1	90.000	10	123	29	38	132953	132924	23.5	0.48
lcl|PX244389.1_prot_XZP60997.1_46	ptg000317l_1	40.909	22	123	56	77	179258	179193	21.6	2.0
lcl|PX244389.1_prot_XZP60997.1_46	ptg000317l_1	40.909	22	123	56	77	109711	109646	21.6	2.0
lcl|PX244389.1_prot_XZP60997.1_46	ptg000317l_1	69.231	13	123	84	96	231954	231992	21.6	2.2
lcl|PX244389.1_prot_XZP60997.1_46	ptg000317l_1	33.333	45	123	9	50	132045	132179	20.8	3.4
lcl|PX244389.1_prot_XZP60997.1_46	ptg000317l_1	33.333	45	123	9	50	201592	201726	20.8	3.4
lcl|PX244389.1_prot_XZP60998.1_47	ptg000317l_1	37.500	24	195	169	192	73377	73306	23.9	0.70
lcl|PX244389.1_prot_XZP60998.1_47	ptg000317l_1	35.897	39	195	42	80	2125	2220	20.8	7.3
lcl|PX244389.1_prot_XZP60998.1_47	ptg000317l_1	35.897	39	195	42	80	57723	57628	20.8	7.3
lcl|PX244389.1_prot_XZP60999.1_48	ptg000317l_1	36.667	30	508	116	145	49280	49369	23.9	2.9
lcl|PX244389.1_prot_XZP60999.1_48	ptg000317l_1	36.667	30	508	116	145	10568	10479	23.9	2.9
lcl|PX244389.1_prot_XZP60999.1_48	ptg000317l_1	28.947	38	508	94	128	198886	198773	22.7	5.5
lcl|PX244389.1_prot_XZP60999.1_48	ptg000317l_1	28.947	38	508	94	128	129339	129226	22.7	5.5
lcl|PX244389.1_prot_XZP61000.1_49	ptg000317l_1	60.000	10	33	18	27	136798	136827	17.3	3.7
lcl|PX244389.1_prot_XZP61000.1_49	ptg000317l_1	60.000	10	33	18	27	206345	206374	17.3	3.7
lcl|PX244389.1_prot_XZP61000.1_49	ptg000317l_1	47.368	19	33	9	27	148778	148834	17.3	3.9
lcl|PX244389.1_prot_XZP61000.1_49	ptg000317l_1	47.368	19	33	9	27	218325	218381	17.3	3.9
lcl|PX244389.1_prot_XZP61000.1_49	ptg000317l_1	53.846	13	33	6	18	148924	148962	16.9	5.4
lcl|PX244389.1_prot_XZP61000.1_49	ptg000317l_1	53.846	13	33	6	18	218471	218509	16.9	5.4
lcl|PX244389.1_prot_XZP61000.1_49	ptg000317l_1	50.000	10	33	23	32	226675	226646	16.9	6.4
lcl|PX244389.1_prot_XZP61000.1_49	ptg000317l_1	57.143	14	33	17	28	75105	75146	16.5	8.8
lcl|PX244389.1_prot_XZP61001.1_50	ptg000317l_1	38.462	13	43	18	30	234853	234891	18.9	1.7
lcl|PX244389.1_prot_XZP61001.1_50	ptg000317l_1	50.000	14	43	19	32	148146	148187	18.9	1.9
lcl|PX244389.1_prot_XZP61001.1_50	ptg000317l_1	50.000	14	43	19	32	217693	217734	18.9	1.9
lcl|PX244389.1_prot_XZP61001.1_50	ptg000317l_1	50.000	14	43	17	30	218412	218371	17.3	7.5
lcl|PX244389.1_prot_XZP61001.1_50	ptg000317l_1	50.000	14	43	17	30	148865	148824	17.3	7.5
lcl|PX244389.1_prot_XZP61002.1_51	ptg000317l_1	44.444	18	73	32	49	4882	4935	22.3	0.30
lcl|PX244389.1_prot_XZP61002.1_51	ptg000317l_1	44.444	18	73	32	49	54966	54913	22.3	0.30
lcl|PX244389.1_prot_XZP61002.1_51	ptg000317l_1	52.632	19	73	21	39	205654	205598	21.9	0.51
lcl|PX244389.1_prot_XZP61002.1_51	ptg000317l_1	52.632	19	73	21	39	136107	136051	21.9	0.51
lcl|PX244389.1_prot_XZP61002.1_51	ptg000317l_1	34.146	41	73	34	67	35235	35357	21.2	0.84
lcl|PX244389.1_prot_XZP61002.1_51	ptg000317l_1	34.146	41	73	34	67	24613	24491	21.2	0.84
lcl|PX244389.1_prot_XZP61003.1_52	ptg000317l_1	33.803	213	215	9	215	111477	112112	120	1.61e-33
lcl|PX244389.1_prot_XZP61003.1_52	ptg000317l_1	33.803	213	215	9	215	181024	181659	120	1.61e-33
lcl|PX244389.1_prot_XZP61003.1_52	ptg000317l_1	53.846	13	215	144	156	7217	7255	21.2	6.8
lcl|PX244389.1_prot_XZP61003.1_52	ptg000317l_1	53.846	13	215	144	156	52631	52593	21.2	6.8
lcl|PX244389.1_prot_XZP61004.1_53	ptg000317l_1	42.029	69	160	65	133	112257	112460	56.2	6.98e-12
lcl|PX244389.1_prot_XZP61004.1_53	ptg000317l_1	42.029	69	160	65	133	181804	182007	56.2	6.98e-12
lcl|PX244389.1_prot_XZP61004.1_53	ptg000317l_1	36.000	25	160	51	75	85977	86051	24.6	0.29
lcl|PX244389.1_prot_XZP61004.1_53	ptg000317l_1	36.000	25	160	51	75	155524	155598	24.6	0.29
lcl|PX244389.1_prot_XZP61004.1_53	ptg000317l_1	70.000	10	160	142	151	103315	103344	22.3	1.7
lcl|PX244389.1_prot_XZP61004.1_53	ptg000317l_1	70.000	10	160	142	151	172862	172891	22.3	1.7
lcl|PX244389.1_prot_XZP61004.1_53	ptg000317l_1	36.667	30	160	29	58	69685	69596	21.6	2.7
lcl|PX244389.1_prot_XZP61004.1_53	ptg000317l_1	37.838	37	160	40	76	123169	123279	21.2	3.7
lcl|PX244389.1_prot_XZP61004.1_53	ptg000317l_1	37.838	37	160	40	76	192716	192826	21.2	3.7
lcl|PX244389.1_prot_XZP61004.1_53	ptg000317l_1	57.143	14	160	32	45	43912	43953	20.8	5.6
lcl|PX244389.1_prot_XZP61004.1_53	ptg000317l_1	57.143	14	160	32	45	15936	15895	20.8	5.6
lcl|PX244389.1_prot_XZP61004.1_53	ptg000317l_1	30.556	36	160	91	126	1937	2044	20.4	8.2
lcl|PX244389.1_prot_XZP61004.1_53	ptg000317l_1	30.556	36	160	91	126	57911	57804	20.4	8.2
lcl|PX244389.1_prot_XZP61005.1_54	ptg000317l_1	31.481	54	333	153	202	131453	131614	25.4	0.56
lcl|PX244389.1_prot_XZP61005.1_54	ptg000317l_1	31.481	54	333	153	202	201000	201161	25.4	0.56
lcl|PX244389.1_prot_XZP61005.1_54	ptg000317l_1	35.000	20	333	213	232	65610	65551	22.3	4.2
lcl|PX244389.1_prot_XZP61005.1_54	ptg000317l_1	25.000	40	333	172	211	59863	59982	22.3	5.3
lcl|PX244389.1_prot_XZP61006.1_55	ptg000317l_1	50.000	12	138	127	138	238741	238776	20.8	4.3
lcl|PX244389.1_prot_XZP61006.1_55	ptg000317l_1	46.429	28	138	109	132	174218	174138	20.0	7.9
lcl|PX244389.1_prot_XZP61006.1_55	ptg000317l_1	46.429	28	138	109	132	104671	104591	20.0	7.9
lcl|PX244389.1_prot_XZP61008.1_57	ptg000317l_1	46.154	13	80	36	48	173925	173887	20.4	2.3
lcl|PX244389.1_prot_XZP61008.1_57	ptg000317l_1	46.154	13	80	36	48	104378	104340	20.4	2.3
lcl|PX244389.1_prot_XZP61008.1_57	ptg000317l_1	35.000	20	80	3	22	99092	99151	19.2	4.7
lcl|PX244389.1_prot_XZP61008.1_57	ptg000317l_1	35.000	20	80	3	22	168639	168698	19.2	4.7
lcl|PX244389.1_prot_XZP61009.1_58	ptg000317l_1	34.483	29	134	50	78	71110	71196	21.6	2.2
lcl|PX244389.1_prot_XZP61009.1_58	ptg000317l_1	35.714	28	134	76	103	161323	161240	20.0	7.5
lcl|PX244389.1_prot_XZP61009.1_58	ptg000317l_1	35.714	28	134	76	103	91776	91693	20.0	7.5
lcl|PX244389.1_prot_XZP61009.1_58	ptg000317l_1	37.037	27	134	108	134	22912	22971	19.6	9.1
lcl|PX244389.1_prot_XZP61009.1_58	ptg000317l_1	37.037	27	134	108	134	36936	36877	19.6	9.1
lcl|PX244389.1_prot_XZP61011.1_60	ptg000317l_1	53.333	15	135	73	87	149585	149629	21.9	1.9
lcl|PX244389.1_prot_XZP61011.1_60	ptg000317l_1	53.333	15	135	73	87	219132	219176	21.9	1.9
lcl|PX244389.1_prot_XZP61011.1_60	ptg000317l_1	42.857	14	135	86	99	239099	239058	20.0	7.1
lcl|PX244389.1_prot_XZP61011.1_60	ptg000317l_1	42.857	14	135	16	29	150690	150731	19.6	8.8
lcl|PX244389.1_prot_XZP61011.1_60	ptg000317l_1	42.857	14	135	16	29	220237	220278	19.6	8.8
lcl|PX244389.1_prot_XZP61013.1_62	ptg000317l_1	47.059	17	128	89	105	123277	123327	21.9	1.5
lcl|PX244389.1_prot_XZP61013.1_62	ptg000317l_1	47.059	17	128	89	105	192824	192874	21.9	1.5
lcl|PX244389.1_prot_XZP61013.1_62	ptg000317l_1	50.000	12	128	96	107	51039	51074	20.4	4.8
lcl|PX244389.1_prot_XZP61013.1_62	ptg000317l_1	50.000	12	128	96	107	8809	8774	20.4	4.8
lcl|PX244389.1_prot_XZP61013.1_62	ptg000317l_1	61.538	13	128	28	40	8168	8206	19.6	7.9
lcl|PX244389.1_prot_XZP61013.1_62	ptg000317l_1	61.538	13	128	28	40	51680	51642	19.6	7.9
lcl|PX244389.1_prot_XZP61014.1_63	ptg000317l_1	39.130	23	92	24	45	67693	67761	19.6	5.3
lcl|PX244389.1_prot_XZP61015.1_64	ptg000317l_1	33.333	42	274	223	262	40359	40484	22.7	2.9
lcl|PX244389.1_prot_XZP61015.1_64	ptg000317l_1	33.333	42	274	223	262	19489	19364	22.7	2.9
lcl|PX244389.1_prot_XZP61015.1_64	ptg000317l_1	30.000	40	274	72	109	72322	72441	21.9	5.1
lcl|PX244389.1_prot_XZP61016.1_65	ptg000317l_1	25.581	86	93	17	92	81258	81494	22.3	0.59
lcl|PX244389.1_prot_XZP61016.1_65	ptg000317l_1	72.727	11	93	79	89	4494	4526	21.2	1.7
lcl|PX244389.1_prot_XZP61016.1_65	ptg000317l_1	72.727	11	93	79	89	55354	55322	21.2	1.7
lcl|PX244389.1_prot_XZP61016.1_65	ptg000317l_1	34.783	23	93	36	58	99264	99332	20.0	3.7
lcl|PX244389.1_prot_XZP61016.1_65	ptg000317l_1	34.783	23	93	36	58	168811	168879	20.0	3.7
lcl|PX244389.1_prot_XZP61016.1_65	ptg000317l_1	62.500	8	93	37	44	63421	63444	19.2	7.1
lcl|PX244389.1_prot_XZP61016.1_65	ptg000317l_1	41.379	29	93	17	43	1328	1414	18.9	9.0
lcl|PX244389.1_prot_XZP61016.1_65	ptg000317l_1	41.379	29	93	17	43	58520	58434	18.9	9.0
lcl|PX244389.1_prot_XZP61017.1_66	ptg000317l_1	39.286	56	2256	960	1015	81291	81130	31.2	0.088
lcl|PX244389.1_prot_XZP61017.1_66	ptg000317l_1	55.556	18	2256	892	909	34692	34745	26.9	1.6
lcl|PX244389.1_prot_XZP61017.1_66	ptg000317l_1	55.556	18	2256	892	909	25156	25103	26.9	1.6
lcl|PX244389.1_prot_XZP61017.1_66	ptg000317l_1	31.111	45	2256	281	325	124889	125017	26.2	2.3
lcl|PX244389.1_prot_XZP61017.1_66	ptg000317l_1	31.111	45	2256	281	325	194436	194564	26.2	2.3
lcl|PX244389.1_prot_XZP61018.1_67	ptg000317l_1	36.161	224	510	245	460	151370	152029	64.3	9.49e-13
lcl|PX244389.1_prot_XZP61018.1_67	ptg000317l_1	36.161	224	510	245	460	220917	221576	64.3	9.49e-13
lcl|PX244389.1_prot_XZP61018.1_67	ptg000317l_1	30.556	108	510	91	198	172642	172319	56.2	3.36e-10
lcl|PX244389.1_prot_XZP61018.1_67	ptg000317l_1	30.556	108	510	91	198	103095	102772	56.2	3.36e-10
lcl|PX244389.1_prot_XZP61018.1_67	ptg000317l_1	24.500	200	510	141	328	167110	166541	35.0	0.001
lcl|PX244389.1_prot_XZP61018.1_67	ptg000317l_1	24.500	200	510	141	328	97563	96994	35.0	0.001
lcl|PX244389.1_prot_XZP61018.1_67	ptg000317l_1	52.381	21	510	67	87	49360	49422	24.3	2.0
lcl|PX244389.1_prot_XZP61018.1_67	ptg000317l_1	52.381	21	510	67	87	10488	10426	24.3	2.0
lcl|PX244389.1_prot_XZP61019.1_68	ptg000317l_1	31.206	141	155	21	155	177683	177273	72.4	1.58e-17
lcl|PX244389.1_prot_XZP61019.1_68	ptg000317l_1	31.206	141	155	21	155	108136	107726	72.4	1.58e-17
lcl|PX244389.1_prot_XZP61019.1_68	ptg000317l_1	39.130	23	155	8	30	184018	183950	20.0	8.1
lcl|PX244389.1_prot_XZP61019.1_68	ptg000317l_1	39.130	23	155	8	30	114471	114403	20.0	8.1
lcl|PX244389.1_prot_XZP61020.1_69	ptg000317l_1	37.838	37	1721	1517	1553	234614	234510	26.9	1.2
lcl|PX244389.1_prot_XZP61020.1_69	ptg000317l_1	41.667	24	1721	1323	1346	30304	30375	26.6	1.3
lcl|PX244389.1_prot_XZP61020.1_69	ptg000317l_1	31.915	47	1721	196	241	241485	241625	24.6	5.6
lcl|PX244389.1_prot_XZP61020.1_69	ptg000317l_1	28.261	46	1721	740	779	106626	106763	24.3	6.7
lcl|PX244389.1_prot_XZP61020.1_69	ptg000317l_1	28.261	46	1721	740	779	176173	176310	24.3	6.7
lcl|PX244389.1_prot_XZP61020.1_69	ptg000317l_1	39.394	33	1721	658	690	199224	199126	23.9	9.6
lcl|PX244389.1_prot_XZP61020.1_69	ptg000317l_1	39.394	33	1721	658	690	129677	129579	23.9	9.6
lcl|PX244389.1_prot_XZP61022.1_71	ptg000317l_1	39.610	154	393	72	225	64293	64754	120	1.61e-31
lcl|PX244389.1_prot_XZP61022.1_71	ptg000317l_1	46.667	75	393	319	393	67659	67883	76.3	7.28e-17
lcl|PX244389.1_prot_XZP61022.1_71	ptg000317l_1	36.538	52	393	11	62	62009	62164	45.8	2.77e-07
lcl|PX244389.1_prot_XZP61022.1_71	ptg000317l_1	40.909	22	393	17	38	68649	68714	23.5	2.5
lcl|PX244389.1_prot_XZP61022.1_71	ptg000317l_1	32.000	25	393	327	351	10515	10589	21.9	7.3
lcl|PX244389.1_prot_XZP61022.1_71	ptg000317l_1	32.000	25	393	327	351	49333	49259	21.9	7.3
lcl|PX244389.1_prot_XZP61022.1_71	ptg000317l_1	29.091	55	393	163	217	168899	168762	21.6	8.9
lcl|PX244389.1_prot_XZP61022.1_71	ptg000317l_1	29.091	55	393	163	217	99352	99215	21.6	8.9
lcl|PX244389.1_prot_XZP61023.1_72	ptg000317l_1	42.718	103	361	51	153	163596	163288	89.7	2.05e-21
lcl|PX244389.1_prot_XZP61023.1_72	ptg000317l_1	42.718	103	361	51	153	94049	93741	89.7	2.05e-21
lcl|PX244389.1_prot_XZP61023.1_72	ptg000317l_1	39.189	74	361	273	346	74512	74324	36.6	2.03e-04
lcl|PX244389.1_prot_XZP61024.1_73	ptg000317l_1	22.642	53	167	53	105	240737	240582	23.5	0.75
lcl|PX244389.1_prot_XZP61024.1_73	ptg000317l_1	47.059	17	167	34	50	241765	241715	21.2	4.2
lcl|PX244389.1_prot_XZP61026.1_75	ptg000317l_1	48.571	35	101	16	49	191388	191284	26.9	0.021
lcl|PX244389.1_prot_XZP61026.1_75	ptg000317l_1	48.571	35	101	16	49	121841	121737	26.9	0.021
lcl|PX244389.1_prot_XZP61027.1_76	ptg000317l_1	33.333	27	81	47	73	103507	103587	21.2	1.1
lcl|PX244389.1_prot_XZP61027.1_76	ptg000317l_1	33.333	27	81	47	73	173054	173134	21.2	1.1
lcl|PX244389.1_prot_XZP61027.1_76	ptg000317l_1	40.000	20	81	59	78	187701	187642	19.6	4.2
lcl|PX244389.1_prot_XZP61027.1_76	ptg000317l_1	40.000	20	81	59	78	118154	118095	19.6	4.2
lcl|PX244389.1_prot_XZP61027.1_76	ptg000317l_1	70.000	10	81	60	69	224202	224173	19.2	5.5
lcl|PX244389.1_prot_XZP61027.1_76	ptg000317l_1	29.730	37	81	15	51	205742	205632	19.2	6.2
lcl|PX244389.1_prot_XZP61027.1_76	ptg000317l_1	29.730	37	81	15	51	136195	136085	19.2	6.2
lcl|PX244389.1_prot_XZP61027.1_76	ptg000317l_1	42.857	14	81	25	38	100023	100064	18.9	7.9
lcl|PX244389.1_prot_XZP61027.1_76	ptg000317l_1	42.857	14	81	25	38	169570	169611	18.9	7.9
lcl|PX244389.1_prot_XZP61027.1_76	ptg000317l_1	37.037	27	81	39	65	232117	232037	18.9	8.4
lcl|PX244389.1_prot_XZP61028.1_77	ptg000317l_1	36.364	165	501	151	314	197304	196819	93.2	8.44e-22
lcl|PX244389.1_prot_XZP61028.1_77	ptg000317l_1	36.364	165	501	151	314	127757	127272	93.2	8.44e-22
lcl|PX244389.1_prot_XZP61028.1_77	ptg000317l_1	23.030	165	501	288	452	151571	152062	44.3	1.39e-06
lcl|PX244389.1_prot_XZP61028.1_77	ptg000317l_1	23.030	165	501	288	452	221118	221609	44.3	1.39e-06
lcl|PX244389.1_prot_XZP61028.1_77	ptg000317l_1	30.556	108	501	328	435	193845	193543	42.4	5.40e-06
lcl|PX244389.1_prot_XZP61028.1_77	ptg000317l_1	30.556	108	501	328	435	124298	123996	42.4	5.40e-06
lcl|PX244389.1_prot_XZP61028.1_77	ptg000317l_1	24.419	172	501	7	170	199140	198667	36.2	4.25e-04
lcl|PX244389.1_prot_XZP61028.1_77	ptg000317l_1	24.419	172	501	7	170	129593	129120	36.2	4.25e-04
lcl|PX244389.1_prot_XZP61028.1_77	ptg000317l_1	23.980	196	501	134	314	167092	166529	31.2	0.016
lcl|PX244389.1_prot_XZP61028.1_77	ptg000317l_1	23.980	196	501	134	314	97545	96982	31.2	0.016
lcl|PX244389.1_prot_XZP61028.1_77	ptg000317l_1	23.164	177	501	232	401	166771	166274	30.8	0.018
lcl|PX244389.1_prot_XZP61028.1_77	ptg000317l_1	23.164	177	501	232	401	97224	96727	30.8	0.018
lcl|PX244389.1_prot_XZP61028.1_77	ptg000317l_1	27.419	62	501	143	201	34033	34218	24.6	1.7
lcl|PX244389.1_prot_XZP61028.1_77	ptg000317l_1	27.419	62	501	143	201	25815	25630	24.6	1.7
lcl|PX244389.1_prot_XZP61028.1_77	ptg000317l_1	45.455	22	501	92	113	87341	87406	22.3	8.1
lcl|PX244389.1_prot_XZP61028.1_77	ptg000317l_1	45.455	22	501	92	113	156888	156953	22.3	8.1
lcl|PX244389.1_prot_XZP61028.1_77	ptg000317l_1	34.483	29	501	419	447	210253	210167	22.3	8.4
lcl|PX244389.1_prot_XZP61028.1_77	ptg000317l_1	34.483	29	501	419	447	140706	140620	22.3	8.4
lcl|PX244389.1_prot_XZP61028.1_77	ptg000317l_1	31.915	47	501	114	160	210079	209969	21.9	9.9
lcl|PX244389.1_prot_XZP61028.1_77	ptg000317l_1	31.915	47	501	114	160	140532	140422	21.9	9.9
lcl|PX244389.1_prot_XZP61029.1_78	ptg000317l_1	29.412	68	319	235	302	240830	240636	29.3	0.031
lcl|PX244389.1_prot_XZP61030.1_79	ptg000317l_1	50.000	12	52	11	22	127555	127590	19.2	2.3
lcl|PX244389.1_prot_XZP61030.1_79	ptg000317l_1	50.000	12	52	11	22	197102	197137	19.2	2.3
lcl|PX244389.1_prot_XZP61030.1_79	ptg000317l_1	50.000	16	52	5	20	126609	126656	19.2	2.3
lcl|PX244389.1_prot_XZP61030.1_79	ptg000317l_1	50.000	16	52	5	20	196156	196203	19.2	2.3
lcl|PX244389.1_prot_XZP61030.1_79	ptg000317l_1	60.000	10	52	43	52	212994	212965	17.7	7.5
lcl|PX244389.1_prot_XZP61030.1_79	ptg000317l_1	60.000	10	52	43	52	143447	143418	17.7	7.5
lcl|PX244389.1_prot_XZP61031.1_80	ptg000317l_1	45.326	353	739	110	454	167191	166160	245	2.31e-70
lcl|PX244389.1_prot_XZP61031.1_80	ptg000317l_1	45.326	353	739	110	454	97644	96613	245	2.31e-70
lcl|PX244389.1_prot_XZP61031.1_80	ptg000317l_1	30.899	178	739	244	417	151400	151900	70.1	3.24e-14
lcl|PX244389.1_prot_XZP61031.1_80	ptg000317l_1	30.899	178	739	244	417	220947	221447	70.1	3.24e-14
lcl|PX244389.1_prot_XZP61031.1_80	ptg000317l_1	24.868	189	739	158	343	197310	196777	37.0	4.65e-04
lcl|PX244389.1_prot_XZP61031.1_80	ptg000317l_1	24.868	189	739	158	343	127763	127230	37.0	4.65e-04
lcl|PX244389.1_prot_XZP61031.1_80	ptg000317l_1	27.273	44	739	329	372	147149	147280	28.5	0.14
lcl|PX244389.1_prot_XZP61031.1_80	ptg000317l_1	27.273	44	739	329	372	216696	216827	28.5	0.14
lcl|PX244389.1_prot_XZP61031.1_80	ptg000317l_1	35.135	37	739	146	182	104354	104464	23.9	3.6
lcl|PX244389.1_prot_XZP61031.1_80	ptg000317l_1	35.135	37	739	146	182	173901	174011	23.9	3.6
lcl|PX244389.1_prot_XZP61031.1_80	ptg000317l_1	28.333	60	739	315	374	231349	231522	23.9	4.3
lcl|PX244389.1_prot_XZP61032.1_81	ptg000317l_1	31.206	141	155	21	155	177683	177273	72.4	1.58e-17
lcl|PX244389.1_prot_XZP61032.1_81	ptg000317l_1	31.206	141	155	21	155	108136	107726	72.4	1.58e-17
lcl|PX244389.1_prot_XZP61032.1_81	ptg000317l_1	39.130	23	155	8	30	184018	183950	20.0	8.1
lcl|PX244389.1_prot_XZP61032.1_81	ptg000317l_1	39.130	23	155	8	30	114471	114403	20.0	8.1
lcl|PX244389.1_prot_XZP61033.1_82	ptg000317l_1	36.161	224	510	245	460	151370	152029	64.3	9.49e-13
lcl|PX244389.1_prot_XZP61033.1_82	ptg000317l_1	36.161	224	510	245	460	220917	221576	64.3	9.49e-13
lcl|PX244389.1_prot_XZP61033.1_82	ptg000317l_1	30.556	108	510	91	198	172642	172319	56.2	3.36e-10
lcl|PX244389.1_prot_XZP61033.1_82	ptg000317l_1	30.556	108	510	91	198	103095	102772	56.2	3.36e-10
lcl|PX244389.1_prot_XZP61033.1_82	ptg000317l_1	24.500	200	510	141	328	167110	166541	35.0	0.001
lcl|PX244389.1_prot_XZP61033.1_82	ptg000317l_1	24.500	200	510	141	328	97563	96994	35.0	0.001
lcl|PX244389.1_prot_XZP61033.1_82	ptg000317l_1	52.381	21	510	67	87	49360	49422	24.3	2.0
lcl|PX244389.1_prot_XZP61033.1_82	ptg000317l_1	52.381	21	510	67	87	10488	10426	24.3	2.0
lcl|PX244389.1_prot_XZP61034.1_83	ptg000317l_1	39.286	56	2256	960	1015	81291	81130	31.2	0.088
lcl|PX244389.1_prot_XZP61034.1_83	ptg000317l_1	55.556	18	2256	892	909	34692	34745	26.9	1.6
lcl|PX244389.1_prot_XZP61034.1_83	ptg000317l_1	55.556	18	2256	892	909	25156	25103	26.9	1.6
lcl|PX244389.1_prot_XZP61034.1_83	ptg000317l_1	31.111	45	2256	281	325	124889	125017	26.2	2.3
lcl|PX244389.1_prot_XZP61034.1_83	ptg000317l_1	31.111	45	2256	281	325	194436	194564	26.2	2.3
lcl|PX244389.1_prot_XZP61035.1_84	ptg000317l_1	25.581	86	93	17	92	81258	81494	22.3	0.59
lcl|PX244389.1_prot_XZP61035.1_84	ptg000317l_1	72.727	11	93	79	89	4494	4526	21.2	1.7
lcl|PX244389.1_prot_XZP61035.1_84	ptg000317l_1	72.727	11	93	79	89	55354	55322	21.2	1.7
lcl|PX244389.1_prot_XZP61035.1_84	ptg000317l_1	34.783	23	93	36	58	99264	99332	20.0	3.7
lcl|PX244389.1_prot_XZP61035.1_84	ptg000317l_1	34.783	23	93	36	58	168811	168879	20.0	3.7
lcl|PX244389.1_prot_XZP61035.1_84	ptg000317l_1	62.500	8	93	37	44	63421	63444	19.2	7.1
lcl|PX244389.1_prot_XZP61035.1_84	ptg000317l_1	41.379	29	93	17	43	1328	1414	18.9	9.0
lcl|PX244389.1_prot_XZP61035.1_84	ptg000317l_1	41.379	29	93	17	43	58520	58434	18.9	9.0
lcl|PX244389.1_prot_XZP61036.1_85	ptg000317l_1	33.333	42	274	223	262	40359	40484	22.7	2.9
lcl|PX244389.1_prot_XZP61036.1_85	ptg000317l_1	33.333	42	274	223	262	19489	19364	22.7	2.9
lcl|PX244389.1_prot_XZP61036.1_85	ptg000317l_1	30.000	40	274	72	109	72322	72441	21.9	5.1
