sample_id	batch	naming_profile	species	popcode	input_read_records	total_organelle_mapped_reads	input_organelle_mapping_fraction	chloroplast_mapped_reads	mitochondria_mapped_reads	chloroplast_fraction_of_organelle_mapped	mitochondria_fraction_of_organelle_mapped	chloroplast_mean_depth	mitochondria_mean_depth	chloroplast_breadth_ge_1x	mitochondria_breadth_ge_1x	chloroplast_breadth_ge_5x	mitochondria_breadth_ge_5x	chloroplast_breadth_ge_10x	mitochondria_breadth_ge_10x	qc_notes
DU-173	QB3.Berkeley.241122/QB3.Dudleya.Results.250118	initial_du_dash			142626714	21112664	0.148027	18020582	3092082	0.853544	0.146456	17619.275231	1848.704897	1.000000	0.995603	1.000000	0.995595	1.000000	0.995558	pass_initial_mapping_screen
DU-229	QB3.Berkeley.241122/QB3.Dudleya.Results.250118	initial_du_dash			138027378	11496621	0.083292	9955673	1540948	0.865965	0.134035	9712.879726	918.897998	1.000000	0.946860	1.000000	0.945393	1.000000	0.945061	pass_initial_mapping_screen
DU-247	QB3.Berkeley.241122/QB3.Dudleya.Results.250118	initial_du_dash			111833500	12153104	0.108671	10733775	1419329	0.883213	0.116787	10517.488414	848.541332	1.000000	1.000000	1.000000	0.999992	1.000000	0.999988	pass_initial_mapping_screen
DU-254	QB3.Berkeley.241122/QB3.Dudleya.Results.250118	initial_du_dash			152335744	24569409	0.161285	22689730	1879679	0.923495	0.076505	22274.841004	1123.769181	1.000000	1.000000	1.000000	0.999996	1.000000	0.999992	pass_initial_mapping_screen
DU-270	QB3.Berkeley.241122/QB3.Dudleya.Results.250118	initial_du_dash			132943884	13034599	0.098046	11322746	1711853	0.868669	0.131331	11039.504658	1020.624255	1.000000	0.996261	1.000000	0.996220	1.000000	0.996014	pass_initial_mapping_screen
DU-297	QB3.Berkeley.241122/QB3.Dudleya.Results.250118	initial_du_dash			118039244	22772974	0.192927	21215857	1557117	0.931624	0.068376	20842.575828	933.173398	1.000000	1.000000	1.000000	1.000000	1.000000	0.999996	pass_initial_mapping_screen
DU-443	QB3.Berkeley.241122/QB3.Dudleya.Results.250118	initial_du_dash			122821078	20525689	0.167119	19016884	1508805	0.926492	0.073508	18598.518047	898.015220	1.000000	0.998085	1.000000	0.998036	1.000000	0.997991	pass_initial_mapping_screen
DU-4A	QB3.Berkeley.241122/QB3.Dudleya.Results.250118	initial_du_dash			114738526	23111735	0.201430	20893200	2218535	0.904008	0.095992	20489.394286	1331.635189	1.000000	1.000000	1.000000	1.000000	1.000000	0.999996	pass_initial_mapping_screen
DU014LP012	QB3.Berkeley.250811/QB3.250916.Results5genomes	initial_du_lp			80007888	10331624	0.129133	9392608	939016	0.909112	0.090888	8634.017428	537.615864	1.000000	0.969490	1.000000	0.946791	1.000000	0.945854	pass_initial_mapping_screen
DU037LP013	QB3.Berkeley.250811/QB3.250916.Results5genomes	initial_du_lp			52892182	12574661	0.237741	11973911	600750	0.952225	0.047775	11546.613180	355.209333	1.000000	0.953279	1.000000	0.945270	1.000000	0.944765	pass_initial_mapping_screen
DU059LP015	QB3.Berkeley.250811/QB3.250916.Results5genomes	initial_du_lp			81365676	12059686	0.148216	10359806	1699880	0.859044	0.140956	9083.989186	975.155416	1.000000	0.999466	1.000000	0.999359	1.000000	0.999310	pass_initial_mapping_screen
DU078LP011	QB3.Berkeley.250811/QB3.250916.Results5genomes	initial_du_lp			97284144	20023302	0.205823	17339097	2684205	0.865946	0.134054	14578.908354	1477.275046	1.000000	0.999441	1.000000	0.999240	1.000000	0.999232	pass_initial_mapping_screen
DU079LP010	QB3.Berkeley.250811/QB3.250916.Results5genomes	initial_du_lp			136596296	19445823	0.142360	16425043	3020780	0.844657	0.155343	13825.174834	1653.596292	1.000000	0.999569	1.000000	0.999515	1.000000	0.999511	pass_initial_mapping_screen
ABAB_MAD_LP_222_Du-589	QB3.Berkeley.251217/QB3.Results.260109	main_standard	D. abramsii ssp. abramsii	ABAB_MAD	5378	305	0.056713	283	22	0.927869	0.072131	0.211846	0.010511	0.134068	0.008120	0.000492	0.000000	0.000000	0.000000	low_mitochondria_mapped_reads;low_chloroplast_breadth_ge_1x;low_mitochondria_breadth_ge_1x
ABAB_MAD_LP_223_Du-590	QB3.Berkeley.251217/QB3.Results.260109	main_standard	D. abramsii ssp. abramsii	ABAB_MAD	1107924	192314	0.173580	172130	20184	0.895047	0.104953	128.358698	9.638587	0.999867	0.994206	0.999448	0.850805	0.999008	0.425930	pass_initial_mapping_screen
ABAB_MAD_LP_322_Du-593	QB3.Berkeley.251217/QB3.Results.260109	main_standard	D. abramsii ssp. abramsii	ABAB_MAD	14447920	3771735	0.261057	3533322	238413	0.936790	0.063210	2608.212825	112.724000	0.999967	0.998817	0.999900	0.998747	0.999894	0.998599	pass_initial_mapping_screen
ABAB_MAD_LP_323_Du-594	QB3.Berkeley.251217/QB3.Results.260109	main_standard	D. abramsii ssp. abramsii	ABAB_MAD	2471082	541041	0.218949	502441	38600	0.928656	0.071344	317.397714	15.974412	0.999900	0.998504	0.999760	0.970689	0.999601	0.778722	pass_initial_mapping_screen
ABAB_MAD_LP_324_Du-595	QB3.Berkeley.251217/QB3.Results.260109	main_standard	D. abramsii ssp. abramsii	ABAB_MAD	7258446	1606545	0.221335	1451639	154906	0.903578	0.096422	837.131912	58.281325	0.999993	0.998977	0.999847	0.998726	0.999740	0.998611	pass_initial_mapping_screen
ABAB_MAD_LP_325_Du-596	QB3.Berkeley.251217/QB3.Results.260109	main_standard	D. abramsii ssp. abramsii	ABAB_MAD	9416018	2194154	0.233024	2059522	134632	0.938641	0.061359	1382.818751	58.608410	0.999967	0.998895	0.999874	0.998771	0.999820	0.998525	pass_initial_mapping_screen
ABAB_MAD_LP_326_Du-597	QB3.Berkeley.251217/QB3.Results.260109	main_standard	D. abramsii ssp. abramsii	ABAB_MAD	8209486	1231831	0.150050	1124408	107423	0.912794	0.087206	737.977321	45.656586	0.999913	0.998874	0.999807	0.998669	0.999767	0.998393	pass_initial_mapping_screen
ABAB_MAD_LP_327_Du-598	QB3.Berkeley.251217/QB3.Results.260109	main_standard	D. abramsii ssp. abramsii	ABAB_MAD	2387304	386385	0.161850	355989	30396	0.921332	0.078668	231.051393	12.706109	0.999880	0.995726	0.999740	0.932146	0.999528	0.628405	pass_initial_mapping_screen
ABBE_BERN_LP_311_Du-780	QB3.Berkeley.251217/QB3.Results.260109	main_standard	D. abramsii ssp. bettinae	ABBE_BERN	10549336	1732138	0.164194	1481697	250441	0.855415	0.144585	1080.535176	116.973192	1.000000	0.945311	0.999920	0.941243	0.999874	0.940742	pass_initial_mapping_screen
ABBE_BERN_LP_312_Du-781	QB3.Berkeley.251217/QB3.Results.260109	main_standard	D. abramsii ssp. bettinae	ABBE_BERN	12367560	683485	0.055264	568551	114934	0.831841	0.168159	404.170342	52.316619	1.000000	0.945706	0.999947	0.941613	0.999867	0.940688	pass_initial_mapping_screen
ABBE_BERN_LP_313_Du-782	QB3.Berkeley.251217/QB3.Results.260109	main_standard	D. abramsii ssp. bettinae	ABBE_BERN	5646246	186162	0.032971	157340	28822	0.845178	0.154822	117.489007	13.703709	0.999913	0.944305	0.999614	0.906882	0.999142	0.692500	pass_initial_mapping_screen
ABBE_BERN_LP_314_Du-783	QB3.Berkeley.251217/QB3.Results.260109	main_standard	D. abramsii ssp. bettinae	ABBE_BERN	9371176	376602	0.040187	248432	128170	0.659667	0.340333	174.569260	59.309580	1.000000	0.944259	0.999880	0.941083	0.999601	0.940742	pass_initial_mapping_screen
ABMU_HOR_LP_306_Du-775	QB3.Berkeley.251217/QB3.Results.260109	main_standard	D. abramsii ssp. murina	ABMU_HOR	13666840	1636244	0.119724	1297419	338825	0.792925	0.207075	963.815025	163.805526	0.999907	0.999018	0.999894	0.998784	0.999814	0.998738	pass_initial_mapping_screen
ABMU_HOR_LP_308_Du-777	QB3.Berkeley.251217/QB3.Results.260109	main_standard	D. abramsii ssp. murina	ABMU_HOR	15299202	1126094	0.073605	802303	323791	0.712465	0.287535	638.916439	167.627209	0.999953	0.999018	0.999874	0.998866	0.999740	0.998677	pass_initial_mapping_screen
ABMU_HOR_LP_358_Du-770	QB3.Berkeley.251217/QB3.Results.260109	main_standard	D. abramsii ssp. murina	ABMU_HOR	12659814	2920796	0.230714	2687771	233025	0.920219	0.079781	2044.455009	116.680221	0.999913	0.998936	0.999894	0.998747	0.999880	0.998673	pass_initial_mapping_screen
ABMU_HOR_LP_359_Du-771	QB3.Berkeley.251217/QB3.Results.260109	main_standard	D. abramsii ssp. murina	ABMU_HOR	11668426	2162842	0.185359	1914072	248770	0.884980	0.115020	1472.914037	128.458257	0.999907	0.999006	0.999900	0.998775	0.999860	0.998656	pass_initial_mapping_screen
ABMU_HOR_LP_360_Du-772	QB3.Berkeley.251217/QB3.Results.260109	main_standard	D. abramsii ssp. murina	ABMU_HOR	11010370	1711365	0.155432	1560077	151288	0.911598	0.088402	1227.871355	77.412576	0.999907	0.998858	0.999900	0.998632	0.999847	0.998480	pass_initial_mapping_screen
ABMU_HOR_LP_361_Du-773	QB3.Berkeley.251217/QB3.Results.260109	main_standard	D. abramsii ssp. murina	ABMU_HOR	9830798	1307936	0.133045	1156646	151290	0.884329	0.115671	895.565301	77.471809	0.999907	0.999001	0.999867	0.998817	0.999800	0.998517	pass_initial_mapping_screen
BAI_LP_105_Du-222	QB3.Berkeley.251217/QB3.Results.260109	main_standard	D. setchellii	BAI	12041946	1822203	0.151321	1643817	178386	0.902104	0.097896	1409.684589	100.819394	1.000000	0.945780	0.999987	0.945139	0.999987	0.944872	pass_initial_mapping_screen
BAI_LP_106_Du-223	QB3.Berkeley.251217/QB3.Results.260109	main_standard	D. setchellii	BAI	15622386	2540681	0.162631	2186714	353967	0.860680	0.139320	1958.187963	201.179932	1.000000	0.993972	1.000000	0.962414	0.999993	0.948931	pass_initial_mapping_screen
BAI_LP_108_Du-225	QB3.Berkeley.251217/QB3.Results.260109	main_standard	D. setchellii	BAI	4097974	577192	0.140848	430990	146202	0.746701	0.253299	395.375381	85.625023	1.000000	0.945381	0.999967	0.944600	0.999874	0.944407	pass_initial_mapping_screen
BAI_LP_109_Du-226	QB3.Berkeley.251217/QB3.Results.260109	main_standard	D. setchellii	BAI	13303796	2275830	0.171066	1918855	356975	0.843145	0.156855	1741.752060	207.434247	1.000000	0.947530	1.000000	0.945130	1.000000	0.944884	pass_initial_mapping_screen
BAI_LP_110_Du-227	QB3.Berkeley.251217/QB3.Results.260109	main_standard	D. setchellii	BAI	17454550	2945858	0.168773	2697136	248722	0.915569	0.084431	2407.008238	143.640663	1.000000	0.947995	1.000000	0.945250	0.999993	0.944888	pass_initial_mapping_screen
BAI_LP_111_Du-228	QB3.Berkeley.251217/QB3.Results.260109	main_standard	D. setchellii	BAI	11955292	2190819	0.183251	1807682	383137	0.825117	0.174883	1534.688942	215.989797	1.000000	0.946951	1.000000	0.945167	0.999987	0.944867	pass_initial_mapping_screen
BAI_LP_112_Du-230	QB3.Berkeley.251217/QB3.Results.260109	main_standard	D. setchellii	BAI	3034464	521694	0.171923	463444	58250	0.888345	0.111655	410.641508	33.284806	1.000000	0.944851	0.999973	0.944411	0.999874	0.941329	pass_initial_mapping_screen
BAI_LP_113_Du-231	QB3.Berkeley.251217/QB3.Results.260109	main_standard	D. setchellii	BAI	13162502	2385569	0.181240	2135743	249826	0.895276	0.104724	1788.573373	139.973118	1.000000	0.946988	0.999913	0.945233	0.999887	0.944859	pass_initial_mapping_screen
BAI_LP_114_Du-232	QB3.Berkeley.251217/QB3.Results.260109	main_standard	D. setchellii	BAI	4711996	623318	0.132283	535534	87784	0.859167	0.140833	491.237080	51.052638	1.000000	0.946680	0.999987	0.944658	0.999920	0.944436	pass_initial_mapping_screen
BAI_LP_319_Du-233	QB3.Berkeley.251217/QB3.Results.260109	main_standard	D. setchellii	BAI	1273960	275828	0.216512	249791	26037	0.905604	0.094396	213.920751	14.318505	1.000000	0.944954	0.999840	0.925982	0.999587	0.736402	pass_initial_mapping_screen
COM_LP_269_Du-703	QB3.Berkeley.251217/QB3.Results.260109	main_standard	D. setchellii	COM	11377416	2038998	0.179215	1737148	301850	0.851962	0.148038	1434.370377	159.001414	1.000000	0.987496	0.999980	0.948829	0.999967	0.944646	pass_initial_mapping_screen
COM_LP_270_Du-704	QB3.Berkeley.251217/QB3.Results.260109	main_standard	D. setchellii	COM	5444628	1635512	0.300390	1332620	302892	0.814803	0.185197	1019.121405	150.189066	0.999993	0.949634	0.999973	0.945209	0.999953	0.944950	pass_initial_mapping_screen
COM_LP_272_Du-707	QB3.Berkeley.251217/QB3.Results.260109	main_standard	D. setchellii	COM	11372272	1680876	0.147805	1368872	312004	0.814380	0.185620	1081.490996	160.055457	1.000000	0.991469	0.999993	0.956390	0.999967	0.945488	pass_initial_mapping_screen
COM_LP_274_Du-709	QB3.Berkeley.251217/QB3.Results.260109	main_standard	D. setchellii	COM	9338326	1956154	0.209476	1681141	275013	0.859411	0.140589	1377.006595	149.610333	1.000000	0.950402	0.999461	0.945965	0.998636	0.945007	pass_initial_mapping_screen
COM_LP_276_Du-711	QB3.Berkeley.251217/QB3.Results.260109	main_standard	D. setchellii	COM	12132946	2737899	0.225658	2436602	301297	0.889953	0.110047	1849.928238	145.204578	1.000000	0.956706	0.999973	0.945607	0.999967	0.945352	pass_initial_mapping_screen
COM_LP_277_Du-712	QB3.Berkeley.251217/QB3.Results.260109	main_standard	D. setchellii	COM	11772432	2282006	0.193843	2063145	218861	0.904093	0.095907	1591.152708	110.947070	1.000000	0.985256	1.000000	0.949125	0.999993	0.945237	pass_initial_mapping_screen
COM_LP_341_Du-713	QB3.Berkeley.251217/QB3.Results.260109	main_standard	D. setchellii	COM	10414162	2921177	0.280500	2733690	187487	0.935818	0.064182	2196.213064	96.613600	1.000000	0.947826	0.999993	0.945028	0.999967	0.944810	pass_initial_mapping_screen
COM_LP_342_Du-714	QB3.Berkeley.251217/QB3.Results.260109	main_standard	D. setchellii	COM	2734626	437426	0.159958	339867	97559	0.776970	0.223030	278.965377	52.019260	0.999993	0.945467	0.999927	0.944691	0.999754	0.944140	pass_initial_mapping_screen
COM_LP_343_Du-715	QB3.Berkeley.251217/QB3.Results.260109	main_standard	D. setchellii	COM	12199288	1858995	0.152386	1596181	262814	0.858626	0.141374	1264.691011	134.927178	1.000000	0.950045	0.999980	0.946096	0.999973	0.945147	pass_initial_mapping_screen
CROB_LP_169_Du-381	QB3.Berkeley.251217/QB3.Results.260109	main_standard	D. setchellii	CROB	1155960	212217	0.183585	191227	20990	0.901092	0.098908	170.422588	11.457181	0.999887	0.998500	0.999681	0.913219	0.999201	0.553421	pass_initial_mapping_screen
CROB_LP_170_Du-382	QB3.Berkeley.251217/QB3.Results.260109	main_standard	D. setchellii	CROB	14415198	2815364	0.195305	2515391	299973	0.893451	0.106549	2346.143305	173.159275	1.000000	0.999988	1.000000	0.999942	0.999987	0.999922	pass_initial_mapping_screen
CROB_LP_172_Du-384	QB3.Berkeley.251217/QB3.Results.260109	main_standard	D. setchellii	CROB	13172006	629476	0.047789	497016	132460	0.789571	0.210429	428.119548	69.926109	1.000000	0.999979	0.999987	0.999885	0.999887	0.999782	pass_initial_mapping_screen
CROB_LP_173_Du-385	QB3.Berkeley.251217/QB3.Results.260109	main_standard	D. setchellii	CROB	16548864	2908732	0.175766	2712534	196198	0.932549	0.067451	2501.229687	110.608730	1.000000	0.999992	1.000000	0.999942	0.999987	0.999877	pass_initial_mapping_screen
CROB_LP_174_Du-386	QB3.Berkeley.251217/QB3.Results.260109	main_standard	D. setchellii	CROB	17929870	3447042	0.192251	3216175	230867	0.933025	0.066975	2970.907715	133.038071	1.000000	1.000000	1.000000	0.999959	0.999987	0.999901	pass_initial_mapping_screen
CROB_LP_175_Du-387	QB3.Berkeley.251217/QB3.Results.260109	main_standard	D. setchellii	CROB	14446726	3250694	0.225013	3039040	211654	0.934890	0.065110	2675.131573	120.620885	1.000000	0.999992	1.000000	0.999922	0.999993	0.999819	pass_initial_mapping_screen
CROB_LP_176_Du-388	QB3.Berkeley.251217/QB3.Results.260109	main_standard	D. setchellii	CROB	18762554	3990953	0.212708	3694648	296305	0.925756	0.074244	3381.637003	169.157430	1.000000	1.000000	1.000000	0.999988	0.999993	0.999942	pass_initial_mapping_screen
CROB_LP_177_Du-389	QB3.Berkeley.251217/QB3.Results.260109	main_standard	D. setchellii	CROB	18794018	2650300	0.141018	2437990	212310	0.919892	0.080108	2294.126555	122.184386	1.000000	0.999996	1.000000	0.999947	1.000000	0.999836	pass_initial_mapping_screen
CROB_LP_320_Du-395	QB3.Berkeley.251217/QB3.Results.260109	main_standard	D. setchellii	CROB	15041572	2081225	0.138365	1955749	125476	0.939711	0.060289	1867.004365	71.574805	1.000000	0.999930	0.999993	0.999836	0.999987	0.999729	pass_initial_mapping_screen
CROB_LP_321_Du-396	QB3.Berkeley.251217/QB3.Results.260109	main_standard	D. setchellii	CROB	11911534	2098329	0.176159	1911692	186637	0.911054	0.088946	1820.627620	107.955333	1.000000	0.999996	0.999993	0.999967	0.999993	0.999926	pass_initial_mapping_screen
CROS_LP_085_Du-181	QB3.Berkeley.251217/QB3.Results.260109	main_standard	D. setchellii	CROS	15202936	2032393	0.133684	1644307	388086	0.809050	0.190950	1327.744653	197.680090	1.000000	1.000000	1.000000	0.999971	0.999980	0.999951	pass_initial_mapping_screen
CROS_LP_086_Du-182	QB3.Berkeley.251217/QB3.Results.260109	main_standard	D. setchellii	CROS	17620724	3206540	0.181975	2753957	452583	0.858856	0.141144	2458.451296	259.579440	1.000000	1.000000	1.000000	0.999988	1.000000	0.999967	pass_initial_mapping_screen
CROS_LP_087_Du-183	QB3.Berkeley.251217/QB3.Results.260109	main_standard	D. setchellii	CROS	3928076	768231	0.195574	633783	134448	0.824990	0.175010	569.114531	78.267268	0.999993	1.000000	0.999993	0.999938	0.999960	0.999737	pass_initial_mapping_screen
CROS_LP_088_Du-184	QB3.Berkeley.251217/QB3.Results.260109	main_standard	D. setchellii	CROS	20754158	3638489	0.175314	2898172	740317	0.796532	0.203468	2455.608196	416.662770	1.000000	0.999996	1.000000	0.999979	1.000000	0.999942	pass_initial_mapping_screen
CROS_LP_089_Du-185	QB3.Berkeley.251217/QB3.Results.260109	main_standard	D. setchellii	CROS	35878150	7398888	0.206223	6780026	618862	0.916357	0.083643	6384.946984	365.235089	1.000000	1.000000	1.000000	0.999992	1.000000	0.999979	pass_initial_mapping_screen
CROS_LP_090_Du-186	QB3.Berkeley.251217/QB3.Results.260109	main_standard	D. setchellii	CROS	24426464	3088525	0.126442	2498644	589881	0.809009	0.190991	2246.885290	341.783024	1.000000	1.000000	1.000000	0.999988	0.999993	0.999971	pass_initial_mapping_screen
CROS_LP_091_Du-187	QB3.Berkeley.251217/QB3.Results.260109	main_standard	D. setchellii	CROS	9693142	1521918	0.157010	1064382	457536	0.699369	0.300631	981.800531	269.530011	0.999913	0.999996	0.999907	0.999988	0.999860	0.999959	pass_initial_mapping_screen
CROS_LP_092_Du-188	QB3.Berkeley.251217/QB3.Results.260109	main_standard	D. setchellii	CROS	6955248	1001796	0.144035	828230	173566	0.826745	0.173255	680.018406	94.332143	0.999947	1.000000	0.999907	0.999926	0.999847	0.999852	pass_initial_mapping_screen
CROS_LP_093_Du-189	QB3.Berkeley.251217/QB3.Results.260109	main_standard	D. setchellii	CROS	13781916	1924877	0.139667	1462486	462391	0.759782	0.240218	1295.277946	267.408758	1.000000	1.000000	1.000000	0.999971	0.999993	0.999918	pass_initial_mapping_screen
CROS_LP_094_Du-190	QB3.Berkeley.251217/QB3.Results.260109	main_standard	D. setchellii	CROS	17624282	4144008	0.235131	3860580	283428	0.931605	0.068395	3164.164692	152.593646	1.000000	0.999996	1.000000	0.999959	0.999947	0.999881	pass_initial_mapping_screen
CY_ALA_LP_298-Du-767	QB3.Berkeley.251217/QB3.Results.260109	main_standard	D. cymosa	CY_ALA	9650660	1066897	0.110552	921868	145029	0.864065	0.135935	734.325226	74.755234	1.000000	0.947062	0.999973	0.945558	0.999933	0.945274	pass_initial_mapping_screen
CY_ALA_LP_299-Du-768	QB3.Berkeley.251217/QB3.Results.260109	main_standard	D. cymosa	CY_ALA	9414864	1061458	0.112743	882215	179243	0.831135	0.168865	713.595699	92.075933	1.000000	0.946643	0.999973	0.945480	0.999947	0.945204	pass_initial_mapping_screen
CY_ALA_LP_357_Du-769	QB3.Berkeley.251217/QB3.Results.260109	main_standard	D. cymosa	CY_ALA	14558080	2649268	0.181979	2305815	343453	0.870359	0.129641	1798.414975	180.531573	1.000000	0.948504	0.999993	0.945603	0.999987	0.945282	pass_initial_mapping_screen
CY_BAL_LP_226_Du-602	QB3.Berkeley.251217/QB3.Results.260109	main_standard	D. cymosa	CY_BAL	4412330	987346	0.223770	903030	84316	0.914603	0.085397	719.971286	42.910059	0.999993	0.960445	0.999940	0.955412	0.999681	0.954639	pass_initial_mapping_screen
CY_BAL_LP_227_Du-603	QB3.Berkeley.251217/QB3.Results.260109	main_standard	D. cymosa	CY_BAL	1937362	279448	0.144241	256099	23349	0.916446	0.083554	208.651390	12.084488	0.999927	0.968158	0.999734	0.898520	0.999341	0.592150	pass_initial_mapping_screen
CY_BAL_LP_228_Du-604	QB3.Berkeley.251217/QB3.Results.260109	main_standard	D. cymosa	CY_BAL	1207354	87741	0.072672	79230	8511	0.902999	0.097001	63.717942	4.175658	0.999621	0.873163	0.998150	0.363636	0.996540	0.074232	pass_initial_mapping_screen
CY_BGL_LP_210_Du-577	QB3.Berkeley.251217/QB3.Results.260109	main_standard	D. cymosa	CY_BGL	9588954	1135291	0.118396	880116	255175	0.775234	0.224766	673.826071	132.676683	0.999953	0.943483	0.999867	0.940541	0.999627	0.940257	pass_initial_mapping_screen
CY_BGL_LP_212_Du-579	QB3.Berkeley.251217/QB3.Results.260109	main_standard	D. cymosa	CY_BGL	10274960	2029066	0.197477	1951557	77509	0.961801	0.038199	1518.729328	38.929935	0.999947	0.944715	0.999913	0.940988	0.999880	0.940323	pass_initial_mapping_screen
CY_BOU_LP_288_Du-737	QB3.Berkeley.251217/QB3.Results.260109	main_standard	D. cymosa	CY_BOU	1686668	252901	0.149941	229147	23754	0.906074	0.093926	194.358106	12.793930	0.999980	0.944029	0.999907	0.885215	0.999734	0.612268	pass_initial_mapping_screen
CY_BOU_LP_290_Du-739	QB3.Berkeley.251217/QB3.Results.260109	main_standard	D. cymosa	CY_BOU	10041198	2462684	0.245258	2307093	155591	0.936821	0.063179	1826.702078	78.872378	1.000000	0.957195	1.000000	0.945377	0.999973	0.945019	pass_initial_mapping_screen
CY_BOU_LP_291_Du-740	QB3.Berkeley.251217/QB3.Results.260109	main_standard	D. cymosa	CY_BOU	4134672	903189	0.218443	799470	103719	0.885164	0.114836	636.610039	53.014805	0.999993	0.947247	0.999967	0.945648	0.999927	0.944658	pass_initial_mapping_screen
CY_BOU_LP_292_Du-741	QB3.Berkeley.251217/QB3.Results.260109	main_standard	D. cymosa	CY_BOU	7762758	1909145	0.245936	1807989	101156	0.947015	0.052985	1431.350779	50.548153	0.999993	0.948496	0.999973	0.945508	0.999960	0.945118	pass_initial_mapping_screen
CY_BOU_LP_354_Du-742	QB3.Berkeley.251217/QB3.Results.260109	main_standard	D. cymosa	CY_BOU	8982236	2622031	0.291913	2454356	167675	0.936051	0.063949	1992.016057	88.774547	1.000000	0.947715	0.999993	0.945340	0.999987	0.944818	pass_initial_mapping_screen
CY_CAS_LP_328_Du-610	QB3.Berkeley.251217/QB3.Results.260109	main_standard	D. cymosa	CY_CAS	14480270	1873076	0.129354	1689254	183822	0.901861	0.098139	1178.420525	81.885527	0.999980	0.947312	0.999927	0.943405	0.999820	0.943051	pass_initial_mapping_screen
CY_CAS_LP_329_Du-611	QB3.Berkeley.251217/QB3.Results.260109	main_standard	D. cymosa	CY_CAS	10895580	3440830	0.315801	3274882	165948	0.951771	0.048229	2431.357860	77.115595	1.000000	0.947580	0.999694	0.945529	0.999095	0.945246	pass_initial_mapping_screen
CY_CAS_LP_330_Du-607	QB3.Berkeley.251217/QB3.Results.260109	main_standard	D. cymosa	CY_CAS	3632716	589611	0.162306	550618	38993	0.933867	0.066133	385.659928	17.244211	0.999701	0.945430	0.999201	0.928554	0.998729	0.795804	pass_initial_mapping_screen
CY_CAS_LP_331_Du-608	QB3.Berkeley.251217/QB3.Results.260109	main_standard	D. cymosa	CY_CAS	5572386	938927	0.168496	881282	57645	0.938605	0.061395	607.414696	23.793601	1.000000	0.946963	0.999927	0.943236	0.998922	0.906936	pass_initial_mapping_screen
CY_CAS_LP_332_Du-609	QB3.Berkeley.251217/QB3.Results.260109	main_standard	D. cymosa	CY_CAS	11347820	4359257	0.384149	4097267	261990	0.939900	0.060100	2549.332606	98.540038	1.000000	0.947793	0.999993	0.945566	0.999481	0.945254	pass_initial_mapping_screen
CY_HICN_LP_236_Du-614	QB3.Berkeley.251217/QB3.Results.260109	main_standard	D. cymosa	CY_HICN	16547382	2553120	0.154291	2305698	247422	0.903090	0.096910	1912.814026	131.308593	1.000000	0.998997	0.999987	0.997785	0.999894	0.997707	pass_initial_mapping_screen
CY_HICN_LP_333_Du-612	QB3.Berkeley.251217/QB3.Results.260109	main_standard	D. cymosa	CY_HICN	5088212	820902	0.161334	742963	77939	0.905057	0.094943	590.461497	37.898976	0.999993	0.999922	0.999880	0.997855	0.999701	0.995558	pass_initial_mapping_screen
CY_HICN_LP_334_Du-613	QB3.Berkeley.251217/QB3.Results.260109	main_standard	D. cymosa	CY_HICN	8830840	535840	0.060678	471177	64663	0.879324	0.120676	334.470241	27.122658	0.999927	0.998578	0.999880	0.996244	0.999807	0.971474	pass_initial_mapping_screen
CY_HICN_LP_335_Du-615	QB3.Berkeley.251217/QB3.Results.260109	main_standard	D. cymosa	CY_HICN	13044670	2214356	0.169752	1961093	253263	0.885627	0.114373	1367.894719	104.115217	1.000000	0.998578	0.999867	0.997806	0.999780	0.997715	pass_initial_mapping_screen
CY_HICN_LP_336_Du-616	QB3.Berkeley.251217/QB3.Results.260109	main_standard	D. cymosa	CY_HICN	12692168	1872969	0.147569	1720777	152192	0.918743	0.081257	1336.471419	72.599468	0.999987	0.998508	0.999840	0.997740	0.999634	0.997567	pass_initial_mapping_screen
CY_HICS_LP_293_Du-757	QB3.Berkeley.251217/QB3.Results.260109	main_standard	D. cymosa	CY_HICS	7049980	838354	0.118916	689577	148777	0.822537	0.177463	497.624067	69.151735	0.999987	0.946441	0.999967	0.945402	0.999933	0.945176	pass_initial_mapping_screen
CY_HICS_LP_295_Du-759	QB3.Berkeley.251217/QB3.Results.260109	main_standard	D. cymosa	CY_HICS	593524	75871	0.127831	60841	15030	0.801901	0.198099	45.304397	7.208441	0.999840	0.930559	0.999088	0.680328	0.997132	0.268003	pass_initial_mapping_screen
CY_HICS_LP_297_Du-761	QB3.Berkeley.251217/QB3.Results.260109	main_standard	D. cymosa	CY_HICS	2011258	285801	0.142101	260413	25388	0.911169	0.088831	207.365532	13.333778	0.999973	0.945710	0.999894	0.893663	0.999641	0.635251	pass_initial_mapping_screen
CY_HICS_LP_355_Du-762	QB3.Berkeley.251217/QB3.Results.260109	main_standard	D. cymosa	CY_HICS	11574280	1600034	0.138240	1441052	158982	0.900638	0.099362	1093.768416	81.926023	1.000000	0.947958	0.999967	0.945352	0.999960	0.945102	pass_initial_mapping_screen
CY_HICS_LP_356_Du-763	QB3.Berkeley.251217/QB3.Results.260109	main_standard	D. cymosa	CY_HICS	5375488	655657	0.121972	612784	42873	0.934611	0.065389	508.802115	22.691760	1.000000	0.945714	0.999973	0.942295	0.999920	0.907585	pass_initial_mapping_screen
CY_HUN_LP_264_Du-683	QB3.Berkeley.251217/QB3.Results.260109	main_standard	D. cymosa	CY_HUN	1155872	259521	0.224524	238286	21235	0.918176	0.081824	188.415501	10.808937	0.999667	0.996162	0.999374	0.898274	0.999022	0.496353	pass_initial_mapping_screen
CY_HUN_LP_265_Du-684	QB3.Berkeley.251217/QB3.Results.260109	main_standard	D. cymosa	CY_HUN	56700	14995	0.264462	14235	760	0.949316	0.050684	11.923034	0.381720	0.996892	0.215739	0.952740	0.002642	0.669104	0.000000	low_mitochondria_breadth_ge_1x
CY_HUN_LP_266_Du-685	QB3.Berkeley.251217/QB3.Results.260109	main_standard	D. cymosa	CY_HUN	1473426	359905	0.244264	333474	26431	0.926561	0.073439	281.714096	14.486310	0.999780	0.998241	0.999428	0.962377	0.999128	0.706236	pass_initial_mapping_screen
CY_HUN_LP_267_Du-686	QB3.Berkeley.251217/QB3.Results.260109	main_standard	D. cymosa	CY_HUN	2331758	509019	0.218298	476868	32151	0.936837	0.063163	390.570431	15.619735	0.999854	0.997296	0.999547	0.967887	0.999355	0.774642	pass_initial_mapping_screen
CY_HUN_LP_268_Du-687	QB3.Berkeley.251217/QB3.Results.260109	main_standard	D. cymosa	CY_HUN	1371926	273390	0.199275	252696	20694	0.924306	0.075694	217.783595	10.589360	0.999800	0.994896	0.999494	0.878250	0.999142	0.502406	pass_initial_mapping_screen
CY_RED_LP_202_Du-561	QB3.Berkeley.251217/QB3.Results.260109	main_standard	D. cymosa	CY_RED	50396	585	0.011608	521	64	0.890598	0.109402	0.380971	0.026105	0.230492	0.016794	0.003400	0.000255	0.000000	0.000000	low_mitochondria_mapped_reads;low_chloroplast_breadth_ge_1x;low_mitochondria_breadth_ge_1x
CY_SIE_LP_188_Du-445	QB3.Berkeley.251217/QB3.Results.260109	main_standard	D. cymosa	CY_SIE	20165316	4130385	0.204826	3762550	367835	0.910944	0.089056	3353.133549	203.241475	1.000000	0.998866	0.999947	0.997896	0.999880	0.997793	pass_initial_mapping_screen
CY_SIE_LP_189_Du-446	QB3.Berkeley.251217/QB3.Results.260109	main_standard	D. cymosa	CY_SIE	29118214	5807508	0.199446	5170782	636726	0.890362	0.109638	4485.228549	350.993035	0.999953	0.998077	0.999913	0.997966	0.999774	0.997839	pass_initial_mapping_screen
CY_SIE_LP_190_Du-447	QB3.Berkeley.251217/QB3.Results.260109	main_standard	D. cymosa	CY_SIE	12077268	2342878	0.193991	2182248	160630	0.931439	0.068561	1931.157426	88.419068	0.999953	0.999014	0.999927	0.997793	0.999760	0.997592	pass_initial_mapping_screen
CY_SIE_LP_191_Du-448	QB3.Berkeley.251217/QB3.Results.260109	main_standard	D. cymosa	CY_SIE	5520358	1210034	0.219195	1068111	141923	0.882712	0.117288	819.067650	70.585349	1.000000	0.999942	0.999980	0.999873	0.999973	0.999823	pass_initial_mapping_screen
CY_WOO_LP_259_Du-664	QB3.Berkeley.251217/QB3.Results.260109	main_standard	D. cymosa	CY_WOO	1573918	442965	0.281441	417682	25283	0.942923	0.057077	356.237120	13.755435	1.000000	0.945241	0.999953	0.916453	0.999827	0.709018	pass_initial_mapping_screen
CY_WOO_LP_260_Du-665	QB3.Berkeley.251217/QB3.Results.260109	main_standard	D. cymosa	CY_WOO	1262664	366603	0.290341	337363	29240	0.920241	0.079759	282.605501	14.733727	0.999987	0.944777	0.999913	0.918799	0.999794	0.734212	pass_initial_mapping_screen
CY_WOO_LP_261_Du-667	QB3.Berkeley.251217/QB3.Results.260109	main_standard	D. cymosa	CY_WOO	9531934	167498	0.017572	136728	30770	0.816296	0.183704	90.826477	11.887561	0.999947	0.942316	0.999774	0.853151	0.999208	0.571826	pass_initial_mapping_screen
CY_WOO_LP_262_Du-668	QB3.Berkeley.251217/QB3.Results.260109	main_standard	D. cymosa	CY_WOO	2574338	676464	0.262772	619521	56943	0.915823	0.084177	484.014959	26.257825	1.000000	0.946581	0.999947	0.944317	0.999920	0.931870	pass_initial_mapping_screen
CY_WOO_LP_263_Du-669	QB3.Berkeley.251217/QB3.Results.260109	main_standard	D. cymosa	CY_WOO	2918808	522131	0.178885	474962	47169	0.909661	0.090339	402.526831	24.924765	0.999993	0.946260	0.999927	0.944370	0.999834	0.929187	pass_initial_mapping_screen
DAN_LP_043_Du-68	QB3.Berkeley.251217/QB3.Results.260109	main_standard	D. setchellii	DAN	2431018	350566	0.144205	314879	35687	0.898202	0.101798	285.836252	19.598749	0.999980	0.999227	0.999933	0.991634	0.999840	0.906089	pass_initial_mapping_screen
DAN_LP_044_Du-69	QB3.Berkeley.251217/QB3.Results.260109	main_standard	D. setchellii	DAN	3773524	762840	0.202156	670219	92621	0.878584	0.121416	589.834948	52.218644	0.999993	0.999314	0.999987	0.998989	0.999940	0.998874	pass_initial_mapping_screen
DAN_LP_045_Du-70	QB3.Berkeley.251217/QB3.Results.260109	main_standard	D. setchellii	DAN	26131904	4215499	0.161316	3613952	601547	0.857301	0.142699	3300.543887	351.105831	1.000000	0.999519	1.000000	0.999207	1.000000	0.999182	pass_initial_mapping_screen
DAN_LP_046_Du-71	QB3.Berkeley.251217/QB3.Results.260109	main_standard	D. setchellii	DAN	35116088	4981746	0.141865	4399661	582085	0.883156	0.116844	3850.935425	328.145127	1.000000	0.999532	1.000000	0.999425	0.999993	0.999322	pass_initial_mapping_screen
DAN_LP_047_Du-72	QB3.Berkeley.251217/QB3.Results.260109	main_standard	D. setchellii	DAN	2937156	643447	0.219071	578516	64931	0.899089	0.100911	519.136504	35.640322	0.999993	0.999190	0.999900	0.999047	0.999834	0.998073	pass_initial_mapping_screen
DOV_LP_078_Du-174	QB3.Berkeley.251217/QB3.Results.260109	main_standard	D. setchellii	DOV	1037422	230334	0.222025	206516	23818	0.896594	0.103406	182.331994	13.667228	0.999967	0.945402	0.999847	0.916539	0.999661	0.693165	pass_initial_mapping_screen
DOV_LP_079_Du-175	QB3.Berkeley.251217/QB3.Results.260109	main_standard	D. setchellii	DOV	12463808	2105496	0.168929	1847749	257747	0.877584	0.122416	1497.137921	137.741772	1.000000	0.947292	0.999993	0.945287	0.999987	0.945052	pass_initial_mapping_screen
DOV_LP_080_Du-176	QB3.Berkeley.251217/QB3.Results.260109	main_standard	D. setchellii	DOV	39759510	7916502	0.199110	7048362	868140	0.890338	0.109662	6303.176098	496.225810	1.000000	0.949811	1.000000	0.946819	1.000000	0.946355	pass_initial_mapping_screen
DOV_LP_081_Du-177	QB3.Berkeley.251217/QB3.Results.260109	main_standard	D. setchellii	DOV	23887624	5997270	0.251062	5428130	569140	0.905100	0.094900	4759.792532	325.417075	1.000000	0.950435	1.000000	0.946421	0.999993	0.945299	pass_initial_mapping_screen
DOV_LP_082_Du-178	QB3.Berkeley.251217/QB3.Results.260109	main_standard	D. setchellii	DOV	3488714	780384	0.223688	714724	65660	0.915862	0.084138	634.997937	37.442289	0.999993	0.945246	0.999960	0.944687	0.999920	0.944317	pass_initial_mapping_screen
DOV_LP_083_Du-179	QB3.Berkeley.251217/QB3.Results.260109	main_standard	D. setchellii	DOV	19421384	3893652	0.200483	3524482	369170	0.905187	0.094813	2979.882062	208.575676	1.000000	0.947884	1.000000	0.945467	1.000000	0.945172	pass_initial_mapping_screen
DOV_LP_084_Du-180	QB3.Berkeley.251217/QB3.Results.260109	main_standard	D. setchellii	DOV	17839492	3828097	0.214586	3425703	402394	0.894884	0.105116	2969.447223	225.356588	1.000000	0.947411	1.000000	0.945554	1.000000	0.945254	pass_initial_mapping_screen
DUD_LP_132_Du-283	QB3.Berkeley.251217/QB3.Results.260109	main_standard	D. setchellii	DUD	2274462	516076	0.226900	478133	37943	0.926478	0.073522	376.140616	18.272174	0.999993	0.999873	0.999980	0.990011	0.999947	0.874765	pass_initial_mapping_screen
DUD_LP_133_Du-284	QB3.Berkeley.251217/QB3.Results.260109	main_standard	D. setchellii	DUD	12324524	1799489	0.146009	1590378	209111	0.883794	0.116206	1380.814206	116.631084	1.000000	0.999988	1.000000	0.999930	0.999980	0.999914	pass_initial_mapping_screen
DUD_LP_134_Du-285	QB3.Berkeley.251217/QB3.Results.260109	main_standard	D. setchellii	DUD	11325026	2978305	0.262984	2769601	208704	0.929925	0.070075	2349.039734	114.662659	1.000000	0.999992	1.000000	0.999951	1.000000	0.999893	pass_initial_mapping_screen
DUD_LP_135_Du-286	QB3.Berkeley.251217/QB3.Results.260109	main_standard	D. setchellii	DUD	4688732	884846	0.188718	800041	84805	0.904158	0.095842	704.344750	48.198924	1.000000	0.999971	1.000000	0.999864	0.999960	0.999634	pass_initial_mapping_screen
DUD_LP_136_Du-287	QB3.Berkeley.251217/QB3.Results.260109	main_standard	D. setchellii	DUD	13267488	2693790	0.203037	2453233	240557	0.910699	0.089301	2196.495122	138.073390	1.000000	0.999992	1.000000	0.999971	0.999993	0.999938	pass_initial_mapping_screen
DUD_LP_137_Du-288	QB3.Berkeley.251217/QB3.Results.260109	main_standard	D. setchellii	DUD	1481362	354967	0.239622	325692	29275	0.917528	0.082472	285.606639	16.656935	0.999973	0.999930	0.999860	0.991223	0.999721	0.850940	pass_initial_mapping_screen
DUD_LP_138_Du-289	QB3.Berkeley.251217/QB3.Results.260109	main_standard	D. setchellii	DUD	12269370	2300899	0.187532	2145700	155199	0.932549	0.067451	1852.593343	85.718301	1.000000	0.999979	0.999993	0.999938	0.999980	0.999873	pass_initial_mapping_screen
DUD_LP_139_Du-290	QB3.Berkeley.251217/QB3.Results.260109	main_standard	D. setchellii	DUD	1523904	392585	0.257618	368858	23727	0.939562	0.060438	334.784427	13.374389	1.000000	0.998788	0.999940	0.931283	0.999794	0.640030	pass_initial_mapping_screen
KIRN_LP_179_Du-421	QB3.Berkeley.251217/QB3.Results.260109	main_standard	D. setchellii	KIRN	18960886	3817422	0.201331	3572272	245150	0.935781	0.064219	3228.419267	139.777004	1.000000	0.999996	1.000000	0.999963	1.000000	0.999885	pass_initial_mapping_screen
KIRN_LP_180_Du-422	QB3.Berkeley.251217/QB3.Results.260109	main_standard	D. setchellii	KIRN	14276646	2358461	0.165197	2056815	301646	0.872100	0.127900	1678.967073	159.305618	1.000000	0.999971	0.999993	0.999938	0.999993	0.999914	pass_initial_mapping_screen
KIRN_LP_181_Du-423	QB3.Berkeley.251217/QB3.Results.260109	main_standard	D. setchellii	KIRN	13765574	1957234	0.142183	1777884	179350	0.908366	0.091634	1512.873551	97.252467	1.000000	0.999975	0.999987	0.999910	0.999980	0.999782	pass_initial_mapping_screen
KIRN_LP_182_Du-424	QB3.Berkeley.251217/QB3.Results.260109	main_standard	D. setchellii	KIRN	15739848	3076716	0.195473	2931288	145428	0.952733	0.047267	2515.868387	80.338775	1.000000	0.999979	1.000000	0.999897	0.999993	0.999819	pass_initial_mapping_screen
KIRN_LP_183_Du-425	QB3.Berkeley.251217/QB3.Results.260109	main_standard	D. setchellii	KIRN	17169226	2875010	0.167451	2744067	130943	0.954455	0.045545	2513.535176	72.065742	1.000000	0.999996	1.000000	0.999955	0.999993	0.999852	pass_initial_mapping_screen
KIRN_LP_184_Du-426	QB3.Berkeley.251217/QB3.Results.260109	main_standard	D. setchellii	KIRN	25127000	2505358	0.099708	2348040	157318	0.937207	0.062793	2059.582509	86.557641	1.000000	0.999984	1.000000	0.999942	1.000000	0.999819	pass_initial_mapping_screen
KIRN_LP_185_Du-427	QB3.Berkeley.251217/QB3.Results.260109	main_standard	D. setchellii	KIRN	18036594	2975238	0.164956	2785512	189726	0.936232	0.063768	2426.510680	105.701630	1.000000	0.999979	0.999993	0.999934	0.999993	0.999844	pass_initial_mapping_screen
KIRN_LP_186_Du-428	QB3.Berkeley.251217/QB3.Results.260109	main_standard	D. setchellii	KIRN	18460384	2787751	0.151013	2614958	172793	0.938017	0.061983	2433.146739	97.205782	1.000000	0.999992	1.000000	0.999955	1.000000	0.999799	pass_initial_mapping_screen
KIRN_LP_187_Du-429	QB3.Berkeley.251217/QB3.Results.260109	main_standard	D. setchellii	KIRN	22045368	3727407	0.169079	3487382	240025	0.935605	0.064395	3151.022266	132.294766	1.000000	0.999975	1.000000	0.999922	0.999993	0.999869	pass_initial_mapping_screen
KIRT_LP_159_Du-364	QB3.Berkeley.251217/QB3.Results.260109	main_standard	D. setchellii	KIRT	1861872	229709	0.123375	197907	31802	0.861555	0.138445	176.673283	17.339572	0.999987	0.999852	0.999814	0.989739	0.999561	0.859105	pass_initial_mapping_screen
KIRT_LP_160_Du-365	QB3.Berkeley.251217/QB3.Results.260109	main_standard	D. setchellii	KIRT	1972036	488892	0.247912	442496	46396	0.905100	0.094900	420.242357	26.867747	0.999987	0.999938	0.999927	0.999026	0.999767	0.987253	pass_initial_mapping_screen
KIRT_LP_161_Du-366	QB3.Berkeley.251217/QB3.Results.260109	main_standard	D. setchellii	KIRT	3281800	406360	0.123822	357364	48996	0.879427	0.120573	337.667361	28.143853	1.000000	0.999996	0.999874	0.999622	0.999754	0.993261	pass_initial_mapping_screen
KIRT_LP_162_Du-367	QB3.Berkeley.251217/QB3.Results.260109	main_standard	D. setchellii	KIRT	2346446	395116	0.168389	352868	42248	0.893074	0.106926	336.207315	24.473786	0.999993	0.999947	0.999913	0.998923	0.999800	0.982380	pass_initial_mapping_screen
KIRT_LP_163_Du-368	QB3.Berkeley.251217/QB3.Results.260109	main_standard	D. setchellii	KIRT	3212358	399637	0.124406	362655	36982	0.907461	0.092539	349.141954	21.597989	0.999987	0.999836	0.999913	0.998611	0.999794	0.945274	pass_initial_mapping_screen
KIRT_LP_164_Du-369	QB3.Berkeley.251217/QB3.Results.260109	main_standard	D. setchellii	KIRT	2609004	383887	0.147139	342258	41629	0.891559	0.108441	321.860994	23.711098	0.999980	0.999959	0.999907	0.999145	0.999754	0.978447	pass_initial_mapping_screen
KIRT_LP_165_Du-370	QB3.Berkeley.251217/QB3.Results.260109	main_standard	D. setchellii	KIRT	3896402	593778	0.152391	526261	67517	0.886293	0.113707	512.204759	40.203650	1.000000	1.000000	0.999993	0.999663	0.999887	0.999014	pass_initial_mapping_screen
KIRT_LP_166_Du-371	QB3.Berkeley.251217/QB3.Results.260109	main_standard	D. setchellii	KIRT	1747748	290854	0.166416	251583	39271	0.864980	0.135020	244.449519	23.378975	0.999993	0.999988	0.999880	0.997888	0.999654	0.966983	pass_initial_mapping_screen
KIRT_LP_167_Du-372	QB3.Berkeley.251217/QB3.Results.260109	main_standard	D. setchellii	KIRT	1827792	232304	0.127095	208904	23400	0.899270	0.100730	198.496287	13.497376	0.999980	0.999133	0.999807	0.965319	0.999554	0.699234	pass_initial_mapping_screen
KIRT_LP_168_Du-373	QB3.Berkeley.251217/QB3.Results.260109	main_standard	D. setchellii	KIRT	3371822	445863	0.132232	384659	61204	0.862729	0.137271	370.904089	36.130466	1.000000	0.999959	0.999967	0.999856	0.999854	0.998915	pass_initial_mapping_screen
MALV_LP_095_Du-201	QB3.Berkeley.251217/QB3.Results.260109	main_standard	D. setchellii	MALV	38223238	6707086	0.175471	5657713	1049373	0.843543	0.156457	4917.644143	593.575134	1.000000	1.000000	1.000000	0.999992	1.000000	0.999988	pass_initial_mapping_screen
MALV_LP_096_Du-202	QB3.Berkeley.251217/QB3.Results.260109	main_standard	D. setchellii	MALV	8039398	1487629	0.185042	1272773	214856	0.855572	0.144428	1100.911675	120.239067	1.000000	0.999992	1.000000	0.999967	0.999993	0.999860	pass_initial_mapping_screen
MALV_LP_097_Du-203	QB3.Berkeley.251217/QB3.Results.260109	main_standard	D. setchellii	MALV	27522950	4536153	0.164813	3770208	765945	0.831147	0.168853	3234.214987	422.601268	1.000000	0.999996	1.000000	0.999992	1.000000	0.999984	pass_initial_mapping_screen
MALV_LP_098_Du-204	QB3.Berkeley.251217/QB3.Results.260109	main_standard	D. setchellii	MALV	21087622	2409705	0.114271	2078413	331292	0.862518	0.137482	1771.320335	181.174808	1.000000	1.000000	1.000000	0.999971	1.000000	0.999947	pass_initial_mapping_screen
MALV_LP_099_Du-205	QB3.Berkeley.251217/QB3.Results.260109	main_standard	D. setchellii	MALV	9589702	1458093	0.152048	1263921	194172	0.866832	0.133168	1041.477534	102.626124	1.000000	0.999992	1.000000	0.999934	0.999993	0.999819	pass_initial_mapping_screen
MALV_LP_100_Du-206	QB3.Berkeley.251217/QB3.Results.260109	main_standard	D. setchellii	MALV	15987302	2654287	0.166025	2317898	336389	0.873266	0.126734	1958.645088	181.047284	1.000000	0.999988	1.000000	0.999922	1.000000	0.999819	pass_initial_mapping_screen
MALV_LP_101_Du-207	QB3.Berkeley.251217/QB3.Results.260109	main_standard	D. setchellii	MALV	18718966	3494856	0.186701	3155767	339089	0.902975	0.097025	2664.815005	186.756027	1.000000	0.999988	1.000000	0.999947	1.000000	0.999910	pass_initial_mapping_screen
MALV_LP_102_Du-208	QB3.Berkeley.251217/QB3.Results.260109	main_standard	D. setchellii	MALV	18134288	2503940	0.138078	2045240	458700	0.816809	0.183191	1731.150019	251.752366	1.000000	0.999992	1.000000	0.999975	1.000000	0.999963	pass_initial_mapping_screen
MALV_LP_103_Du-209	QB3.Berkeley.251217/QB3.Results.260109	main_standard	D. setchellii	MALV	22957660	3785544	0.164892	3071191	714353	0.811294	0.188706	2527.343978	381.226990	1.000000	1.000000	1.000000	0.999984	1.000000	0.999971	pass_initial_mapping_screen
MALV_LP_104_Du-210	QB3.Berkeley.251217/QB3.Results.260109	main_standard	D. setchellii	MALV	7326070	1185773	0.161857	984247	201526	0.830047	0.169953	887.426681	116.903862	1.000000	0.999996	0.999993	0.999955	0.999987	0.999832	pass_initial_mapping_screen
OCO_LP_058_Du-115	QB3.Berkeley.251217/QB3.Results.260109	main_standard	D. setchellii	OCO	3709300	786492	0.212032	741817	44675	0.943197	0.056803	567.215280	20.397339	0.999953	0.949597	0.999800	0.941058	0.999567	0.888223	pass_initial_mapping_screen
OCO_LP_059_Du-106	QB3.Berkeley.251217/QB3.Results.260109	main_standard	D. setchellii	OCO	2165714	621646	0.287040	566396	55250	0.911123	0.088877	409.737626	25.115673	0.999787	0.998891	0.999441	0.997206	0.999374	0.961419	pass_initial_mapping_screen
OCO_LP_060_Du-107	QB3.Berkeley.251217/QB3.Results.260109	main_standard	D. setchellii	OCO	2528330	723434	0.286131	654291	69143	0.904424	0.095576	419.454969	26.426107	0.999681	0.998981	0.999508	0.997748	0.999381	0.975119	pass_initial_mapping_screen
OCO_LP_061_Du-108	QB3.Berkeley.251217/QB3.Results.260109	main_standard	D. setchellii	OCO	12933082	3605688	0.278796	3371461	234227	0.935040	0.064960	2356.859596	103.403157	0.999953	0.999096	0.999940	0.998878	0.999767	0.998755	pass_initial_mapping_screen
OCO_LP_062_Du-109	QB3.Berkeley.251217/QB3.Results.260109	main_standard	D. setchellii	OCO	12558174	2724037	0.216913	2562750	161287	0.940791	0.059209	1908.226360	77.748676	1.000000	0.999026	0.999947	0.998854	0.999840	0.998710	pass_initial_mapping_screen
OCO_LP_063_Du-110	QB3.Berkeley.251217/QB3.Results.260109	main_standard	D. setchellii	OCO	2515268	374858	0.149033	295679	79179	0.788776	0.211224	223.632258	36.109953	0.999827	0.998973	0.999587	0.998677	0.999215	0.997662	pass_initial_mapping_screen
OCO_LP_064_Du-111	QB3.Berkeley.251217/QB3.Results.260109	main_standard	D. setchellii	OCO	3181594	1060635	0.333366	985926	74709	0.929562	0.070438	684.100816	31.890092	0.999847	0.999001	0.999681	0.998471	0.999468	0.991560	pass_initial_mapping_screen
OCO_LP_065_Du-112	QB3.Berkeley.251217/QB3.Results.260109	main_standard	D. setchellii	OCO	2507310	796798	0.317790	746774	50024	0.937219	0.062781	534.953265	22.117604	0.999947	0.998907	0.999534	0.995073	0.999434	0.943187	pass_initial_mapping_screen
OCO_LP_066_Du-113	QB3.Berkeley.251217/QB3.Results.260109	main_standard	D. setchellii	OCO	4448796	935246	0.210225	886069	49177	0.947418	0.052582	560.176065	18.414766	0.999907	0.945114	0.999754	0.931562	0.999594	0.838572	pass_initial_mapping_screen
OCO_LP_067_Du-114	QB3.Berkeley.251217/QB3.Results.260109	main_standard	D. setchellii	OCO	2665806	562889	0.211152	532637	30252	0.946256	0.053744	368.148562	12.811497	0.999780	0.943269	0.999614	0.886579	0.999534	0.645396	pass_initial_mapping_screen
QUI1_LP_249_Du-648	QB3.Berkeley.251217/QB3.Results.260109	main_standard	D. setchellii	QUI1	7076612	2169433	0.306564	2034549	134884	0.937825	0.062175	1399.462322	57.233445	1.000000	0.963116	0.999973	0.946178	0.999940	0.945237	pass_initial_mapping_screen
QUI1_LP_250_Du-649	QB3.Berkeley.251217/QB3.Results.260109	main_standard	D. setchellii	QUI1	9375344	2121736	0.226310	1948322	173414	0.918268	0.081732	1274.926920	71.413282	1.000000	0.951652	0.999987	0.945784	0.999973	0.945278	pass_initial_mapping_screen
QUI1_LP_251_Du-650	QB3.Berkeley.251217/QB3.Results.260109	main_standard	D. setchellii	QUI1	1361208	268886	0.197535	248993	19893	0.926017	0.073983	171.770985	8.140841	0.999960	0.930946	0.999874	0.719805	0.999574	0.339556	pass_initial_mapping_screen
QUI1_LP_252_Du-651	QB3.Berkeley.251217/QB3.Results.260109	main_standard	D. setchellii	QUI1	10790596	1150319	0.106604	1011331	138988	0.879174	0.120826	729.056157	63.409765	0.999993	0.954158	0.999967	0.946417	0.999927	0.945344	pass_initial_mapping_screen
QUI1_LP_253_Du-652	QB3.Berkeley.251217/QB3.Results.260109	main_standard	D. setchellii	QUI1	12071280	2233223	0.185003	1976745	256478	0.885153	0.114847	1538.493845	126.770606	1.000000	0.952268	0.999980	0.945936	0.999960	0.945389	pass_initial_mapping_screen
QUI1_LP_254_Du-653	QB3.Berkeley.251217/QB3.Results.260109	main_standard	D. setchellii	QUI1	1420368	238096	0.167630	216286	21810	0.908398	0.091602	165.132977	10.316541	0.999967	0.940076	0.999860	0.831003	0.999581	0.494672	pass_initial_mapping_screen
QUI1_LP_255_Du-654	QB3.Berkeley.251217/QB3.Results.260109	main_standard	D. setchellii	QUI1	12500112	2274110	0.181927	2172913	101197	0.955500	0.044500	1687.462755	47.511701	1.000000	0.952276	0.999993	0.946277	0.999953	0.945180	pass_initial_mapping_screen
QUI1_LP_257_Du-656	QB3.Berkeley.251217/QB3.Results.260109	main_standard	D. setchellii	QUI1	2322154	513190	0.220997	478579	34611	0.932557	0.067443	364.463966	16.250831	1.000000	0.947173	0.999927	0.920521	0.999880	0.760153	pass_initial_mapping_screen
QUI1_LP_258_Du-657	QB3.Berkeley.251217/QB3.Results.260109	main_standard	D. setchellii	QUI1	12376450	2598259	0.209936	2462790	135469	0.947862	0.052138	1975.567058	69.985901	1.000000	0.955136	0.999987	0.947953	0.999960	0.945381	pass_initial_mapping_screen
QUI2_LP_243_Du-631	QB3.Berkeley.251217/QB3.Results.260109	main_standard	D. setchellii	QUI2	10770358	2405933	0.223385	2207974	197959	0.917720	0.082280	1996.603511	110.312834	1.000000	0.995698	0.999987	0.995266	0.999980	0.995073	pass_initial_mapping_screen
QUI2_LP_244_Du-632	QB3.Berkeley.251217/QB3.Results.260109	main_standard	D. setchellii	QUI2	8766060	528129	0.060247	476378	51751	0.902011	0.097989	338.965649	22.793967	0.999993	0.995369	0.999967	0.989324	0.999927	0.921293	pass_initial_mapping_screen
QUI2_LP_245_Du-633	QB3.Berkeley.251217/QB3.Results.260109	main_standard	D. setchellii	QUI2	7477402	1547118	0.206906	1363446	183672	0.881281	0.118719	973.078962	81.043306	0.999993	0.996146	0.999980	0.995636	0.999967	0.995242	pass_initial_mapping_screen
QUI2_LP_246_Du-634	QB3.Berkeley.251217/QB3.Results.260109	main_standard	D. setchellii	QUI2	6870114	815966	0.118770	731923	84043	0.897002	0.102998	661.262700	45.625377	0.999993	0.995542	0.999980	0.995011	0.999927	0.994613	pass_initial_mapping_screen
QUI2_LP_247_Du-635	QB3.Berkeley.251217/QB3.Results.260109	main_standard	D. setchellii	QUI2	10233036	2013627	0.196777	1765600	248027	0.876826	0.123174	1376.635153	121.080338	1.000000	0.996166	0.999980	0.995620	0.999967	0.995328	pass_initial_mapping_screen
QUI2_LP_248_Du-636	QB3.Berkeley.251217/QB3.Results.260109	main_standard	D. setchellii	QUI2	11464880	2043380	0.178230	1834738	208642	0.897894	0.102106	1585.064828	113.917500	1.000000	0.996055	0.999987	0.995307	0.999967	0.995135	pass_initial_mapping_screen
QUI2_LP_337_Du-638	QB3.Berkeley.251217/QB3.Results.260109	main_standard	D. setchellii	QUI2	3434074	780428	0.227260	590022	190406	0.756024	0.243976	422.982499	84.195789	0.999987	0.996010	0.999960	0.995213	0.999933	0.995016	pass_initial_mapping_screen
QUI2_LP_338_Du-639	QB3.Berkeley.251217/QB3.Results.260109	main_standard	D. setchellii	QUI2	2054322	485893	0.236522	452061	33832	0.930372	0.069628	361.817214	16.472150	0.999987	0.994547	0.999947	0.965487	0.999874	0.776207	pass_initial_mapping_screen
QUI2_LP_339_Du-640	QB3.Berkeley.251217/QB3.Results.260109	main_standard	D. setchellii	QUI2	7343958	942252	0.128303	817731	124521	0.867847	0.132153	751.780241	70.564614	1.000000	0.995554	0.999980	0.995201	0.999927	0.994798	pass_initial_mapping_screen
QUI2_LP_340_Du-641	QB3.Berkeley.251217/QB3.Results.260109	main_standard	D. setchellii	QUI2	5224650	885466	0.169479	670583	214883	0.757322	0.242678	577.770759	120.195337	1.000000	0.996117	0.999973	0.995274	0.999907	0.995102	pass_initial_mapping_screen
QUIN_LP_069_Du-155	QB3.Berkeley.251217/QB3.Results.260109	main_standard	D. setchellii	QUIN	2214334	413129	0.186570	363428	49701	0.879696	0.120304	290.449213	23.971076	0.999993	0.995443	0.999940	0.994054	0.999701	0.962578	pass_initial_mapping_screen
QUIN_LP_070_Du-156	QB3.Berkeley.251217/QB3.Results.260109	main_standard	D. setchellii	QUIN	4291054	880753	0.205253	776633	104120	0.881783	0.118217	537.118823	44.133067	1.000000	0.996088	0.999980	0.995098	0.999967	0.994765	pass_initial_mapping_screen
QUIN_LP_071_Du-157	QB3.Berkeley.251217/QB3.Results.260109	main_standard	D. setchellii	QUIN	4101450	860986	0.209922	791344	69642	0.919114	0.080886	634.278378	33.445231	1.000000	0.995866	0.999987	0.994888	0.999920	0.991510	pass_initial_mapping_screen
QUIN_LP_072_Du-158	QB3.Berkeley.251217/QB3.Results.260109	main_standard	D. setchellii	QUIN	5939438	1061108	0.178655	973747	87361	0.917670	0.082330	683.950397	36.479756	0.999993	0.995969	0.999973	0.995398	0.999960	0.993051	pass_initial_mapping_screen
QUIN_LP_073_Du-159	QB3.Berkeley.251217/QB3.Results.260109	main_standard	D. setchellii	QUIN	7054714	1372832	0.194598	1163361	209471	0.847417	0.152583	969.589556	104.695290	1.000000	0.996076	0.999973	0.995657	0.999967	0.995369	pass_initial_mapping_screen
QUIN_LP_074_Du-160	QB3.Berkeley.251217/QB3.Results.260109	main_standard	D. setchellii	QUIN	2795802	680517	0.243407	620504	60013	0.911813	0.088187	522.402372	30.391623	1.000000	0.995402	0.999980	0.994539	0.999900	0.988848	pass_initial_mapping_screen
QUIN_LP_075_Du-161	QB3.Berkeley.251217/QB3.Results.260109	main_standard	D. setchellii	QUIN	22335942	4954364	0.221811	4587924	366440	0.926037	0.073963	4479.043414	217.790047	1.000000	0.995636	1.000000	0.995328	1.000000	0.995279	pass_initial_mapping_screen
QUIN_LP_076_Du-162	QB3.Berkeley.251217/QB3.Results.260109	main_standard	D. setchellii	QUIN	16306648	2921415	0.179155	2721668	199747	0.931627	0.068373	2602.058899	116.203099	1.000000	0.995669	1.000000	0.995283	0.999993	0.995118	pass_initial_mapping_screen
QUIN_LP_077_Du-163	QB3.Berkeley.251217/QB3.Results.260109	main_standard	D. setchellii	QUIN	23106856	5490239	0.237602	4137479	1352760	0.753606	0.246394	4023.212053	805.837051	1.000000	0.995915	1.000000	0.995562	1.000000	0.995373	pass_initial_mapping_screen
QUIN_LP_318_Du-164	QB3.Berkeley.251217/QB3.Results.260109	main_standard	D. setchellii	QUIN	2015280	378924	0.188025	328914	50010	0.868021	0.131979	300.185654	27.354390	0.999993	0.995480	0.999927	0.994666	0.999694	0.985495	pass_initial_mapping_screen
RIC_LP_192_Du-521	QB3.Berkeley.251217/QB3.Results.260109	main_standard	D. setchellii	RIC	10344072	2787816	0.269509	2572992	214824	0.922942	0.077058	2128.426694	118.180828	1.000000	1.000000	1.000000	0.999955	0.999993	0.999844	pass_initial_mapping_screen
RIC_LP_193_Du-522	QB3.Berkeley.251217/QB3.Results.260109	main_standard	D. setchellii	RIC	10253624	2433332	0.237314	2241012	192320	0.920964	0.079036	1852.663721	105.294281	1.000000	1.000000	1.000000	0.999930	0.999993	0.999864	pass_initial_mapping_screen
RIC_LP_194_Du-523	QB3.Berkeley.251217/QB3.Results.260109	main_standard	D. setchellii	RIC	33305170	7784748	0.233740	6936069	848679	0.890982	0.109018	5929.964618	466.463603	1.000000	0.999996	1.000000	0.999979	1.000000	0.999971	pass_initial_mapping_screen
RIC_LP_195_Du-524	QB3.Berkeley.251217/QB3.Results.260109	main_standard	D. setchellii	RIC	19599160	3171719	0.161829	2804123	367596	0.884102	0.115898	2339.192255	193.218126	1.000000	0.999979	0.999993	0.999963	0.999987	0.999942	pass_initial_mapping_screen
RIC_LP_196_Du-525	QB3.Berkeley.251217/QB3.Results.260109	main_standard	D. setchellii	RIC	22415078	5242982	0.233904	4538541	704441	0.865641	0.134359	3894.198338	378.819698	1.000000	0.999996	1.000000	0.999971	0.999987	0.999963	pass_initial_mapping_screen
RIC_LP_197_Du-526	QB3.Berkeley.251217/QB3.Results.260109	main_standard	D. setchellii	RIC	2718266	554754	0.204084	507518	47236	0.914852	0.085148	369.910330	22.678993	1.000000	0.999893	0.999967	0.998213	0.999940	0.959295	pass_initial_mapping_screen
RIC_LP_198_Du-527	QB3.Berkeley.251217/QB3.Results.260109	main_standard	D. setchellii	RIC	27783708	5626592	0.202514	5101049	525543	0.906597	0.093403	4746.180830	307.823191	1.000000	1.000000	1.000000	0.999979	0.999993	0.999947	pass_initial_mapping_screen
RIC_LP_199_Du-528	QB3.Berkeley.251217/QB3.Results.260109	main_standard	D. setchellii	RIC	43118740	4920045	0.114105	4150570	769475	0.843604	0.156396	3708.699103	436.771962	1.000000	0.999992	1.000000	0.999984	0.999993	0.999959	pass_initial_mapping_screen
RIC_LP_200_Du-529	QB3.Berkeley.251217/QB3.Results.260109	main_standard	D. setchellii	RIC	30497156	7371571	0.241713	6375183	996388	0.864834	0.135166	6010.023164	584.565128	1.000000	1.000000	1.000000	0.999992	0.999993	0.999971	pass_initial_mapping_screen
RIC_LP_201_Du-530	QB3.Berkeley.251217/QB3.Results.260109	main_standard	D. setchellii	RIC	25976698	3696813	0.142313	3133982	562831	0.847752	0.152248	2882.260863	329.453392	1.000000	0.999996	1.000000	0.999984	1.000000	0.999971	pass_initial_mapping_screen
RSV_LP_049_Du-85	QB3.Berkeley.251217/QB3.Results.260109	main_standard	D. setchellii	RSV	30025468	6421274	0.213861	5972475	448799	0.930107	0.069893	5094.096750	247.254673	1.000000	0.999548	1.000000	0.999293	0.999993	0.999252	pass_initial_mapping_screen
RSV_LP_050_Du-87	QB3.Berkeley.251217/QB3.Results.260109	main_standard	D. setchellii	RSV	35589320	8129017	0.228412	7068147	1060870	0.869496	0.130504	5959.915914	582.050801	1.000000	0.999396	1.000000	0.999334	1.000000	0.999301	pass_initial_mapping_screen
RSV_LP_051_Du-88	QB3.Berkeley.251217/QB3.Results.260109	main_standard	D. setchellii	RSV	12248068	602574	0.049197	545926	56648	0.905990	0.094010	366.405785	23.338599	0.999973	0.999170	0.999940	0.997806	0.999887	0.969769	pass_initial_mapping_screen
RSV_LP_052_Du-89	QB3.Berkeley.251217/QB3.Results.260109	main_standard	D. setchellii	RSV	19312032	3491041	0.180770	3168113	322928	0.907498	0.092502	2571.893907	166.850735	1.000000	0.999618	1.000000	0.999260	0.999993	0.999182	pass_initial_mapping_screen
RSV_LP_053_Du-90	QB3.Berkeley.251217/QB3.Results.260109	main_standard	D. setchellii	RSV	16059612	3119612	0.194252	2706678	412934	0.867633	0.132367	2528.703608	236.020513	1.000000	0.999375	1.000000	0.999269	0.999987	0.999227	pass_initial_mapping_screen
RSV_LP_055_Du-92	QB3.Berkeley.251217/QB3.Results.260109	main_standard	D. setchellii	RSV	2357638	454186	0.192645	388159	66027	0.854626	0.145374	317.278970	34.190702	0.999993	0.999297	0.999927	0.998973	0.999880	0.997596	pass_initial_mapping_screen
RSV_LP_057_Du-94	QB3.Berkeley.251217/QB3.Results.260109	main_standard	D. setchellii	RSV	4239910	560113	0.132105	466266	93847	0.832450	0.167550	426.006322	53.262518	0.999987	0.999301	0.999973	0.999125	0.999880	0.998899	pass_initial_mapping_screen
RSV_LP_315_Du-95	QB3.Berkeley.251217/QB3.Results.260109	main_standard	D. setchellii	RSV	5259086	1122481	0.213437	912086	210395	0.812563	0.187437	781.595792	112.983132	1.000000	0.999334	1.000000	0.999236	0.999987	0.999129	pass_initial_mapping_screen
RSV_LP_316_Du-96	QB3.Berkeley.251217/QB3.Results.260109	main_standard	D. setchellii	RSV	2938898	734134	0.249799	661473	72661	0.901025	0.098975	539.030930	36.750328	1.000000	0.999285	0.999980	0.999030	0.999953	0.998241	pass_initial_mapping_screen
SILG_LP_149_Du-343	QB3.Berkeley.251217/QB3.Results.260109	main_standard	D. setchellii	SILG	986820	190022	0.192560	169103	20919	0.889913	0.110087	155.012351	11.859212	0.999987	0.966572	0.999747	0.879396	0.999255	0.592216	pass_initial_mapping_screen
SILG_LP_150_Du-344	QB3.Berkeley.251217/QB3.Results.260109	main_standard	D. setchellii	SILG	2123254	418647	0.197172	379998	38649	0.907681	0.092319	313.221023	19.056480	0.999987	0.945587	0.999887	0.939747	0.999780	0.868236	pass_initial_mapping_screen
SILG_LP_151_Du-345	QB3.Berkeley.251217/QB3.Results.260109	main_standard	D. setchellii	SILG	2077708	362143	0.174299	322150	39993	0.889566	0.110434	290.590089	22.918252	0.999980	0.945562	0.999787	0.944465	0.999561	0.928349	pass_initial_mapping_screen
SILG_LP_152_Du-346	QB3.Berkeley.251217/QB3.Results.260109	main_standard	D. setchellii	SILG	2049564	308309	0.150427	269208	39101	0.873176	0.126824	238.166795	21.225330	0.999953	0.946289	0.999820	0.943766	0.999554	0.909636	pass_initial_mapping_screen
SILG_LP_153_Du-347	QB3.Berkeley.251217/QB3.Results.260109	main_standard	D. setchellii	SILG	1490930	250627	0.168101	221335	29292	0.883125	0.116875	197.057502	15.961168	0.999933	0.945250	0.999707	0.930950	0.999421	0.793055	pass_initial_mapping_screen
SILG_LP_154_Du-348	QB3.Berkeley.251217/QB3.Results.260109	main_standard	D. setchellii	SILG	6692098	1722054	0.257326	1583164	138890	0.919346	0.080654	1449.427186	77.918737	1.000000	0.946186	0.999960	0.945069	0.999940	0.944810	pass_initial_mapping_screen
SILG_LP_155_Du-349	QB3.Berkeley.251217/QB3.Results.260109	main_standard	D. setchellii	SILG	1935962	321718	0.166180	284489	37229	0.884281	0.115719	235.849422	19.582144	0.999980	0.946840	0.999814	0.940245	0.999594	0.878114	pass_initial_mapping_screen
SILG_LP_156_Du-350	QB3.Berkeley.251217/QB3.Results.260109	main_standard	D. setchellii	SILG	1344348	200948	0.149476	160524	40424	0.798834	0.201166	149.883666	23.488538	0.999900	0.945204	0.999601	0.943405	0.999275	0.910223	pass_initial_mapping_screen
SILG_LP_157_Du-351	QB3.Berkeley.251217/QB3.Results.260109	main_standard	D. setchellii	SILG	1629904	282792	0.173502	268758	14034	0.950373	0.049627	231.841317	7.360472	0.999993	0.932310	0.999827	0.713054	0.999488	0.272429	pass_initial_mapping_screen
SILG_LP_158_Du-352	QB3.Berkeley.251217/QB3.Results.260109	main_standard	D. setchellii	SILG	1629976	218684	0.134164	196139	22545	0.896906	0.103094	160.273986	11.686854	0.999927	0.940767	0.999301	0.842377	0.998024	0.560949	pass_initial_mapping_screen
SILR_LP_346_Du-729	QB3.Berkeley.251217/QB3.Results.260109	main_standard	D. setchellii	SILR	6627492	2168781	0.327240	1909272	259509	0.880343	0.119657	1522.948135	136.177520	1.000000	0.999996	1.000000	0.999942	0.999980	0.999930	pass_initial_mapping_screen
SILR_LP_347_Du-730	QB3.Berkeley.251217/QB3.Results.260109	main_standard	D. setchellii	SILR	19684094	3392251	0.172335	3019126	373125	0.890007	0.109993	2643.880052	209.200482	1.000000	1.000000	1.000000	0.999979	0.999987	0.999955	pass_initial_mapping_screen
SILR_LP_348_Du-731	QB3.Berkeley.251217/QB3.Results.260109	main_standard	D. setchellii	SILR	10463632	2552062	0.243898	2328943	223119	0.912573	0.087427	1887.997458	118.141696	1.000000	0.999992	0.999993	0.999959	0.999980	0.999893	pass_initial_mapping_screen
SILR_LP_349_Du-732	QB3.Berkeley.251217/QB3.Results.260109	main_standard	D. setchellii	SILR	15754186	5030883	0.319336	4480848	550035	0.890668	0.109332	3536.997638	282.210598	1.000000	1.000000	1.000000	0.999996	0.999993	0.999971	pass_initial_mapping_screen
SILR_LP_351_Du-734	QB3.Berkeley.251217/QB3.Results.260109	main_standard	D. setchellii	SILR	16264466	4190620	0.257655	3760256	430364	0.897303	0.102697	3014.984096	225.259374	1.000000	1.000000	0.999993	0.999984	0.999993	0.999959	pass_initial_mapping_screen
SILR_LP_353_Du-736	QB3.Berkeley.251217/QB3.Results.260109	main_standard	D. setchellii	SILR	6354230	1139130	0.179271	992692	146438	0.871448	0.128552	748.906850	71.372170	0.999993	0.999992	0.999973	0.999942	0.999967	0.999864	pass_initial_mapping_screen
STI_LP_027_Du-45	QB3.Berkeley.251217/QB3.Results.260109	main_standard	D. setchellii	STI	1975074	531245	0.268975	497025	34220	0.935585	0.064415	393.531769	16.414195	0.999993	0.995866	0.999973	0.965343	0.999927	0.782239	pass_initial_mapping_screen
STI_LP_028_Du-46	QB3.Berkeley.251217/QB3.Results.260109	main_standard	D. setchellii	STI	3335828	1014301	0.304063	938869	75432	0.925632	0.074368	754.835241	37.605883	0.999973	0.999215	0.999874	0.999006	0.999840	0.998726	pass_initial_mapping_screen
STI_LP_029_Du-47	QB3.Berkeley.251217/QB3.Results.260109	main_standard	D. setchellii	STI	1289624	214520	0.166343	199015	15505	0.927722	0.072278	163.647278	7.811908	0.999854	0.984615	0.999547	0.736804	0.999308	0.298653	pass_initial_mapping_screen
STI_LP_030_Du-48	QB3.Berkeley.251217/QB3.Results.260109	main_standard	D. setchellii	STI	3384538	861582	0.254564	781685	79897	0.907267	0.092733	639.403343	39.856430	0.999933	0.999408	0.999847	0.999014	0.999820	0.998517	pass_initial_mapping_screen
STI_LP_031_Du-49	QB3.Berkeley.251217/QB3.Results.260109	main_standard	D. setchellii	STI	4952908	620563	0.125293	490043	130520	0.789675	0.210325	383.546309	62.472339	0.999987	0.999343	0.999840	0.999223	0.999767	0.999038	pass_initial_mapping_screen
STI_LP_032_Du-50	QB3.Berkeley.251217/QB3.Results.260109	main_standard	D. setchellii	STI	6840322	915933	0.133902	830444	85489	0.906665	0.093335	664.570059	44.284506	0.999953	0.999905	0.999860	0.998899	0.999827	0.996244	pass_initial_mapping_screen
STI_LP_033_Du-51	QB3.Berkeley.251217/QB3.Results.260109	main_standard	D. setchellii	STI	2425680	409269	0.168723	377289	31980	0.921861	0.078139	290.533399	15.775094	0.999867	0.997995	0.999814	0.959011	0.999727	0.749132	pass_initial_mapping_screen
STI_LP_034_Du-52	QB3.Berkeley.251217/QB3.Results.260109	main_standard	D. setchellii	STI	19298028	2016357	0.104485	1878873	137484	0.931816	0.068184	1467.555805	69.753636	1.000000	0.999314	0.999907	0.999178	0.999880	0.999001	pass_initial_mapping_screen
STI_LP_035_Du-53	QB3.Berkeley.251217/QB3.Results.260109	main_standard	D. setchellii	STI	11959794	1976537	0.165265	1847807	128730	0.934871	0.065129	1567.168838	69.582547	0.999973	0.999252	0.999913	0.999133	0.999900	0.998833	pass_initial_mapping_screen
STI_LP_036_Du-54	QB3.Berkeley.251217/QB3.Results.260109	main_standard	D. setchellii	STI	2518508	339437	0.134777	300594	38843	0.885566	0.114434	247.075888	20.093163	0.999980	0.999227	0.999780	0.995768	0.999594	0.926249	pass_initial_mapping_screen
STI_LP_037_Du-55	QB3.Berkeley.251217/QB3.Results.260109	main_standard	D. setchellii	STI	5012914	888050	0.177152	800990	87060	0.901965	0.098035	696.612554	47.955662	0.999920	0.999289	0.999854	0.999125	0.999827	0.998825	pass_initial_mapping_screen
STI_LP_038_Du-56	QB3.Berkeley.251217/QB3.Results.260109	main_standard	D. setchellii	STI	6768396	1535226	0.226823	1425766	109460	0.928701	0.071299	1172.247395	57.629703	0.999913	0.999273	0.999874	0.999080	0.999847	0.998841	pass_initial_mapping_screen
STI_LP_039_Du-57	QB3.Berkeley.251217/QB3.Results.260109	main_standard	D. setchellii	STI	7331874	1184296	0.161527	1082534	101762	0.914074	0.085926	815.703162	47.162821	0.999913	0.999260	0.999860	0.999067	0.999827	0.998874	pass_initial_mapping_screen
STI_LP_040_Du-58	QB3.Berkeley.251217/QB3.Results.260109	main_standard	D. setchellii	STI	2692866	434795	0.161462	391980	42815	0.901528	0.098472	240.978619	16.974334	0.999993	0.995653	0.999953	0.962175	0.999907	0.777013	pass_initial_mapping_screen
STI_LP_041_Du-60	QB3.Berkeley.251217/QB3.Results.260109	main_standard	D. setchellii	STI	194944082	41579300	0.213288	37698926	3880374	0.906675	0.093325	24496.934965	1492.792919	1.000000	0.999425	0.999953	0.999371	0.999913	0.999343	pass_initial_mapping_screen
STI_LP_042_Du-61	QB3.Berkeley.251217/QB3.Results.260109	main_standard	D. setchellii	STI	14318786	1859658	0.129875	1671845	187813	0.899007	0.100993	1286.548944	91.169494	1.000000	0.996861	0.999987	0.996704	0.999973	0.996540	pass_initial_mapping_screen
TIL_LP_123_Du-263	QB3.Berkeley.251217/QB3.Results.260109	main_standard	D. setchellii	TIL	1008978	271206	0.268793	253765	17441	0.935691	0.064309	202.667867	8.857749	0.999175	0.989402	0.998802	0.817003	0.998549	0.369943	pass_initial_mapping_screen
TIL_LP_124_Du-264	QB3.Berkeley.251217/QB3.Results.260109	main_standard	D. setchellii	TIL	8419182	2813865	0.334221	2637400	176465	0.937287	0.062713	1999.482685	84.662264	0.999993	0.996955	0.999980	0.996622	0.999967	0.996458	pass_initial_mapping_screen
TIL_LP_125_Du-265	QB3.Berkeley.251217/QB3.Results.260109	main_standard	D. setchellii	TIL	1827574	436827	0.239020	415896	20931	0.952084	0.047916	318.941667	9.921014	0.999987	0.994473	0.999827	0.860383	0.999754	0.456511	pass_initial_mapping_screen
TIL_LP_126_Du-266	QB3.Berkeley.251217/QB3.Results.260109	main_standard	D. setchellii	TIL	1851198	346780	0.187327	313895	32885	0.905170	0.094830	259.196707	17.491940	0.999887	0.998936	0.999827	0.982820	0.999694	0.839821	pass_initial_mapping_screen
TIL_LP_127_Du-267	QB3.Berkeley.251217/QB3.Results.260109	main_standard	D. setchellii	TIL	2857020	57766	0.020219	48232	9534	0.834955	0.165045	30.513369	3.968105	0.999508	0.845130	0.998303	0.342227	0.990378	0.070172	pass_initial_mapping_screen
TIL_LP_128_Du-268	QB3.Berkeley.251217/QB3.Results.260109	main_standard	D. setchellii	TIL	11497492	2766746	0.240639	2575715	191031	0.930955	0.069045	2080.749777	96.962751	0.999993	0.996725	0.999993	0.996651	0.999987	0.996483	pass_initial_mapping_screen
TIL_LP_129_Du-269	QB3.Berkeley.251217/QB3.Results.260109	main_standard	D. setchellii	TIL	3166884	735805	0.232344	686491	49314	0.932980	0.067020	609.576840	26.618777	0.999448	0.996002	0.999221	0.993676	0.998782	0.966334	pass_initial_mapping_screen
TIL_LP_130_Du-271	QB3.Berkeley.251217/QB3.Results.260109	main_standard	D. setchellii	TIL	15750750	3416889	0.216935	3139775	277114	0.918899	0.081101	2517.178574	138.054878	1.000000	0.996187	0.999993	0.996039	0.999980	0.995837	pass_initial_mapping_screen
TIL_LP_131_Du-272	QB3.Berkeley.251217/QB3.Results.260109	main_standard	D. setchellii	TIL	4021054	958311	0.238323	884412	73899	0.922886	0.077114	710.942578	37.841124	0.999940	0.996129	0.999907	0.995653	0.999820	0.995122	pass_initial_mapping_screen
TULP_LP_115_Du-242	QB3.Berkeley.251217/QB3.Results.260109	main_standard	D. setchellii	TULP	14370316	3090598	0.215068	2868677	221921	0.928195	0.071805	2636.442166	127.562638	1.000000	0.999984	1.000000	0.999930	1.000000	0.999856	pass_initial_mapping_screen
TULP_LP_116_Du-243	QB3.Berkeley.251217/QB3.Results.260109	main_standard	D. setchellii	TULP	13535132	3310065	0.244554	2771017	539048	0.837149	0.162851	2555.971971	314.556129	1.000000	0.999996	1.000000	0.999984	1.000000	0.999955	pass_initial_mapping_screen
TULP_LP_117_Du-244	QB3.Berkeley.251217/QB3.Results.260109	main_standard	D. setchellii	TULP	2665332	464078	0.174116	418583	45495	0.901967	0.098033	369.162550	25.809339	0.999993	0.999984	0.999933	0.999326	0.999860	0.984944	pass_initial_mapping_screen
TULP_LP_118_Du-245	QB3.Berkeley.251217/QB3.Results.260109	main_standard	D. setchellii	TULP	26527766	6363846	0.239894	5737377	626469	0.901558	0.098442	5386.798162	365.894740	1.000000	1.000000	1.000000	0.999996	1.000000	0.999975	pass_initial_mapping_screen
TULP_LP_119_Du-246	QB3.Berkeley.251217/QB3.Results.260109	main_standard	D. setchellii	TULP	20359470	2849495	0.139959	2365797	483698	0.830251	0.169749	2142.359896	283.255059	1.000000	1.000000	1.000000	0.999979	1.000000	0.999967	pass_initial_mapping_screen
TULP_LP_120_Du-248	QB3.Berkeley.251217/QB3.Results.260109	main_standard	D. setchellii	TULP	28773130	6629164	0.230394	5907503	721661	0.891138	0.108862	5467.758182	423.624349	1.000000	1.000000	1.000000	0.999988	1.000000	0.999971	pass_initial_mapping_screen
TULP_LP_121_Du-249	QB3.Berkeley.251217/QB3.Results.260109	main_standard	D. setchellii	TULP	4327070	717423	0.165799	619773	97650	0.863888	0.136112	561.286284	56.841025	1.000000	0.999971	1.000000	0.999753	0.999980	0.998977	pass_initial_mapping_screen
TULP_LP_122_Du-250	QB3.Berkeley.251217/QB3.Results.260109	main_standard	D. setchellii	TULP	14791292	2868922	0.193960	2545386	323536	0.887227	0.112773	2311.251700	189.719349	1.000000	0.999996	1.000000	0.999967	1.000000	0.999930	pass_initial_mapping_screen
TULP_LP_140_Du-302	QB3.Berkeley.251217/QB3.Results.260109	main_standard	D. setchellii	TULP	10473708	1637635	0.156357	1530307	107328	0.934462	0.065538	1138.277254	48.230647	1.000000	0.999979	0.999987	0.999856	0.999980	0.999741	pass_initial_mapping_screen
TULP_LP_141_Du-303	QB3.Berkeley.251217/QB3.Results.260109	main_standard	D. setchellii	TULP	1882524	329251	0.174899	282392	46859	0.857680	0.142320	251.199662	26.676034	1.000000	0.999926	0.999827	0.999129	0.999581	0.983662	pass_initial_mapping_screen
TULP_LP_142_Du-304	QB3.Berkeley.251217/QB3.Results.260109	main_standard	D. setchellii	TULP	1007428	196853	0.195402	169632	27221	0.861719	0.138281	149.213284	14.652115	0.999960	0.999100	0.999820	0.970813	0.999441	0.745084	pass_initial_mapping_screen
TULP_LP_143_Du-305	QB3.Berkeley.251217/QB3.Results.260109	main_standard	D. setchellii	TULP	1706310	438112	0.256760	401490	36622	0.916410	0.083590	333.600563	18.995439	0.999993	0.999905	0.999947	0.995570	0.999834	0.900226	pass_initial_mapping_screen
TULP_LP_144_Du-306	QB3.Berkeley.251217/QB3.Results.260109	main_standard	D. setchellii	TULP	1828318	379112	0.207356	354709	24403	0.935631	0.064369	299.807086	12.935971	0.999987	0.999482	0.999913	0.940750	0.999787	0.653048	pass_initial_mapping_screen
TULP_LP_145_Du-307	QB3.Berkeley.251217/QB3.Results.260109	main_standard	D. setchellii	TULP	1266834	253165	0.199841	212319	40846	0.838659	0.161341	172.515019	20.925678	0.999960	0.999971	0.999787	0.995928	0.999468	0.935268	pass_initial_mapping_screen
TULP_LP_146_Du-308	QB3.Berkeley.251217/QB3.Results.260109	main_standard	D. setchellii	TULP	864616	145753	0.168575	125438	20315	0.860620	0.139380	109.822784	11.378227	0.999973	0.998718	0.999594	0.913843	0.999095	0.545232	pass_initial_mapping_screen
TULP_LP_147_Du-309	QB3.Berkeley.251217/QB3.Results.260109	main_standard	D. setchellii	TULP	11575620	2568651	0.221902	2355607	213044	0.917060	0.082940	1937.787748	117.784430	1.000000	0.999988	0.999993	0.999938	0.999987	0.999873	pass_initial_mapping_screen
TULP_LP_148_Du-310	QB3.Berkeley.251217/QB3.Results.260109	main_standard	D. setchellii	TULP	1945284	404400	0.207887	366679	37721	0.906724	0.093276	290.746649	19.805033	1.000000	0.999832	0.999980	0.982602	0.999887	0.849124	pass_initial_mapping_screen
