path	type	size	sha256
supplementary_analysis/README.md	file	2233	e15f0f3dcf2ac19cdd9a8a8491072dac893965201e7bcdd0300573b1e77152bd
supplementary_analysis/config/supplementary_config.toml	file	2032	768958da71c08e36ebc0c7eb2aaeb0468170eacf3cc2ab574e47cc1c4288fcf3
supplementary_analysis/environment.yml	file	400	1225b2d84bb8f931a730b95cacf51b0dea16ee0eaf1fe95551c513df9a367ece
supplementary_analysis/metadata/populations/.gitkeep	file	1	01ba4719c80b6fe911b091a7c05124b64eeece964e09c058ef8f9805daca546b
supplementary_analysis/metadata/populations/populations.supplement-20260824.tsv	file	1346	982efa6945ed17debeb7a6533d8372fd996ed2cbfd8e2d8bf39232d4e1118c31
supplementary_analysis/metadata/qc/.gitkeep	file	1	01ba4719c80b6fe911b091a7c05124b64eeece964e09c058ef8f9805daca546b
supplementary_analysis/metadata/qc/supplement-20260824/metadata_correction_manifest.tsv	file	1488	0e02bb2a7488e5ea4e3c26c7b4e307526f19bd31a358815190ba8d7d702173cf
supplementary_analysis/metadata/qc/supplement-20260824/metadata_verification.tsv	file	436	472ba40d917dfbccd5b48986e47eb23e683e331c766262c808249db87151dae9
supplementary_analysis/metadata/samples/.gitkeep	file	1	01ba4719c80b6fe911b091a7c05124b64eeece964e09c058ef8f9805daca546b
supplementary_analysis/metadata/samples/samples.corrected-20260824.tsv	file	99561	5db42643d66a4ae71493aa069dfb9e00d3fddd7ce56a6ac57bd97843581761eb
supplementary_analysis/pipeline/scripts/run_pipeline.py	file	125	7eabddba7163128b535e5abd7497af15b05ddde7e81335bb403b9b6238db1758
supplementary_analysis/pipeline/scripts/run_stage.py	file	741	31d9bc5ac7db1bb5822a6a8ac76a728079a270ce4a3d6a3660d4db45d4fbe2d1
supplementary_analysis/pipeline/src/dudleya_supplement/__init__.py	file	94	41f7b69d55ff6cefcae56d0d8abf2cda8611f6d958608e8a072b18372beb71cd
supplementary_analysis/pipeline/src/dudleya_supplement/comparative.py	file	2891	f425da4fea172717460e77e62e40677699ceb9e3f43224a620c85260283e6169
supplementary_analysis/pipeline/src/dudleya_supplement/comparative_analysis.py	file	25055	c02228539b577682e255febb88684e84dbfcd4d95608da448cf76669fbebf820
supplementary_analysis/pipeline/src/dudleya_supplement/configuration.py	file	2802	b7bbf3cd664848beb6c557ee81005ece4dc358b9c0a57c58724012561d37f236
supplementary_analysis/pipeline/src/dudleya_supplement/documentation.py	file	7282	8836869faee41ce0cc829086c2644c44a09d5de5f3f41fb017beb0558e6747cc
supplementary_analysis/pipeline/src/dudleya_supplement/figures.py	file	939	77e7ec45380f277696aea92edb074665a31a0ef670b2e07b52f94943ed439e7a
supplementary_analysis/pipeline/src/dudleya_supplement/finalization.py	file	14111	5c9ee59a82c4d1e353753437186d385f24282b988033e48f8246baac072e6c9c
supplementary_analysis/pipeline/src/dudleya_supplement/identity.py	file	2195	97e91b60a2394cbdc5ff0d1d8662ff0f6d37ca18ca85ec7c6993e9c9c6dd294e
supplementary_analysis/pipeline/src/dudleya_supplement/identity_audit.py	file	13337	8367d8bc30df8f0581b854ed1983571c5dea83b24708971ae6ead113be93f3d8
supplementary_analysis/pipeline/src/dudleya_supplement/io.py	file	1141	2288d39ae798f5500ee1a4287bb23c2eef6233ed584ed3971e02c01a30158576
supplementary_analysis/pipeline/src/dudleya_supplement/likelihood.py	file	8294	5eea8b7e7fbf9554d98c2eca4d09aaac032b765e2b44c7d6a4ed0d456fb5ef46
supplementary_analysis/pipeline/src/dudleya_supplement/metadata.py	file	2995	2e977929072473a285d8a669d19af349b811f23ff72c2d05277cc35cf18ad5e3
supplementary_analysis/pipeline/src/dudleya_supplement/paths.py	file	1329	7453b00287392044539f37f1920ee64b330df72674d435939d4687ba59515bb3
supplementary_analysis/pipeline/src/dudleya_supplement/phylogeny.py	file	2847	877c6c89762132fd7d226088ce1daba2027f17a0a0e6357508ffe4faa293fb51
supplementary_analysis/pipeline/src/dudleya_supplement/provenance.py	file	3456	266c438d85aca599807cd1f649d11d305cdafce0bc1993a6b885a1aeeaeeb8b9
supplementary_analysis/pipeline/src/dudleya_supplement/rendering.py	file	15500	7a0f5b6c2f050f354d0f590f07c4ba98062efc73687cbe40f2009022659d10a3
supplementary_analysis/pipeline/src/dudleya_supplement/reporting.py	file	1535	0d28ecd87411a0431a6eb3ed52f096fc19c370b367f477bede536cf37973c7ed
supplementary_analysis/pipeline/src/dudleya_supplement/scenario.py	file	33845	50610a9a8369484f687788870629abde15a92daf619f29be2c5b74a5b0f78628
supplementary_analysis/pipeline/src/dudleya_supplement/sensitivity.py	file	3494	bac79d2bd56b417ad999b8705f414058c074ebbb933da7ec1a95f93d03ae7158
supplementary_analysis/pipeline/src/dudleya_supplement/stages.py	file	17195	0966a93c9a784fec22ff0bc044bf0ce8d0a36d878b2f449389acbec8fe8fb947
supplementary_analysis/pipeline/src/dudleya_supplement/workflow.py	file	3067	c48c56b15aafdcf17581ea084934cdb6d439c52195dd88a392acb8ad581fb1b0
supplementary_analysis/reports/figures/.gitkeep	file	1	01ba4719c80b6fe911b091a7c05124b64eeece964e09c058ef8f9805daca546b
supplementary_analysis/reports/figures/supplement-20260824/figure_S1_robustness.pdf	file	20349	65bc2eb1e9410dab09a5e2c6637f647f29ed1d27cb9dd9815a0b5965789e3163
supplementary_analysis/reports/figures/supplement-20260824/figure_S1_robustness.png	file	226787	31e257c499757e635ab360a4a38fa6ac9978bbd99d57c91a14b781613f2fbbde
supplementary_analysis/reports/figures/supplement-20260824/figure_S1_robustness.svg	file	85550	85240dbf2b3d6ab56e295f1ca72c6af4bf705c8ef0489f2b963187ed22b923bb
supplementary_analysis/reports/figures/supplement-20260824/figure_S2_phylogenetic_information.pdf	file	19000	f0004686478d704cfaae06fbf780ed124e4160aaf6b2a88182d6133ad18b1b79
supplementary_analysis/reports/figures/supplement-20260824/figure_S2_phylogenetic_information.png	file	119963	6f19f58639dc9841505ba530cf0705b390649787ea1ba7379a5307bcf6846444
supplementary_analysis/reports/figures/supplement-20260824/figure_S2_phylogenetic_information.svg	file	58876	9355a02ab2ad1a688cb9ef5cd297a6fd2c49cc4cc14dcda9c69219bd9cc50dde
supplementary_analysis/reports/figures/supplement-20260824/figure_S3_technical_confounders.pdf	file	30511	84ed33f8125a791aa1f041af5820bff6e90400a0a95cb585319a3a797bb3a1aa
supplementary_analysis/reports/figures/supplement-20260824/figure_S3_technical_confounders.png	file	265956	2f6ef141e632dba02a23902a8f3a2d3a6d4a6e008ee9945c73033c554c36b665
supplementary_analysis/reports/figures/supplement-20260824/figure_S3_technical_confounders.svg	file	112460	127eda0bba36a614b9833d7f52064abccfcc793a441e34b5b97ae5f0ea3700ea
supplementary_analysis/reports/figures/supplement-20260824/figure_S4_organelle_comparison.pdf	file	29669	685c3cb7c7b360c10d5081b3136289b0d3215b70c73804b2c8e6f6e93a73f0ae
supplementary_analysis/reports/figures/supplement-20260824/figure_S4_organelle_comparison.png	file	677942	b0b7f53aa6072f4082f4f39b4828382a2e5fd399836908037eac8e1b34ffb7e6
supplementary_analysis/reports/figures/supplement-20260824/figure_S4_organelle_comparison.svg	file	199111	d78211841f41a1bc3fe884e1f583b8ba15791f1beabb4a67c68b87a6ca415ee8
supplementary_analysis/reports/figures/supplement-20260824/figure_S5_population_diversity.pdf	file	23014	9d3e521b1316cc27b62b178b7d417450a37dc1608efed3c4ac5dffaf93a71a09
supplementary_analysis/reports/figures/supplement-20260824/figure_S5_population_diversity.png	file	196730	24494309243bd35df177f4e1d35510c38214f4f2ee6c776b421f0f7e84e1dccc
supplementary_analysis/reports/figures/supplement-20260824/figure_S5_population_diversity.svg	file	80885	86dece00a744ffc7096ccf2bacb3688bdc3b667d1c1fee59d5581f3095895b06
supplementary_analysis/reports/figures/supplement-20260824/figure_S6_genome_coordinate.pdf	file	18937	d79b0de94bd3492ab6b94c2c4b7a703453903fa357ff5dfa158c5f027073475f
supplementary_analysis/reports/figures/supplement-20260824/figure_S6_genome_coordinate.png	file	341484	8aa8dbe696bb4929fcb07ce77a2565e3f396f347211a73f9b3d7cd026e94d100
supplementary_analysis/reports/figures/supplement-20260824/figure_S6_genome_coordinate.svg	file	65308	d1fcdbeb08d606ea707266b6913b9579f17a99d3ccbbb089ffc7bae2b09993bb
supplementary_analysis/reports/figures/supplement-20260824/presentation_replacement_manifest.tsv	file	1461	9068153d96b64e53cfbf8b66af08155d8967ae4c1f54f44d7ea3abbdacbd05ee
supplementary_analysis/reports/figures/supplement-20260824/replacement_admixture_demoted.pdf	file	16839	4d5fb0fb701a39d48b04890566025a7e045eec080d213b108dd7104a6c29244b
supplementary_analysis/reports/figures/supplement-20260824/replacement_admixture_demoted.png	file	92756	1cd3e0939b69d241c82c2a25d50903db19c87ee60168051822219ed5b0c318d5
supplementary_analysis/reports/figures/supplement-20260824/replacement_admixture_demoted.svg	file	36244	59922ac61771b62e1138bc834518862881d5740812a88f3b33598a5a4e71dc32
supplementary_analysis/reports/figures/supplement-20260824/replacement_chloroplast_pca_scree.pdf	file	13423	b5520fa53e82159fc480f23415e147ab18a0630b30e820cbdab039b5a43d7be0
supplementary_analysis/reports/figures/supplement-20260824/replacement_chloroplast_pca_scree.png	file	85028	4179991800bd5f48d350853caa482720f0dbdf53120c8539de151c76db0fd06a
supplementary_analysis/reports/figures/supplement-20260824/replacement_chloroplast_pca_scree.svg	file	28517	a6ddc94c2830a39e9bca76031d2f754028f3ffe7ebfa2c88e78ff36d39356135
supplementary_analysis/reports/figures/supplement-20260824/replacement_fst_ecdf.pdf	file	19653	2ba1e73919a283d272fc3d347d96209a1c62e978fcfc06902d15f91be97786fa
supplementary_analysis/reports/figures/supplement-20260824/replacement_fst_ecdf.png	file	89086	03db168b532686bdc9baccf7ca355393f335f8ae68e9cd5fc38291922df09c1a
supplementary_analysis/reports/figures/supplement-20260824/replacement_fst_ecdf.svg	file	55549	9247be04eb611fc9dee528dd7d402b374a74c652c438e9ad37427c74755ab0c8
supplementary_analysis/reports/figures/supplement-20260824/replacement_mitochondria_pca_scree.pdf	file	14077	c329b6a34b5b03e4745a5a053b235fd55aac627ade18bc4e2b4838211d49f2fa
supplementary_analysis/reports/figures/supplement-20260824/replacement_mitochondria_pca_scree.png	file	95237	c897846a1aa90cad43928519dfad0a020262eeb486c0f955bcd62255a03a9a1a
supplementary_analysis/reports/figures/supplement-20260824/replacement_mitochondria_pca_scree.svg	file	32164	06ee5d3a2e34ca8d714ad361089b8cd9686ab4a10d2881b2e6c4de6bb026945b
supplementary_analysis/reports/figures/supplement-20260824/supplementary_figure_manifest.tsv	file	2177	dc4d8abd19dca042701dca9b9a926c0c82755cf7ea6864498cddd40454683b2d
supplementary_analysis/reports/manuscript_support/.gitkeep	file	1	01ba4719c80b6fe911b091a7c05124b64eeece964e09c058ef8f9805daca546b
supplementary_analysis/reports/manuscript_support/supplement-20260824/claim_analysis_decisions.phase1.tsv	file	1388	c47e5dc4ee030be57cd4e176f43778913a413ff658fa018cc2789db3dee9d388
supplementary_analysis/reports/manuscript_support/supplement-20260824/claim_analysis_decisions.tsv	file	1560	8de42e5107205701ac05af109f7528b1b896814d80708db459d3e539439b05de
supplementary_analysis/reports/manuscript_support/supplement-20260824/geography_status.tsv	file	116	0768c9355e818fbfe44c3a672a1abeb1266eae74274f621402fb8c235c76afcb
supplementary_analysis/reports/manuscript_support/supplement-20260824/organelle_inheritance_evidence.md	file	874	b520fa77dfceb73350f92eb3f1e48d1f5ea91012f2d04fb119906791ebf26d05
supplementary_analysis/reports/manuscript_support/supplement-20260824/supplementary_analysis_report.md	file	4171	a2688b17fe4b270f4f81b9ea6d2503b9300a58cfe1d1a7da750a5b28f3c217b1
supplementary_analysis/reports/tables/.gitkeep	file	1	01ba4719c80b6fe911b091a7c05124b64eeece964e09c058ef8f9805daca546b
supplementary_analysis/reports/tables/supplement-20260824/table_manifest.tsv	file	19248	57661ff28a974baf1b4b928a27517f36fb053cbc731e7fcfe6f5af4761d0a4b1
supplementary_analysis/results/comparative/.gitkeep	file	1	01ba4719c80b6fe911b091a7c05124b64eeece964e09c058ef8f9805daca546b
supplementary_analysis/results/comparative/supplement-20260824/genome_coordinate_windows.tsv	file	5255	7800b9fb025eac03afeaf27324158f4241e51d55af855ac0496b9d594d10ae24
supplementary_analysis/results/comparative/supplement-20260824/identity_sensitivity/chloroplast_samples.without_suspected.tsv	file	99037	d2c7631d3057d8790f31e17513d661fb1c84776e093f568210f95d9ba60c42d9
supplementary_analysis/results/comparative/supplement-20260824/identity_sensitivity/mitochondria_samples.without_suspected.tsv	file	97248	98e562bdcfeff8abb57f0d4249510c286a82a5663c8ad7b9e388ada51e32f3b4
supplementary_analysis/results/comparative/supplement-20260824/identity_sensitivity/samples.without_suspected.tsv	file	100248	bb5c76107a950a26de30ba8fc685669b85cc7b7f12169f7539c125fe5e4e0cd0
supplementary_analysis/results/comparative/supplement-20260824/organelle_comparison/chloroplast.support_contracted_229.treefile	file	7497	8b3c5069c24ea07f159c12cb425350f4cea8fe0f4d846cbe545ca9e442ec6c41
supplementary_analysis/results/comparative/supplement-20260824/organelle_comparison/common_pair_fst_agreement.tsv	file	38415	9cea517570f187d7067b2a1ea25ce93d457625dd0b6b5c803563cba2a66cf084
supplementary_analysis/results/comparative/supplement-20260824/organelle_comparison/mitochondria.support_contracted_229.treefile	file	6417	fcd684ce063e4e562c352fca25bb2d5e7395650c05eca9b2d06d6bb799152c0a
supplementary_analysis/results/comparative/supplement-20260824/organelle_comparison/supported_unrooted_rf.tsv	file	261	a63d69be474f93dca4a338f4f5dd56d49821c13bb9ea01330e8e36e2f1838be2
supplementary_analysis/results/comparative/supplement-20260824/organelle_comparison/tanglegram_271_tip_mapping.tsv	file	12981	4b1e4b5c2acdace70d1c992f2c901ec9f285aaff2919700120fb13ca331f55b6
supplementary_analysis/results/comparative/supplement-20260824/population_diversity/chloroplast_146_site_resampling.tsv	file	64939	a147cfd8d5442396bce4dc5c1c94ffcd1650cbaf1337239a97729a1e3c68465d
supplementary_analysis/results/comparative/supplement-20260824/population_diversity/population_pi_n4_resampling.tsv	file	3778861	96ddc374114f0e8a4cf08ecfeb7da764e037cd0d031e90dc4b6fb5b918006b13
supplementary_analysis/results/comparative/supplement-20260824/population_diversity/population_resampling_summary.tsv	file	565	591945b3ad1a3a9e83aaeaca68d29f2e173a70851aa6aa7ae8cf7788a37f38b8
supplementary_analysis/results/comparative/supplement-20260824/technical_confounders.tsv	file	2399	c87f442fc2729562bc94d9cc0fab9ec2ee8f614598979b591015d32451ce1041
supplementary_analysis/results/figures/.gitkeep	file	1	01ba4719c80b6fe911b091a7c05124b64eeece964e09c058ef8f9805daca546b
supplementary_analysis/results/phylogeny/.gitkeep	file	1	01ba4719c80b6fe911b091a7c05124b64eeece964e09c058ef8f9805daca546b
supplementary_analysis/results/phylogeny/supplement-20260824/likelihood_mapping/chloroplast.iqtree	file	160708	2822d2a2294311b932938681523ffdb00467c1706d4cc1527bf3f12a6ae53fba
supplementary_analysis/results/phylogeny/supplement-20260824/likelihood_mapping/chloroplast.lmap.eps	file	3602907	4b27e4be1905b82c0864a09544febcbb1eeb6d6e167d091767f5b47ed68d4d5c
supplementary_analysis/results/phylogeny/supplement-20260824/likelihood_mapping/chloroplast.lmap.svg	file	5738903	1e9613715e53fbe15479aacbd0b1bec78870fdee551b60a5a86d808929c55c11
supplementary_analysis/results/phylogeny/supplement-20260824/likelihood_mapping/chloroplast.log	file	7506729	27ce7c037de22e451ea316390ed46df16d2716275d70d76bc184a6e4c181d44d
supplementary_analysis/results/phylogeny/supplement-20260824/likelihood_mapping/likelihood_mapping_summary.tsv	file	876	4da58b77b53e93160d2463b005b0a483f709990a99dc5c96fc8fed79f8cecf7a
supplementary_analysis/results/phylogeny/supplement-20260824/likelihood_mapping/mitochondria.iqtree	file	136312	bdafd343b58c658c7b9eaec1dba4e57f9584eb8e7232b282adb94ccad8fcf381
supplementary_analysis/results/phylogeny/supplement-20260824/likelihood_mapping/mitochondria.lmap.eps	file	3602908	2a2cb3f9e16d2386f5d9e42b46701243168263ce5c91386050395916b0261e8c
supplementary_analysis/results/phylogeny/supplement-20260824/likelihood_mapping/mitochondria.lmap.svg	file	5768951	2462e6fad2b3fb9ca6cc93e2b2415b5b1c212237ffbbf15c5cde2429c2b27972
supplementary_analysis/results/phylogeny/supplement-20260824/likelihood_mapping/mitochondria.log	file	13549981	379b22e260317bd99031401b63d618c575b1719f11f0c1ac65e289ab3ac94605
supplementary_analysis/results/sensitivity/.gitkeep	file	1	01ba4719c80b6fe911b091a7c05124b64eeece964e09c058ef8f9805daca546b
supplementary_analysis/results/sensitivity/supplement-20260824/canonical/alignments/chloroplast.callable_alignment.fa	file	41999654	73f143fb7da0035a7d7903948d48dba4fbe7d9966fc015eda7fb5d8cfb9e5801
supplementary_analysis/results/sensitivity/supplement-20260824/canonical/alignments/chloroplast.callable_summary.tsv	file	24296	ce47a514780ed804bcf89a72995ea9e27136357d34db1372623f498efac29859
supplementary_analysis/results/sensitivity/supplement-20260824/canonical/alignments/mitochondria.callable_alignment.fa	file	66779991	50b9ee3d72aa5cf56e2b41f137bcdaf791d08b8dcd18695a073631a63d77e90e
supplementary_analysis/results/sensitivity/supplement-20260824/canonical/alignments/mitochondria.callable_summary.tsv	file	22406	bb137c038f74a3397670958bda8530ef3211e208e26431f71d28a2f214591305
supplementary_analysis/results/sensitivity/supplement-20260824/canonical/haplotypes/chloroplast.haplotypes.tsv	file	113786	7f9160de4bc0e6477c06fcc6886be9da0c7a283520cd6dc264a6d33ec31fe185
supplementary_analysis/results/sensitivity/supplement-20260824/canonical/haplotypes/chloroplast.sample_haplotypes.tsv	file	8800	2269ea7cf96dc8df78f0db1ad8a56857037bcb3c45f2496f2dad12ece45319fb
supplementary_analysis/results/sensitivity/supplement-20260824/canonical/haplotypes/mitochondria.haplotypes.tsv	file	7378	f030f59b824a15ae3341f82a671da748f4f8fafeb7086d0dc263029cbbd3ceaa
supplementary_analysis/results/sensitivity/supplement-20260824/canonical/haplotypes/mitochondria.sample_haplotypes.tsv	file	7997	4362fcd608f07de89b46c6527ab42fd7e17f1aee967b8f754e5f3a2f21548b2d
supplementary_analysis/results/sensitivity/supplement-20260824/canonical/metadata/chloroplast_samples.tsv	file	98350	5de3e9180365ce7d399192fecb5cf05260bf1e7e4c36ad976110743b4c756d0f
supplementary_analysis/results/sensitivity/supplement-20260824/canonical/metadata/mitochondria_samples.tsv	file	96561	a24a70926cd34ca4b3d3abe63299b4c054cd16140fdcfa01619f657f8ec01d86
supplementary_analysis/results/sensitivity/supplement-20260824/canonical/metadata/shared_samples.tsv	file	96561	a24a70926cd34ca4b3d3abe63299b4c054cd16140fdcfa01619f657f8ec01d86
supplementary_analysis/results/sensitivity/supplement-20260824/canonical/pca/chloroplast.coordinates.tsv	file	48740	ac7034e3b94b251ac8a7895801e47f08c1fc9c7eddb98eb692c1d2dfec90ee4e
supplementary_analysis/results/sensitivity/supplement-20260824/canonical/pca/chloroplast.variance.tsv	file	232	505a301dcb718c7f7b14bb86ef1ff3a5adf526cf37fe90f4755671e1087a5377
supplementary_analysis/results/sensitivity/supplement-20260824/canonical/pca/mitochondria.coordinates.tsv	file	47663	bfbe12ce551308246d178601c290ef2b28a4256d258558b050271a75f7761eab
supplementary_analysis/results/sensitivity/supplement-20260824/canonical/pca/mitochondria.variance.tsv	file	233	03f05e259c0b335e721e6ff3f7b1f900eb0cb5e112c3814333e12daab681eb1f
supplementary_analysis/results/sensitivity/supplement-20260824/canonical/popgen/chloroplast.pairwise_hudson_fst.tsv	file	41334	46a62c602f323b54031211a23be3cc02374b7a8439f5d1f225b5fd2eca65c922
supplementary_analysis/results/sensitivity/supplement-20260824/canonical/popgen/chloroplast.population_summary.tsv	file	7451	a6a4718e3d7fda27b2a39f831242021383fe6c34c21a53d7ea045d57390a745f
supplementary_analysis/results/sensitivity/supplement-20260824/canonical/popgen/mitochondria.pairwise_hudson_fst.tsv	file	37374	de6757f1d926c348e09b36694efccf6379c74735babc2c76107741d3f500e3b6
supplementary_analysis/results/sensitivity/supplement-20260824/canonical/popgen/mitochondria.population_summary.tsv	file	7216	c82e515431557b680aeb779a3fd63d06b9f63c6b86c4b14935f86f719690ceec
supplementary_analysis/results/sensitivity/supplement-20260824/canonical/trees/chloroplast.primary.treefile	file	14563	38d92ee9d4480189e9eb729329b359214a988c54af1ca4a1078953e6fe580b48
supplementary_analysis/results/sensitivity/supplement-20260824/canonical/trees/mitochondria.primary.treefile	file	13606	5197a5e6dd5a8f94feb56ba07389be528439747563176d2be0d668d0ea436240
supplementary_analysis/results/sensitivity/supplement-20260824/canonical/variants/chloroplast.mac2_ordination.vcf.gz	file	1825377	41f3562747aa5ab49ccefa939b28d35f7c0143aee37f7621e708757023c86e2d
supplementary_analysis/results/sensitivity/supplement-20260824/canonical/variants/chloroplast.primary.vcf.gz	file	2013834	f47069ed6a2d529d6e87605d03a1c967cf161a57c77a6a646fb0fadf1ff343bb
supplementary_analysis/results/sensitivity/supplement-20260824/canonical/variants/mitochondria.mac2_ordination.vcf.gz	file	108183	c42ca2992e31992888c4ae26e8883af461d15ecdf4a0bf7971457f5b6f1e4f25
supplementary_analysis/results/sensitivity/supplement-20260824/canonical/variants/mitochondria.primary.vcf.gz	file	126811	9017f54a06680df8c15846eaf033bb3d53f106eea3c7aadca079ac17cbf2ee49
supplementary_analysis/results/sensitivity/supplement-20260824/identity_without_suspected/popgen/chloroplast.pairwise_hudson_fst.tsv	file	41233	4c114bd0972d84e0b70e4225414985f34a56c77ebe1c53b5e97b0d7879d25404
supplementary_analysis/results/sensitivity/supplement-20260824/identity_without_suspected/popgen/chloroplast.population_summary.tsv	file	7133	61155b3253bb02d52ff45fc2da3b6f8627bcce75c4de6277f71a709dd64384e6
supplementary_analysis/results/sensitivity/supplement-20260824/identity_without_suspected/popgen/mitochondria.pairwise_hudson_fst.tsv	file	36519	405aa3422b186c24162f1da6905a287ea9ddb650cbb33c0f1b5cf4a965e099e5
supplementary_analysis/results/sensitivity/supplement-20260824/identity_without_suspected/popgen/mitochondria.population_summary.tsv	file	6899	d568c849c53d1ea83dd78e9803b0a8f914f46f2104b48408b0d0512c5f5f626c
supplementary_analysis/results/sensitivity/supplement-20260824/mtmask70/alignments/mitochondria.callable_alignment.fa	file	66779991	e168cba47c334a2069735c2f8ab2888ff1fead869bde3596b234cd357b7ae5ea
supplementary_analysis/results/sensitivity/supplement-20260824/mtmask70/alignments/mitochondria.callable_alignment.summary.tsv	file	18742	2e0eda6dc9383b69c199bc8e6d403601ed2024e3fcc0d89ccd5e89c8255bb4b1
supplementary_analysis/results/sensitivity/supplement-20260824/mtmask70/haplotypes/mitochondria.haplotype_positions.tsv	file	963	f14358dfc3a28ee1a1566f155a06d7d5bed04c928c8b16f52a4fa12589799449
supplementary_analysis/results/sensitivity/supplement-20260824/mtmask70/haplotypes/mitochondria.haplotypes.tsv	file	7378	f030f59b824a15ae3341f82a671da748f4f8fafeb7086d0dc263029cbbd3ceaa
supplementary_analysis/results/sensitivity/supplement-20260824/mtmask70/haplotypes/mitochondria.network_edges.tsv	file	477	9396332eb40d7e182ca965cc4b4c667befe44b9d32aaaae8d83ab83e1e992b30
supplementary_analysis/results/sensitivity/supplement-20260824/mtmask70/haplotypes/mitochondria.sample_haplotypes.tsv	file	7997	4362fcd608f07de89b46c6527ab42fd7e17f1aee967b8f754e5f3a2f21548b2d
supplementary_analysis/results/sensitivity/supplement-20260824/mtmask70/masks/mitochondria_high_confidence_sites.bed	file	154	f05d17c840a6286ad5c3592d62402eb163adde88e477c1003ba59045ae320b7e
supplementary_analysis/results/sensitivity/supplement-20260824/mtmask70/metadata/chloroplast_samples.tsv	file	98350	5de3e9180365ce7d399192fecb5cf05260bf1e7e4c36ad976110743b4c756d0f
supplementary_analysis/results/sensitivity/supplement-20260824/mtmask70/metadata/mitochondria_samples.tsv	file	96561	a24a70926cd34ca4b3d3abe63299b4c054cd16140fdcfa01619f657f8ec01d86
supplementary_analysis/results/sensitivity/supplement-20260824/mtmask70/metadata/shared_samples.tsv	file	96561	a24a70926cd34ca4b3d3abe63299b4c054cd16140fdcfa01619f657f8ec01d86
supplementary_analysis/results/sensitivity/supplement-20260824/mtmask70/pca/mitochondria.coordinates.tsv	file	47663	bfbe12ce551308246d178601c290ef2b28a4256d258558b050271a75f7761eab
supplementary_analysis/results/sensitivity/supplement-20260824/mtmask70/pca/mitochondria.variance.tsv	file	233	03f05e259c0b335e721e6ff3f7b1f900eb0cb5e112c3814333e12daab681eb1f
supplementary_analysis/results/sensitivity/supplement-20260824/mtmask70/popgen/mitochondria.pairwise_hudson_fst.tsv	file	37374	400f8867952768ea5e8b8781fb940d4495161e4987e670c26d85b487fe2ebafb
supplementary_analysis/results/sensitivity/supplement-20260824/mtmask70/popgen/mitochondria.population_summary.tsv	file	7220	22bc88d2155af965e9bdde862e3e7b1929f18caab1709468dcd1a9a29cc4bfe3
supplementary_analysis/results/sensitivity/supplement-20260824/mtmask70/trees/mitochondria.primary.bionj	file	11268	ab3c088089b2f13e0bd4ec3e0788c606b95850594324d1ed94964b2a2303a826
supplementary_analysis/results/sensitivity/supplement-20260824/mtmask70/trees/mitochondria.primary.ckp.gz	file	1430874	3be25c3e190daab4aaf67d0b5c7b1ad9b5b851c6daa0a7e0e7a4daba431dd738
supplementary_analysis/results/sensitivity/supplement-20260824/mtmask70/trees/mitochondria.primary.contree	file	13050	6ff09c641726f98eb8f61845919f92e3ab00fd5f062f80bba7d496134973647f
supplementary_analysis/results/sensitivity/supplement-20260824/mtmask70/trees/mitochondria.primary.iqtree	file	119445	6eafe9b8d8bfd554f8058f55fe2f98b370668356f2eaeefd9ca7541942a6c652
supplementary_analysis/results/sensitivity/supplement-20260824/mtmask70/trees/mitochondria.primary.log	file	35098	e13b6d754d62d317b415a03ad866666be2193c93ca7c5fb7baa2d73fc573c596
supplementary_analysis/results/sensitivity/supplement-20260824/mtmask70/trees/mitochondria.primary.mldist	file	603008	0a0025c2a561c771c950c7e3a95b45a9435845c45c8c6bb0bc08380286831ce1
supplementary_analysis/results/sensitivity/supplement-20260824/mtmask70/trees/mitochondria.primary.model.gz	file	5292	79d06e51ef055ed47ba4297aec4f89b3aea6db4adc2b1f9375c8feb44d7ecfa4
supplementary_analysis/results/sensitivity/supplement-20260824/mtmask70/trees/mitochondria.primary.splits.nex	file	476253	148af69d8589b2a618186fec419b65d08b90ce1c654af0853b8f47054ca8be26
supplementary_analysis/results/sensitivity/supplement-20260824/mtmask70/trees/mitochondria.primary.treefile	file	13601	bedc504f320a001d22a18fb460a8f9c051269da261bc2684d8f0f5337a2e4f87
supplementary_analysis/results/sensitivity/supplement-20260824/mtmask70/trees/mitochondria.primary.ufboot	file	12595000	61e7f686fe87850b6524224c20f46946a6a259a00a1192db8c04956bd09780eb
supplementary_analysis/results/sensitivity/supplement-20260824/mtmask70/trees/mitochondria.primary.uniqueseq.phy	file	56708483	db2a646a547f8082187c4ee4e22325a5f316efcfa27293a7d7d3375e27156cbb
supplementary_analysis/results/sensitivity/supplement-20260824/mtmask70/variants/mitochondria.high_confidence_variant_sites.vcf.gz	file	137732	a99f5b906f308f4cb823578ac954a01e3ca66b5906051e1b4a2960a1a55c5743
supplementary_analysis/results/sensitivity/supplement-20260824/mtmask70/variants/mitochondria.high_confidence_variant_sites.vcf.gz.csi	file	179	31526eb9d34c767fb65eded21f3b8cf0b89b6886cd568f3c6c20919ae52452b0
supplementary_analysis/results/sensitivity/supplement-20260824/mtmask70/variants/mitochondria.mac2_ordination.vcf.gz	file	108307	bd9bb3e7bc88638b4e79c73be142597aa371f81314f732de60d1b7578369093a
supplementary_analysis/results/sensitivity/supplement-20260824/mtmask70/variants/mitochondria.mac2_ordination.vcf.gz.csi	file	177	44bb4718583ad5590818035bfb839a48bc2616830ea2bc1d95f924cc85667b65
supplementary_analysis/results/sensitivity/supplement-20260824/mtmask70/variants/mitochondria.primary.vcf.gz	file	126817	def846842b6d3196f8876739832e019bc4ad7ad60f68bf5573092302ba860874
supplementary_analysis/results/sensitivity/supplement-20260824/mtmask70/variants/mitochondria.primary.vcf.gz.csi	file	180	20af08e6ca59f7872beee872eafa144840f40f43a0de75fb1962c7e0ec647c3c
supplementary_analysis/results/sensitivity/supplement-20260824/mtmask90/alignments/mitochondria.callable_alignment.fa	file	66779991	65acc91b99f33149ed92bdc620ec5e23ef4fd97a1471f61a56d2c76323f2ea3d
supplementary_analysis/results/sensitivity/supplement-20260824/mtmask90/alignments/mitochondria.callable_alignment.summary.tsv	file	18755	068e0a997adb66933dfc7ad8729e4323b2f5fe0be56dc037c3134fb0be3228ea
supplementary_analysis/results/sensitivity/supplement-20260824/mtmask90/haplotypes/mitochondria.haplotype_positions.tsv	file	963	f14358dfc3a28ee1a1566f155a06d7d5bed04c928c8b16f52a4fa12589799449
supplementary_analysis/results/sensitivity/supplement-20260824/mtmask90/haplotypes/mitochondria.haplotypes.tsv	file	7378	f030f59b824a15ae3341f82a671da748f4f8fafeb7086d0dc263029cbbd3ceaa
supplementary_analysis/results/sensitivity/supplement-20260824/mtmask90/haplotypes/mitochondria.network_edges.tsv	file	477	9396332eb40d7e182ca965cc4b4c667befe44b9d32aaaae8d83ab83e1e992b30
supplementary_analysis/results/sensitivity/supplement-20260824/mtmask90/haplotypes/mitochondria.sample_haplotypes.tsv	file	7997	4362fcd608f07de89b46c6527ab42fd7e17f1aee967b8f754e5f3a2f21548b2d
supplementary_analysis/results/sensitivity/supplement-20260824/mtmask90/masks/mitochondria_high_confidence_sites.bed	file	230	7726fe5155e2c5103a4f54b1a3531058f710725a3b7dae0c6f87a1fcad15bc8e
supplementary_analysis/results/sensitivity/supplement-20260824/mtmask90/metadata/chloroplast_samples.tsv	file	98350	5de3e9180365ce7d399192fecb5cf05260bf1e7e4c36ad976110743b4c756d0f
supplementary_analysis/results/sensitivity/supplement-20260824/mtmask90/metadata/mitochondria_samples.tsv	file	96561	a24a70926cd34ca4b3d3abe63299b4c054cd16140fdcfa01619f657f8ec01d86
supplementary_analysis/results/sensitivity/supplement-20260824/mtmask90/metadata/shared_samples.tsv	file	96561	a24a70926cd34ca4b3d3abe63299b4c054cd16140fdcfa01619f657f8ec01d86
supplementary_analysis/results/sensitivity/supplement-20260824/mtmask90/pca/mitochondria.coordinates.tsv	file	47663	bfbe12ce551308246d178601c290ef2b28a4256d258558b050271a75f7761eab
supplementary_analysis/results/sensitivity/supplement-20260824/mtmask90/pca/mitochondria.variance.tsv	file	233	03f05e259c0b335e721e6ff3f7b1f900eb0cb5e112c3814333e12daab681eb1f
supplementary_analysis/results/sensitivity/supplement-20260824/mtmask90/popgen/mitochondria.pairwise_hudson_fst.tsv	file	37374	5ea48c5845c8b2cdcd0cdea8926ac66c41ad9b7392f4fd612a25a483b5f97d14
supplementary_analysis/results/sensitivity/supplement-20260824/mtmask90/popgen/mitochondria.population_summary.tsv	file	7218	a3c31165f0d6ed58be4a5e958e2283aaac98d54d79d9d46d1d42dd4874d491aa
supplementary_analysis/results/sensitivity/supplement-20260824/mtmask90/trees/mitochondria.primary.bionj	file	11039	8f7ab22539043b86cf436c015689f69fcbc6d7f37c830792d55627a9963e6e8a
supplementary_analysis/results/sensitivity/supplement-20260824/mtmask90/trees/mitochondria.primary.ckp.gz	file	1429259	f166357c6facdc502dd93980aca9e4d2773c7e5bcd6084deb87247bf7fbbc640
supplementary_analysis/results/sensitivity/supplement-20260824/mtmask90/trees/mitochondria.primary.contree	file	13008	797fad4ca5e12a88757bea3d6f7d86053ed629ca1cdf46297233683c73d11ec9
supplementary_analysis/results/sensitivity/supplement-20260824/mtmask90/trees/mitochondria.primary.iqtree	file	105916	95afb1e2c51ed6ed2c9b3f7a865fa949962ef72101b0374070f8065898c449f0
supplementary_analysis/results/sensitivity/supplement-20260824/mtmask90/trees/mitochondria.primary.log	file	35873	14490673fc426726a3f8d0d0461af08beeadf1599bf63f6ac49532d8781075aa
supplementary_analysis/results/sensitivity/supplement-20260824/mtmask90/trees/mitochondria.primary.mldist	file	577528	c47bf9b8136f8372fce5d23f412705510a06536d9d7a4ec5e01fd7b137a36547
supplementary_analysis/results/sensitivity/supplement-20260824/mtmask90/trees/mitochondria.primary.model.gz	file	5197	606d786c9d446091c525e92cd884c8ac7daf335920217ee5bd214000246764bc
supplementary_analysis/results/sensitivity/supplement-20260824/mtmask90/trees/mitochondria.primary.splits.nex	file	590146	f646da506f0e560534767974a4868e9fb02ba9a8f1a3724130d7ee96eddc75ae
supplementary_analysis/results/sensitivity/supplement-20260824/mtmask90/trees/mitochondria.primary.treefile	file	13588	438c4b3d8e694e84a6fb9203c1f5b29d8cb58fc04a9dcaa5206346ce1ae66306
supplementary_analysis/results/sensitivity/supplement-20260824/mtmask90/trees/mitochondria.primary.ufboot	file	12595000	cb990e73c1189fba5b2413f581d22994296d4b82074ef3911b3cc267a4adb4ff
supplementary_analysis/results/sensitivity/supplement-20260824/mtmask90/trees/mitochondria.primary.uniqueseq.phy	file	55491563	aeb53b6bfb1adf6ea1ed62b9686b12a432d579e988a3d6db636bc084010f2a51
supplementary_analysis/results/sensitivity/supplement-20260824/mtmask90/variants/mitochondria.high_confidence_variant_sites.vcf.gz	file	137667	89e6cf557063586cc8aa5f4fac334f3a617af14092d448828359a82e0eb0c79d
supplementary_analysis/results/sensitivity/supplement-20260824/mtmask90/variants/mitochondria.high_confidence_variant_sites.vcf.gz.csi	file	179	b463380b9bfa5c8eac364722721998d67818d915a388792c2007ae380417f914
supplementary_analysis/results/sensitivity/supplement-20260824/mtmask90/variants/mitochondria.mac2_ordination.vcf.gz	file	108327	03692564d3a46e942300e3a932ff15cd3a4e30cccf26474f2dc9c6aa835fc820
supplementary_analysis/results/sensitivity/supplement-20260824/mtmask90/variants/mitochondria.mac2_ordination.vcf.gz.csi	file	178	4cdf5a9769a4405216f2bbe6eca75864aa62183740e397f29413d0fe21f55128
supplementary_analysis/results/sensitivity/supplement-20260824/mtmask90/variants/mitochondria.primary.vcf.gz	file	126882	08600f6b74a50e14db6effc53c2765755ddc5ee76d5314e118a3e3f58e680560
supplementary_analysis/results/sensitivity/supplement-20260824/mtmask90/variants/mitochondria.primary.vcf.gz.csi	file	180	19b8a04f1acf94fd7950e4591fa7e85fa2d18e798e4396a3be62c0cb1f95bd6e
supplementary_analysis/results/sensitivity/supplement-20260824/permissive/alignments/chloroplast.callable_alignment.fa	file	41999654	71a47b54dcc5a2c878967859e3c4aafe8fd3f25f480bf6c7ae0f7250c48d1b9b
supplementary_analysis/results/sensitivity/supplement-20260824/permissive/alignments/chloroplast.callable_alignment.summary.tsv	file	20291	ea64a070b522810886e049147805ba7436cd0b7eefbe0122b5a4d8374fe8b333
supplementary_analysis/results/sensitivity/supplement-20260824/permissive/alignments/mitochondria.callable_alignment.fa	file	67519259	c2d18212611065c320c960289687a511b76aea67e8c530f9e8180860652f7358
supplementary_analysis/results/sensitivity/supplement-20260824/permissive/alignments/mitochondria.callable_alignment.summary.tsv	file	18990	3cd4ccb6ee3c429f6ed1df04690cda643dfaa804db932d1a9751997f1669db81
supplementary_analysis/results/sensitivity/supplement-20260824/permissive/haplotypes/chloroplast.haplotype_positions.tsv	file	14156	45bf212002f62e1bc218fa34ef25453e92383bf22ecea14cff6ee5ff37096fc7
supplementary_analysis/results/sensitivity/supplement-20260824/permissive/haplotypes/chloroplast.haplotypes.tsv	file	125653	9c81a547b446a1f586fa5d70c71724a6b4245f1b728b215144d37dd5e5161858
supplementary_analysis/results/sensitivity/supplement-20260824/permissive/haplotypes/chloroplast.network_edges.tsv	file	590	b698355d918ec09628718a43bfcf1ffab41446bd42ad436833117b66851af20c
supplementary_analysis/results/sensitivity/supplement-20260824/permissive/haplotypes/chloroplast.sample_haplotypes.tsv	file	8746	55b583c4cc56f7a37b4f01b8e9f1e7befba0d3009cde6970b2fdb91ec909bf5c
supplementary_analysis/results/sensitivity/supplement-20260824/permissive/haplotypes/mitochondria.haplotype_positions.tsv	file	976	78bca8563a9700eaddfe2b717808a9d4f709970d09f7c05a5fa38a02eb298946
supplementary_analysis/results/sensitivity/supplement-20260824/permissive/haplotypes/mitochondria.haplotypes.tsv	file	7624	34fc04c32dadfdf2ec8d4ebcb90765a1125119cccfd8a62c417e466a44329984
supplementary_analysis/results/sensitivity/supplement-20260824/permissive/haplotypes/mitochondria.network_edges.tsv	file	485	bc8beabfd4333052459234b2124ff9996b7810f73b6629df627326f5c92ff8b3
supplementary_analysis/results/sensitivity/supplement-20260824/permissive/haplotypes/mitochondria.sample_haplotypes.tsv	file	8083	ca59d9053cfc7b234b65b41f19661f3b499ed8c3961572214031e1da5f18426b
supplementary_analysis/results/sensitivity/supplement-20260824/permissive/masks/mitochondria_high_confidence_sites.bed	file	154	a314df34d6fb2db9c2fca5aee5a8e25061eaabccf832547d5dbcd1e908b4c842
supplementary_analysis/results/sensitivity/supplement-20260824/permissive/metadata/chloroplast_samples.tsv	file	98350	5de3e9180365ce7d399192fecb5cf05260bf1e7e4c36ad976110743b4c756d0f
supplementary_analysis/results/sensitivity/supplement-20260824/permissive/metadata/mitochondria_samples.tsv	file	97647	d7aaa8b080640091455c7ef1b023a29420464f7f73214b343550a60ccb8a2492
supplementary_analysis/results/sensitivity/supplement-20260824/permissive/metadata/shared_samples.tsv	file	97647	d7aaa8b080640091455c7ef1b023a29420464f7f73214b343550a60ccb8a2492
supplementary_analysis/results/sensitivity/supplement-20260824/permissive/pca/chloroplast.coordinates.tsv	file	48744	70bc81798a58961ba39d9295db3ae670aa9ad46e29b98786a1d244fb25e27b3e
supplementary_analysis/results/sensitivity/supplement-20260824/permissive/pca/chloroplast.variance.tsv	file	232	6fcdce1f3ab74ed05bbe183217a4856faf4fef032dea13b64c417e0ba19279c5
supplementary_analysis/results/sensitivity/supplement-20260824/permissive/pca/mitochondria.coordinates.tsv	file	48313	16176e588b897a84efca175f8086a209854899298aacb50f57c98f53e16a82c5
supplementary_analysis/results/sensitivity/supplement-20260824/permissive/pca/mitochondria.variance.tsv	file	231	8da680447a4022eaa85972c4d4e148419659b18559ced3405a253a3a073a2480
supplementary_analysis/results/sensitivity/supplement-20260824/permissive/popgen/chloroplast.pairwise_hudson_fst.tsv	file	42021	ff6c32069f4ad78650ed96ae122c0ced9adba45a6016f3ac062b5ad95ba40ceb
supplementary_analysis/results/sensitivity/supplement-20260824/permissive/popgen/chloroplast.population_summary.tsv	file	7520	e13771e7450ffd72f4b29856a375f0617e61429a3d6d14e0535542586b0db835
supplementary_analysis/results/sensitivity/supplement-20260824/permissive/popgen/mitochondria.pairwise_hudson_fst.tsv	file	37119	b30f13067ea2ce7852c18802a6710c8af5ce68cbdeba01fc0a71b2106302d48e
supplementary_analysis/results/sensitivity/supplement-20260824/permissive/popgen/mitochondria.population_summary.tsv	file	7308	57e975112f8666bf059bb3c563a96aff4944abb565c0997cca42872543bde23c
supplementary_analysis/results/sensitivity/supplement-20260824/permissive/trees/chloroplast.primary.bionj	file	13458	66da54332b1b3fa960dc4e139d9e1ea8a569cd30c0811fa423c2d11eb482d4ba
supplementary_analysis/results/sensitivity/supplement-20260824/permissive/trees/chloroplast.primary.ckp.gz	file	1964155	1eee79909a4dd22aa9def132aed28f4fa99c98675b24572b3ec309c02a1171ce
supplementary_analysis/results/sensitivity/supplement-20260824/permissive/trees/chloroplast.primary.contree	file	13462	271a262f1ccb13dd5e69fc08bc60f029ad1beaed18648f096334e470390a0a92
supplementary_analysis/results/sensitivity/supplement-20260824/permissive/trees/chloroplast.primary.iqtree	file	129681	af4359d57128cdc47c34a4ad272f324bc334c061d1aefb8ddfc92349306e77d7
supplementary_analysis/results/sensitivity/supplement-20260824/permissive/trees/chloroplast.primary.log	file	29996	2ef6b537653552c4e5e47560db06ecece02f099e79089490094049adcb2d09af
supplementary_analysis/results/sensitivity/supplement-20260824/permissive/trees/chloroplast.primary.mldist	file	844840	d167fce04151c9f14b900ef731670fa52cd1d66c73a6c50addd60d0443171087
supplementary_analysis/results/sensitivity/supplement-20260824/permissive/trees/chloroplast.primary.model.gz	file	10573	d67ac7056c68cd11d0c50f131a0e7df93a8ff90dc727212216421a6ff6d8ad9b
supplementary_analysis/results/sensitivity/supplement-20260824/permissive/trees/chloroplast.primary.splits.nex	file	103350	96287b77a5c73d8528452ec9d689eb5bcd2010d8cc5a10a0cd93a8556dbf04fd
supplementary_analysis/results/sensitivity/supplement-20260824/permissive/trees/chloroplast.primary.treefile	file	14393	9e22e3b130ecc50728b73d1c4a0dc08346c5cd4cbf0905038eaadc0d5f4829ce
supplementary_analysis/results/sensitivity/supplement-20260824/permissive/trees/chloroplast.primary.ufboot	file	12836000	90f020adeda0ba5abd405a945441f0b78d0902249eeb4abc01d4ef7380733650
supplementary_analysis/results/sensitivity/supplement-20260824/permissive/trees/mitochondria.primary.bionj	file	11239	b031d2d39d08b7feaca5d73f085fb18f8576b70c93ed433d91e2e32294145982
supplementary_analysis/results/sensitivity/supplement-20260824/permissive/trees/mitochondria.primary.ckp.gz	file	1440308	aa2e5d9ca9822e8a391c832f27de331a163db005130ce755f85e101b464265e1
supplementary_analysis/results/sensitivity/supplement-20260824/permissive/trees/mitochondria.primary.contree	file	13173	97f79c24e6ccef4700b388d9781eabf45b3b96e42f22f00aabf7ce1263424bc0
supplementary_analysis/results/sensitivity/supplement-20260824/permissive/trees/mitochondria.primary.iqtree	file	114829	25d6cf071d6384a95660850964187c8b7113bf7bba74ed58d88ba6b0a4d8bdb0
supplementary_analysis/results/sensitivity/supplement-20260824/permissive/trees/mitochondria.primary.log	file	40599	2ad103020b8f80c5ce0b34a391072ec416a8b7eca36bfe5224446f614bf63360
supplementary_analysis/results/sensitivity/supplement-20260824/permissive/trees/mitochondria.primary.mldist	file	597868	d3a8255ad2bb8a213843f915043f5f4216d5e004bbc0f4a2f6f1f6192b2f7ab9
supplementary_analysis/results/sensitivity/supplement-20260824/permissive/trees/mitochondria.primary.model.gz	file	5177	1fed619f204030fd5d22484238045133d5ccfdd32acc6309f1c2d6f959f71f49
supplementary_analysis/results/sensitivity/supplement-20260824/permissive/trees/mitochondria.primary.splits.nex	file	526944	6bf8d28874ff39f736abe3ed9e7e9f6e6335447919e565ec54df8554bab7f3bd
supplementary_analysis/results/sensitivity/supplement-20260824/permissive/trees/mitochondria.primary.treefile	file	13752	fe3b376d5364e0440ac306d1933ac076932536baf16fe4a784a53b60d48f5d1a
supplementary_analysis/results/sensitivity/supplement-20260824/permissive/trees/mitochondria.primary.ufboot	file	12741000	2fab873507697eeb95f8ab25386ca2fe9a36ce8c8d2ba77513067bc80850847e
supplementary_analysis/results/sensitivity/supplement-20260824/permissive/trees/mitochondria.primary.uniqueseq.phy	file	56465099	b24a8442426a70083dc9fb63cd6f23ead969c43c92abfa7e247dfade30bf3dd6
supplementary_analysis/results/sensitivity/supplement-20260824/permissive/variants/chloroplast.high_confidence_variant_sites.vcf.gz	file	2023827	fe97911c6f363ef0d8c33e9e3b68aac6896f1e42e3371c0da954ddb9c543a171
supplementary_analysis/results/sensitivity/supplement-20260824/permissive/variants/chloroplast.high_confidence_variant_sites.vcf.gz.csi	file	234	76ba3cc2d452c07920ea5b49355b1c3bf6b0bd87dc821e9f231cebbb2e910ac6
supplementary_analysis/results/sensitivity/supplement-20260824/permissive/variants/chloroplast.mac2_ordination.vcf.gz	file	1833209	beeb24f290916b1e31f327b48b2f867e3b0a6f332404c095684493e9fcbdf0e4
supplementary_analysis/results/sensitivity/supplement-20260824/permissive/variants/chloroplast.mac2_ordination.vcf.gz.csi	file	236	e471786d9890f823221e0785b50269fd21d35b049fe44029d527350ca5f171a5
supplementary_analysis/results/sensitivity/supplement-20260824/permissive/variants/chloroplast.primary.vcf.gz	file	2019752	b06bea128bf82a02492d77860d3f842f39dc0b3229f2ab513b28518574b39fad
supplementary_analysis/results/sensitivity/supplement-20260824/permissive/variants/chloroplast.primary.vcf.gz.csi	file	237	9cd0fd4a5fcc8b159079832190f100c571758dffb23617aa6d92508a95d13075
supplementary_analysis/results/sensitivity/supplement-20260824/permissive/variants/mitochondria.high_confidence_variant_sites.vcf.gz	file	139633	62fe38522af72a8d5b99b7a48ffe85b46b6638e355d1cf70691ff0979b83d48c
supplementary_analysis/results/sensitivity/supplement-20260824/permissive/variants/mitochondria.high_confidence_variant_sites.vcf.gz.csi	file	180	547cdf946a7fa7fcc5dc3ba32ecb69b7574cc63642dd011e970cb3b637245cd8
supplementary_analysis/results/sensitivity/supplement-20260824/permissive/variants/mitochondria.mac2_ordination.vcf.gz	file	109884	91c44041b0ba70138a31aa075f84f812e81c20b0f8f81389034a61fd0ad40d2d
supplementary_analysis/results/sensitivity/supplement-20260824/permissive/variants/mitochondria.mac2_ordination.vcf.gz.csi	file	178	17773d953c8e4481b154ead47f3b993a13fac2a076d159ef7c5c08754359f045
supplementary_analysis/results/sensitivity/supplement-20260824/permissive/variants/mitochondria.primary.vcf.gz	file	129814	691a88f24dbe73218980e05c51a7baf354c606c605da55fc8888afc1713a078e
supplementary_analysis/results/sensitivity/supplement-20260824/permissive/variants/mitochondria.primary.vcf.gz.csi	file	180	4fcb602d17323c0cda059fa84b0ca0c9402dc720d8b25098b5d21a6c96251f34
supplementary_analysis/results/sensitivity/supplement-20260824/sensitivity_status.tsv	file	591	08c864ae36d2b26b3b5902c70be4f7f8af5737feaf8c6f34e5fc53541f54511e
supplementary_analysis/results/sensitivity/supplement-20260824/sensitivity_summary.tsv	file	1199	d99218c197365138895bbbcbb4af5fb36a7349c436b5bd08492a110533a0e8bd
supplementary_analysis/results/sensitivity/supplement-20260824/strict/alignments/chloroplast.callable_alignment.fa	file	41695307	3f8be0279c27504e4a6508ac7d7cf7f186a0a6eb11b7ba6e664467224e5ddefd
supplementary_analysis/results/sensitivity/supplement-20260824/strict/alignments/chloroplast.callable_alignment.summary.tsv	file	20143	a72e540ded010119c4a90e72b169ec58cc408ece3ddd2265924ab252b364b635
supplementary_analysis/results/sensitivity/supplement-20260824/strict/alignments/mitochondria.callable_alignment.fa	file	57908810	9a53e7ac327bd23f60705b43acdd06f75a745d5484566d59fbedc39d2fbbe5bb
supplementary_analysis/results/sensitivity/supplement-20260824/strict/alignments/mitochondria.callable_alignment.summary.tsv	file	16249	2ff5d309b0361685ed2466020a16de8b6fc7365131b5cb973ce3df0bdd4204f9
supplementary_analysis/results/sensitivity/supplement-20260824/strict/haplotypes/chloroplast.haplotype_positions.tsv	file	13893	81acb4cd7731c0566f6fcc19fec27df60e7f270b627ed7133ec5e8f57c9c85c1
supplementary_analysis/results/sensitivity/supplement-20260824/strict/haplotypes/chloroplast.haplotypes.tsv	file	123334	00d0f7ac6bcbb0cfac685bb76fdf0082d4f667eaeeef5603b55684f90b7d6e83
supplementary_analysis/results/sensitivity/supplement-20260824/strict/haplotypes/chloroplast.network_edges.tsv	file	593	56a02d863fe97f5a9060a9cb584e173d386f59670c3e6046f2e25c5bf152497f
supplementary_analysis/results/sensitivity/supplement-20260824/strict/haplotypes/chloroplast.sample_haplotypes.tsv	file	8425	4974f6586990bfd9aabf6714317857ec54839a2bb697f08f729a4a8a26125d48
supplementary_analysis/results/sensitivity/supplement-20260824/strict/haplotypes/mitochondria.haplotype_positions.tsv	file	924	22a66d51746253f6a5a38335ed5932b0b49cdf230ff76634d5ccc9411ad3b927
supplementary_analysis/results/sensitivity/supplement-20260824/strict/haplotypes/mitochondria.haplotypes.tsv	file	6481	5656e6b26ab82ebfd70ac0444878bf64200a9110d6181c2c3898ccc1cce2c9d7
supplementary_analysis/results/sensitivity/supplement-20260824/strict/haplotypes/mitochondria.network_edges.tsv	file	437	c27e59d615f80452bbe48bb6ce88a37ec6b2c5e2a50ebf383d1f3ee33f1de4dc
supplementary_analysis/results/sensitivity/supplement-20260824/strict/haplotypes/mitochondria.sample_haplotypes.tsv	file	6890	c806f1c233799fc05cf91167c614acc74d1b686199a3af0eceaaea738177daee
supplementary_analysis/results/sensitivity/supplement-20260824/strict/masks/mitochondria_high_confidence_sites.bed	file	154	a314df34d6fb2db9c2fca5aee5a8e25061eaabccf832547d5dbcd1e908b4c842
supplementary_analysis/results/sensitivity/supplement-20260824/strict/metadata/chloroplast_samples.tsv	file	97647	d7aaa8b080640091455c7ef1b023a29420464f7f73214b343550a60ccb8a2492
supplementary_analysis/results/sensitivity/supplement-20260824/strict/metadata/mitochondria_samples.tsv	file	83739	2e8b5582af877ce5a5811d87ac0ed908973b7388d36e05fa11fdb84d25e3338c
supplementary_analysis/results/sensitivity/supplement-20260824/strict/metadata/shared_samples.tsv	file	83739	2e8b5582af877ce5a5811d87ac0ed908973b7388d36e05fa11fdb84d25e3338c
supplementary_analysis/results/sensitivity/supplement-20260824/strict/pca/chloroplast.coordinates.tsv	file	48430	eb4c4827251f0d3a1718a0a52168b9d430feac8d8ab14efeea1f308c2b846d66
supplementary_analysis/results/sensitivity/supplement-20260824/strict/pca/chloroplast.variance.tsv	file	231	d1c864180533d12dbebde1e512d5c40dbe59c0beb698b970e8e7fa7714466f53
supplementary_analysis/results/sensitivity/supplement-20260824/strict/pca/mitochondria.coordinates.tsv	file	41389	dc02308b0b1ff4b04795ca02adfb017d50c1e1cd91ab8273cf42d96c756912a1
supplementary_analysis/results/sensitivity/supplement-20260824/strict/pca/mitochondria.variance.tsv	file	232	cb25fc7841b6ce1981a7b3bb58e517a69db3852726530599ad27d0accac866db
supplementary_analysis/results/sensitivity/supplement-20260824/strict/popgen/chloroplast.pairwise_hudson_fst.tsv	file	40481	6d70f77e75f346d8e7418b820686fb8c6d449212b835fa08bd0d8e46fa72e828
supplementary_analysis/results/sensitivity/supplement-20260824/strict/popgen/chloroplast.population_summary.tsv	file	7390	710fd3c41dd0d5d45a3a25bef823e2308783df53295f48bcb35991970164443d
supplementary_analysis/results/sensitivity/supplement-20260824/strict/popgen/mitochondria.pairwise_hudson_fst.tsv	file	34199	0103fa7a0d2c8647107639591d88b15828b17f8a245ebb905a984b296ad174e3
supplementary_analysis/results/sensitivity/supplement-20260824/strict/popgen/mitochondria.population_summary.tsv	file	6403	f5423dbb63a61fa41b7dcb2a29ab5140cffe3ec9c21807231c9192d3ac17b275
supplementary_analysis/results/sensitivity/supplement-20260824/strict/trees/chloroplast.primary.bionj	file	13374	b8265247fd13557c91598cf3b2ef62a3ee911ef36f7a493d19312404fa90c915
supplementary_analysis/results/sensitivity/supplement-20260824/strict/trees/chloroplast.primary.ckp.gz	file	1707257	cc5cae556792553a3b136b87ddde719c0cbcfbbf29fe7b717f8ac199f84e9dce
supplementary_analysis/results/sensitivity/supplement-20260824/strict/trees/chloroplast.primary.contree	file	13365	f73eef9dabfb26034a802ef559d1e762d2feffda52761e4a671b415600f9c066
supplementary_analysis/results/sensitivity/supplement-20260824/strict/trees/chloroplast.primary.iqtree	file	142598	7e8bc8af1e8200901ef1ab7fa3dd48f2a6dcbffbe8dac7ccbb714ff34e355f61
supplementary_analysis/results/sensitivity/supplement-20260824/strict/trees/chloroplast.primary.log	file	38953	3b89133d4cd4307d0b9750b6c0cb817bb58e19331c83230573ea5bb217d8e7f1
supplementary_analysis/results/sensitivity/supplement-20260824/strict/trees/chloroplast.primary.mldist	file	832690	8c6c4921624ab471605ea02ace3e64aa1fb9166b0af3217d341df118067f7967
supplementary_analysis/results/sensitivity/supplement-20260824/strict/trees/chloroplast.primary.model.gz	file	13481	30d84d618db530ebd67a04dadb83ee9141e599ca4fb978170926bdff770739d1
supplementary_analysis/results/sensitivity/supplement-20260824/strict/trees/chloroplast.primary.splits.nex	file	100794	5933d50cc9e353bca2651307d596e5677f5f07182adc408b67a755c06d35203f
supplementary_analysis/results/sensitivity/supplement-20260824/strict/trees/chloroplast.primary.treefile	file	14205	aec5e894dc3b47097e0373c703a072d0b5dc6d1196e57b38ac73153f71f83d32
supplementary_analysis/results/sensitivity/supplement-20260824/strict/trees/chloroplast.primary.ufboot	file	12741000	47570d8e99efd8f651a578d44ed13c57c7d4977032f95f51ece8eae9d2f9fc76
supplementary_analysis/results/sensitivity/supplement-20260824/strict/trees/mitochondria.primary.bionj	file	9592	20d7b07ac77a49303a794fc876a4dc8ef06def19b7e4b0c4222816dc81890781
supplementary_analysis/results/sensitivity/supplement-20260824/strict/trees/mitochondria.primary.ckp.gz	file	1238506	079fe31933b600286e0101ce921449f470caf7d3eadc6df723dcee8a16869451
supplementary_analysis/results/sensitivity/supplement-20260824/strict/trees/mitochondria.primary.contree	file	11251	0921dfb2964ffa6ddb65a322d774510f4cf91c3aff78880f95a95e28e6d22207
supplementary_analysis/results/sensitivity/supplement-20260824/strict/trees/mitochondria.primary.iqtree	file	91799	865baca526e7370e1396f5a39f6d803b7ca25db2251596d11f923869db54bebf
supplementary_analysis/results/sensitivity/supplement-20260824/strict/trees/mitochondria.primary.log	file	32590	eebd06ee1d91c4dcf5ceec864a52183363dbd97f6eae6af281cf78f94ef1259e
supplementary_analysis/results/sensitivity/supplement-20260824/strict/trees/mitochondria.primary.mldist	file	440590	acebf3fc495f721c3dfd13e1d0a95739b54b2f66ac49a3dc54cb0ba5445452e4
supplementary_analysis/results/sensitivity/supplement-20260824/strict/trees/mitochondria.primary.model.gz	file	4686	0d61d5b36bc83d3dfa49d9ffa614331a45f0c282558c71dea1228ff9cc56ceb1
supplementary_analysis/results/sensitivity/supplement-20260824/strict/trees/mitochondria.primary.splits.nex	file	392229	79c9bb3a57920abb631267a299764c630199eaf481bc56867bc6bf8ccb064963
supplementary_analysis/results/sensitivity/supplement-20260824/strict/trees/mitochondria.primary.treefile	file	11758	f180ff12e585e50de739b230e78f9a2e317b0f5530774be9505830399ab1c155
supplementary_analysis/results/sensitivity/supplement-20260824/strict/trees/mitochondria.primary.ufboot	file	10878000	51730882dcec6be2912e41cf6b0f04aeb7f7dda0fd52058dfe1fb358f6168dc6
supplementary_analysis/results/sensitivity/supplement-20260824/strict/trees/mitochondria.primary.uniqueseq.phy	file	48433427	7ea50e7e93a71c35d1bb32ee1188862f34bd00fea16c3914ffda355977533d43
supplementary_analysis/results/sensitivity/supplement-20260824/strict/variants/chloroplast.high_confidence_variant_sites.vcf.gz	file	1967449	ffb194da227e4e19d8fe9c583afd508a5cf15a844d2feed005e53836248c9f05
supplementary_analysis/results/sensitivity/supplement-20260824/strict/variants/chloroplast.high_confidence_variant_sites.vcf.gz.csi	file	236	fac0d0f7af0cf9f47ac61ba830b5e00bfd690a090f74f9b230779c4748f86de3
supplementary_analysis/results/sensitivity/supplement-20260824/strict/variants/chloroplast.mac2_ordination.vcf.gz	file	1766939	b6fe8185d148a72a531b39a057ea2eed200555cc0d4827b62956decc41dad9e0
supplementary_analysis/results/sensitivity/supplement-20260824/strict/variants/chloroplast.mac2_ordination.vcf.gz.csi	file	235	2f4e4ffe17fcd90b8e9699bf03af0e095e014178054027a3e1b51c89c0e2bfc8
supplementary_analysis/results/sensitivity/supplement-20260824/strict/variants/chloroplast.primary.vcf.gz	file	1955492	9426c3b0cb9b3d89c2653f82ac9ee4b98f3f95c3b99d8e350231b9ec0d448c17
supplementary_analysis/results/sensitivity/supplement-20260824/strict/variants/chloroplast.primary.vcf.gz.csi	file	237	b813410d2f43fcdc64095ea69845ba0f0738dfe04177dead6afde910a2fe12cf
supplementary_analysis/results/sensitivity/supplement-20260824/strict/variants/mitochondria.high_confidence_variant_sites.vcf.gz	file	112705	ea014774a7c8dadfca7ccb7fa144507e96917135338ac250fbf8db6f0b2c552d
supplementary_analysis/results/sensitivity/supplement-20260824/strict/variants/mitochondria.high_confidence_variant_sites.vcf.gz.csi	file	181	216e3eccf941da3fae556fab7a4c938d6d09b251cb87b689c23d52e0a28c5cd3
supplementary_analysis/results/sensitivity/supplement-20260824/strict/variants/mitochondria.mac2_ordination.vcf.gz	file	92451	9bb5136b45acaf8fff0c4809c0e8405bf1348c2bfc24453b016cd5f641983695
supplementary_analysis/results/sensitivity/supplement-20260824/strict/variants/mitochondria.mac2_ordination.vcf.gz.csi	file	178	b0c092638de7c7d4f223fa9bbeb02f9f7ca0a11f7ec69bf44ed667900f6328dd
supplementary_analysis/results/sensitivity/supplement-20260824/strict/variants/mitochondria.primary.vcf.gz	file	108107	4b433982ccdcd4f806550ad595d5aae7fac60dafb3eb9feb71472763c58f1b52
supplementary_analysis/results/sensitivity/supplement-20260824/strict/variants/mitochondria.primary.vcf.gz.csi	file	181	08d10fd880b7abb183a8428f7bee9297ffbfbebf73f708a84d5bbe6836cafbce
supplementary_analysis/results/verification/.gitkeep	file	1	01ba4719c80b6fe911b091a7c05124b64eeece964e09c058ef8f9805daca546b
supplementary_analysis/results/verification/supplement-20260824/identity/exact_duplicate_files.tsv	file	61	5a091d6ec78cf44d00d3d7419eefd09d3197dc2df5e0ff0ac0c8d5a55a346fe4
supplementary_analysis/results/verification/supplement-20260824/identity/index_hopping_assessability.tsv	file	205	38f16fe27fe732bc658f5a3f7b3f256caff6b8c0bd7883258c12070831c1be93
supplementary_analysis/results/verification/supplement-20260824/identity/mixed_allele_screen.tsv	file	15657	396874107ed8f8010002843b0a07f90de77106c39d659c1593f3c16f3e84a5d6
supplementary_analysis/results/verification/supplement-20260824/identity/provider_md5_revalidation.tsv	file	216634	eec4f0de2124c3a7f4b47abb850391dbb9ef4f36466e03bfff922b5baa62399e
supplementary_analysis/results/verification/supplement-20260824/identity/read_sketch_calibration.tsv	file	363	2b4ffd0ebd2f3a80eaba3372cfa58b0bc08de2542609fb09f538362739ec6c89
supplementary_analysis/results/verification/supplement-20260824/identity/read_sketch_pairwise.tsv	file	3968533	51423cf1781979d1c5ceb666f09b2038c48d214765c45485ecc34b06667371e7
supplementary_analysis/results/verification/supplement-20260824/identity/sample_identity_outcomes.tsv	file	23866	d68b86b31524209c34035a78255c3ca595cbe4fce023bd7e10cc9fc60c4e186d
supplementary_analysis/results/verification/supplement-20260824/identity/structured_identifier_audit.tsv	file	98634	374b7302022af73084a4a73c062fe039c65ebd3b1e7140c53857646ef55baf5e
supplementary_analysis/results/verification/supplement-20260824/phase1_acceptance.json	file	470	3e339d46961ed3dafc5ad8c1803fe0a1284afe200acac87833b02831685c3935
supplementary_analysis/run_pipeline.sh	file	662	c1e9be359a1c75404346cf5a7c5c0ff589329535dc61bf3a4545f0ec5b9884d6
