organelle	population_1	population_2	n_population_1	n_population_2	numerator	denominator	callable_sites_with_at_least_two_calls_per_population	hudson_fst
mitochondria	ABAB_MAD	ABBE_BERN	4	3	33	33.5833333333	43145	0.982630272953
mitochondria	ABAB_MAD	ABMU_HOR	4	6	5.33333333333	6.75	43158	0.79012345679
mitochondria	ABAB_MAD	BAI	4	8	25	25.5	43160	0.980392156863
mitochondria	ABAB_MAD	COM	4	9	31	31.4722222222	43160	0.984995586937
mitochondria	ABAB_MAD	CROB	4	10	23.7777777778	24.4611111111	43160	0.972064501476
mitochondria	ABAB_MAD	CROS	4	10	23.0888888889	24.85	43160	0.929130337581
mitochondria	ABAB_MAD	CY_ALA	4	3	25	25.25	43159	0.990099009901
mitochondria	ABAB_MAD	CY_BAL	4	2	33	33.25	42617	0.992481203008
mitochondria	ABAB_MAD	CY_BGL	4	2	33	34.75	43145	0.94964028777
mitochondria	ABAB_MAD	CY_BOU	4	5	22	22.25	43158	0.988764044944
mitochondria	ABAB_MAD	CY_CAS	4	5	19.6	27.25	43158	0.719266055046
mitochondria	ABAB_MAD	CY_HICN	4	3	44	45.25	43157	0.972375690608
mitochondria	ABAB_MAD	CY_HICS	4	4	22	22.25	43159	0.988764044944
mitochondria	ABAB_MAD	CY_HUN	4	4	39	39.25	43149	0.993630573248
mitochondria	ABAB_MAD	CY_SIE	4	3	25.3333333333	39.0833333333	43160	0.648187633262
mitochondria	ABAB_MAD	CY_WOO	4	4	23	23.25	43149	0.989247311828
mitochondria	ABAB_MAD	DAN	4	5	30	30.25	42973	0.99173553719
mitochondria	ABAB_MAD	DOV	4	7	25	25.25	43160	0.990099009901
mitochondria	ABAB_MAD	DUD	4	8	23.5	24.125	43160	0.974093264249
mitochondria	ABAB_MAD	KIRN	4	9	25	25.25	43160	0.990099009901
mitochondria	ABAB_MAD	KIRT	4	10	25	25.25	43160	0.990099009901
mitochondria	ABAB_MAD	MALV	4	10	26	26.25	43160	0.990476190476
mitochondria	ABAB_MAD	OCO	4	10	40.3666666667	41.6944444444	43151	0.968154563624
mitochondria	ABAB_MAD	QUI1	4	8	22.1071428571	22.625	43160	0.977111286504
mitochondria	ABAB_MAD	QUI2	4	10	27	27.25	43015	0.990825688073
mitochondria	ABAB_MAD	QUIN	4	9	27	27.25	43015	0.990825688073
mitochondria	ABAB_MAD	RIC	4	9	25	25.25	43160	0.990099009901
mitochondria	ABAB_MAD	RSV	4	8	26.0357142857	26.625	43146	0.977867203219
mitochondria	ABAB_MAD	SILG	4	9	25.8253968254	27.1944444444	43152	0.949657084489
mitochondria	ABAB_MAD	SILR	4	6	29	29.25	43159	0.991452991453
mitochondria	ABAB_MAD	STI	4	16	25.4523809524	26.4375	43145	0.962737813802
mitochondria	ABAB_MAD	TIL	4	8	25.4047619048	27.0535714286	43145	0.939053905391
mitochondria	ABAB_MAD	TULP	4	17	24.1617647059	24.7794117647	43160	0.975074183976
mitochondria	ABBE_BERN	ABMU_HOR	3	6	28.3333333333	29.8333333333	43147	0.949720670391
mitochondria	ABBE_BERN	BAI	3	8	27	27.5833333333	43162	0.978851963746
mitochondria	ABBE_BERN	COM	3	9	31	31.5555555556	43162	0.982394366197
mitochondria	ABBE_BERN	CROB	3	10	29.3333333333	30.1	43162	0.974529346622
mitochondria	ABBE_BERN	CROS	3	10	27.4888888889	29.3333333333	43162	0.937121212121
mitochondria	ABBE_BERN	CY_ALA	3	3	25	25.3333333333	43152	0.986842105263
mitochondria	ABBE_BERN	CY_BAL	3	2	2	2.33333333333	42633	0.857142857143
mitochondria	ABBE_BERN	CY_BGL	3	2	1.38777878078e-17	1.33333333333	43161	1.04083408559e-17
mitochondria	ABBE_BERN	CY_BOU	3	5	22	22.3333333333	43159	0.985074626866
mitochondria	ABBE_BERN	CY_CAS	3	5	17.6	25.3333333333	43159	0.694736842105
mitochondria	ABBE_BERN	CY_HICN	3	3	29	30.3333333333	43158	0.956043956044
mitochondria	ABBE_BERN	CY_HICS	3	4	22	22.3333333333	43158	0.985074626866
mitochondria	ABBE_BERN	CY_HUN	3	4	19	19.3333333333	43159	0.98275862069
mitochondria	ABBE_BERN	CY_SIE	3	3	15.6666666667	29.1666666667	43159	0.537142857143
mitochondria	ABBE_BERN	CY_WOO	3	4	23	23.3333333333	43149	0.985714285714
mitochondria	ABBE_BERN	DAN	3	5	30	30.3333333333	42975	0.989010989011
mitochondria	ABBE_BERN	DOV	3	7	27	27.3333333333	43162	0.987804878049
mitochondria	ABBE_BERN	DUD	3	8	26	26.7083333333	43162	0.973478939158
mitochondria	ABBE_BERN	KIRN	3	9	27	27.3333333333	43162	0.987804878049
mitochondria	ABBE_BERN	KIRT	3	10	27	27.3333333333	43162	0.987804878049
mitochondria	ABBE_BERN	MALV	3	10	28	28.3333333333	43162	0.988235294118
mitochondria	ABBE_BERN	OCO	3	10	18.3666666667	19.7777777778	43161	0.928651685393
mitochondria	ABBE_BERN	QUI1	3	8	24.1071428571	24.7083333333	43159	0.975668513611
mitochondria	ABBE_BERN	QUI2	3	10	29	29.3333333333	43018	0.988636363636
mitochondria	ABBE_BERN	QUIN	3	9	29	29.3333333333	43018	0.988636363636
mitochondria	ABBE_BERN	RIC	3	9	27	27.3333333333	43162	0.987804878049
mitochondria	ABBE_BERN	RSV	3	8	28.0357142857	28.7083333333	43148	0.976570599212
mitochondria	ABBE_BERN	SILG	3	9	27.8253968254	29.2777777778	43154	0.95039306045
mitochondria	ABBE_BERN	SILR	3	6	29	29.3333333333	43161	0.988636363636
mitochondria	ABBE_BERN	STI	3	16	27.719047619	28.7875	43147	0.962884849989
mitochondria	ABBE_BERN	TIL	3	8	27.4047619048	29.1369047619	43147	0.940551583248
mitochondria	ABBE_BERN	TULP	3	17	26.1617647059	26.862745098	43162	0.973905109489
mitochondria	ABMU_HOR	BAI	6	8	19.3333333333	20.75	43163	0.931726907631
mitochondria	ABMU_HOR	COM	6	9	25.3333333333	26.7222222222	43163	0.948024948025
mitochondria	ABMU_HOR	CROB	6	10	19.5925925926	21.1925925926	43163	0.924501922405
mitochondria	ABMU_HOR	CROS	6	10	18.4222222222	21.1	43163	0.873091100579
mitochondria	ABMU_HOR	CY_ALA	6	3	19.3333333333	20.5	43159	0.943089430894
mitochondria	ABMU_HOR	CY_BAL	6	2	28.3333333333	29.5	42618	0.960451977401
mitochondria	ABMU_HOR	CY_BGL	6	2	28.3333333333	30.5	43146	0.928961748634
mitochondria	ABMU_HOR	CY_BOU	6	5	16.3333333333	17.5	43159	0.933333333333
mitochondria	ABMU_HOR	CY_CAS	6	5	13.9333333333	22.5	43159	0.619259259259
mitochondria	ABMU_HOR	CY_HICN	6	3	39.3333333333	41.5	43159	0.947791164659
mitochondria	ABMU_HOR	CY_HICS	6	4	16.3333333333	17.5	43158	0.933333333333
mitochondria	ABMU_HOR	CY_HUN	6	4	35	36.1666666667	43150	0.967741935484
mitochondria	ABMU_HOR	CY_SIE	6	3	20.6666666667	35	43163	0.590476190476
mitochondria	ABMU_HOR	CY_WOO	6	4	17.3333333333	18.5	43152	0.936936936937
mitochondria	ABMU_HOR	DAN	6	5	24.3333333333	25.5	42976	0.954248366013
mitochondria	ABMU_HOR	DOV	6	7	19.3333333333	20.5	43163	0.943089430894
mitochondria	ABMU_HOR	DUD	6	8	18.0416666667	19.5833333333	43163	0.921276595745
mitochondria	ABMU_HOR	KIRN	6	9	19.3333333333	20.5	43163	0.943089430894
mitochondria	ABMU_HOR	KIRT	6	10	19.3333333333	20.5	43163	0.943089430894
mitochondria	ABMU_HOR	MALV	6	10	20.3333333333	21.5	43163	0.945736434109
mitochondria	ABMU_HOR	OCO	6	10	36.3666666667	38.6111111111	43154	0.941870503597
mitochondria	ABMU_HOR	QUI1	6	8	16.4404761905	17.875	43160	0.919746919747
mitochondria	ABMU_HOR	QUI2	6	10	21.3333333333	22.5	43016	0.948148148148
mitochondria	ABMU_HOR	QUIN	6	9	21.3333333333	22.5	43019	0.948148148148
mitochondria	ABMU_HOR	RIC	6	9	19.3333333333	20.5	43163	0.943089430894
mitochondria	ABMU_HOR	RSV	6	8	20.369047619	21.875	43149	0.931156462585
mitochondria	ABMU_HOR	SILG	6	9	20.1587301587	22.4444444444	43155	0.898161244696
mitochondria	ABMU_HOR	SILR	6	6	23.3333333333	24.5	43162	0.952380952381
mitochondria	ABMU_HOR	STI	6	16	19.7857142857	21.6875	43148	0.912309592425
mitochondria	ABMU_HOR	TIL	6	8	19.7380952381	22.3035714286	43148	0.884974646384
mitochondria	ABMU_HOR	TULP	6	17	18.4950980392	20.0294117647	43163	0.923396965247
mitochondria	BAI	COM	8	9	10	10.4722222222	43181	0.954907161804
mitochondria	BAI	CROB	8	10	8.33333333333	9.01666666667	43181	0.924214417745
mitochondria	BAI	CROS	8	10	6.48888888889	8.25	43181	0.786531986532
mitochondria	BAI	CY_ALA	8	3	8	8.25	43166	0.969696969697
mitochondria	BAI	CY_BAL	8	2	28	28.25	42634	0.991150442478
mitochondria	BAI	CY_BGL	8	2	27	28.75	43162	0.939130434783
mitochondria	BAI	CY_BOU	8	5	5	5.25	43172	0.952380952381
mitochondria	BAI	CY_CAS	8	5	6.6	14.25	43172	0.463157894737
mitochondria	BAI	CY_HICN	8	3	40	41.25	43171	0.969696969697
mitochondria	BAI	CY_HICS	8	4	5	5.25	43172	0.952380952381
mitochondria	BAI	CY_HUN	8	4	34	34.25	43167	0.992700729927
mitochondria	BAI	CY_SIE	8	3	17.6666666667	31.4166666667	43177	0.562334217507
mitochondria	BAI	CY_WOO	8	4	6	6.25	43165	0.96
mitochondria	BAI	DAN	8	5	11	11.25	42994	0.977777777778
mitochondria	BAI	DOV	8	7	6	6.25	43181	0.96
mitochondria	BAI	DUD	8	8	5	5.625	43181	0.888888888889
mitochondria	BAI	KIRN	8	9	6	6.25	43181	0.96
mitochondria	BAI	KIRT	8	10	6	6.25	43181	0.96
mitochondria	BAI	MALV	8	10	7	7.25	43181	0.965517241379
mitochondria	BAI	OCO	8	10	33.3666666667	34.6944444444	43171	0.961729383507
mitochondria	BAI	QUI1	8	8	5.10714285714	5.625	43174	0.907936507937
mitochondria	BAI	QUI2	8	10	10	10.25	43033	0.975609756098
mitochondria	BAI	QUIN	8	9	10	10.25	43036	0.975609756098
mitochondria	BAI	RIC	8	9	6	6.25	43181	0.96
mitochondria	BAI	RSV	8	8	8.53571428571	9.125	43167	0.93542074364
mitochondria	BAI	SILG	8	9	6.8253968254	8.19444444444	43173	0.832929782082
mitochondria	BAI	SILR	8	6	10	10.25	43180	0.975609756098
mitochondria	BAI	STI	8	16	8.71904761905	9.70416666667	43166	0.898484941422
mitochondria	BAI	TIL	8	8	8.40476190476	10.0535714286	43166	0.835997631735
mitochondria	BAI	TULP	8	17	4.92647058824	5.54411764706	43181	0.888594164456
mitochondria	COM	CROB	9	10	10.3333333333	10.9888888889	43182	0.940343781598
mitochondria	COM	CROS	9	10	8.48888888889	10.2222222222	43182	0.830434782609
mitochondria	COM	CY_ALA	9	3	14	14.2222222222	43166	0.984375
mitochondria	COM	CY_BAL	9	2	30	30.2222222222	42634	0.992647058824
mitochondria	COM	CY_BGL	9	2	31	32.7222222222	43162	0.947368421053
mitochondria	COM	CY_BOU	9	5	11	11.2222222222	43172	0.980198019802
mitochondria	COM	CY_CAS	9	5	12.2	19.8222222222	43172	0.615470852018
mitochondria	COM	CY_HICN	9	3	41	42.2222222222	43171	0.971052631579
mitochondria	COM	CY_HICS	9	4	11	11.2222222222	43172	0.980198019802
mitochondria	COM	CY_HUN	9	4	38	38.2222222222	43167	0.994186046512
mitochondria	COM	CY_SIE	9	3	20	33.7222222222	43177	0.593080724876
mitochondria	COM	CY_WOO	9	4	12	12.2222222222	43165	0.981818181818
mitochondria	COM	DAN	9	5	8.77777777778	9	42995	0.975308641975
mitochondria	COM	DOV	9	7	11.7777777778	12	43181	0.981481481481
mitochondria	COM	DUD	9	8	7	7.59722222222	43182	0.921389396709
mitochondria	COM	KIRN	9	9	8	8.22222222222	43182	0.972972972973
mitochondria	COM	KIRT	9	10	8	8.22222222222	43182	0.972972972973
mitochondria	COM	MALV	9	10	9	9.22222222222	43182	0.975903614458
mitochondria	COM	OCO	9	10	37.3666666667	38.6666666667	43171	0.966379310345
mitochondria	COM	QUI1	9	8	11.1071428571	11.5972222222	43174	0.957741659538
mitochondria	COM	QUI2	9	10	16	16.2222222222	43033	0.986301369863
mitochondria	COM	QUIN	9	9	16	16.2222222222	43036	0.986301369863
mitochondria	COM	RIC	9	9	8	8.22222222222	43182	0.972972972973
mitochondria	COM	RSV	9	8	14.5357142857	15.0972222222	43167	0.962807201998
mitochondria	COM	SILG	9	9	12.6031746032	13.9444444444	43173	0.903813318156
mitochondria	COM	SILR	9	6	8.77777777778	9	43181	0.975308641975
mitochondria	COM	STI	9	16	14.719047619	15.6763888889	43166	0.93893100786
mitochondria	COM	TIL	9	8	14.4047619048	16.0257936508	43166	0.898848582394
mitochondria	COM	TULP	9	17	6.92647058824	7.51633986928	43182	0.92152173913
mitochondria	CROB	CROS	10	10	1.28888888889	3.23333333333	43182	0.398625429553
mitochondria	CROB	CY_ALA	10	3	10.3333333333	10.7666666667	43166	0.959752321981
mitochondria	CROB	CY_BAL	10	2	30.3333333333	30.7666666667	42634	0.985915492958
mitochondria	CROB	CY_BGL	10	2	29.3333333333	31.2666666667	43162	0.938166311301
mitochondria	CROB	CY_BOU	10	5	7.33333333333	7.76666666667	43172	0.944206008584
mitochondria	CROB	CY_CAS	10	5	8.93333333333	16.7666666667	43172	0.532803180915
mitochondria	CROB	CY_HICN	10	3	42.3333333333	43.7666666667	43171	0.967250571211
mitochondria	CROB	CY_HICS	10	4	7.33333333333	7.76666666667	43172	0.944206008584
mitochondria	CROB	CY_HUN	10	4	30.7777777778	31.2111111111	43167	0.986116055536
mitochondria	CROB	CY_SIE	10	3	20	33.9333333333	43177	0.589390962672
mitochondria	CROB	CY_WOO	10	4	8.33333333333	8.76666666667	43165	0.950570342205
mitochondria	CROB	DAN	10	5	9.33333333333	9.76666666667	42995	0.955631399317
mitochondria	CROB	DOV	10	7	8.33333333333	8.76666666667	43181	0.950570342205
mitochondria	CROB	DUD	10	8	2.63888888889	3.44722222222	43182	0.765511684126
mitochondria	CROB	KIRN	10	9	2.33333333333	2.76666666667	43182	0.843373493976
mitochondria	CROB	KIRT	10	10	2.33333333333	2.76666666667	43182	0.843373493976
mitochondria	CROB	MALV	10	10	3.13333333333	3.56666666667	43182	0.878504672897
mitochondria	CROB	OCO	10	10	32.1444444444	33.6555555556	43171	0.955100693298
mitochondria	CROB	QUI1	10	8	7.44047619048	8.14166666667	43174	0.913876297704
mitochondria	CROB	QUI2	10	10	12.3333333333	12.7666666667	43033	0.966057441253
mitochondria	CROB	QUIN	10	9	12.3333333333	12.7666666667	43036	0.966057441253
mitochondria	CROB	RIC	10	9	2.33333333333	2.76666666667	43182	0.843373493976
mitochondria	CROB	RSV	10	8	11.369047619	12.1416666667	43167	0.936366310423
mitochondria	CROB	SILG	10	9	9.15873015873	10.7111111111	43173	0.855068168346
mitochondria	CROB	SILR	10	6	8.33333333333	8.76666666667	43181	0.950570342205
mitochondria	CROB	STI	10	16	11.0523809524	12.2208333333	43166	0.904388485705
mitochondria	CROB	TIL	10	8	10.7380952381	12.5702380952	43166	0.854247561322
mitochondria	CROB	TULP	10	17	3.49509803922	4.29607843137	43182	0.813555454131
mitochondria	CROS	CY_ALA	10	3	8.48888888889	10	43166	0.848888888889
mitochondria	CROS	CY_BAL	10	2	28.4888888889	30	42634	0.94962962963
mitochondria	CROS	CY_BGL	10	2	27.4888888889	30.5	43162	0.901275045537
mitochondria	CROS	CY_BOU	10	5	5.48888888889	7	43172	0.784126984127
mitochondria	CROS	CY_CAS	10	5	7.08888888889	16	43172	0.443055555556
mitochondria	CROS	CY_HICN	10	3	40.4888888889	43	43171	0.941602067183
mitochondria	CROS	CY_HICS	10	4	5.48888888889	7	43172	0.784126984127
mitochondria	CROS	CY_HUN	10	4	30.6888888889	32.2	43167	0.953071083506
mitochondria	CROS	CY_SIE	10	3	18.1555555556	33.1666666667	43177	0.547403685092
mitochondria	CROS	CY_WOO	10	4	6.48888888889	8	43165	0.811111111111
mitochondria	CROS	DAN	10	5	7.48888888889	9	42995	0.832098765432
mitochondria	CROS	DOV	10	7	6.48888888889	8	43181	0.811111111111
mitochondria	CROS	DUD	10	8	1.01388888889	2.9	43182	0.349616858238
mitochondria	CROS	KIRN	10	9	1.08888888889	2.6	43182	0.418803418803
mitochondria	CROS	KIRT	10	10	1.08888888889	2.6	43182	0.418803418803
mitochondria	CROS	MALV	10	10	2.08888888889	3.6	43182	0.58024691358
mitochondria	CROS	OCO	10	10	32.0555555556	34.6444444444	43171	0.925272610648
mitochondria	CROS	QUI1	10	8	5.59603174603	7.375	43174	0.758783965564
mitochondria	CROS	QUI2	10	10	10.4888888889	12	43033	0.874074074074
mitochondria	CROS	QUIN	10	9	10.4888888889	12	43036	0.874074074074
mitochondria	CROS	RIC	10	9	1.08888888889	2.6	43182	0.418803418803
mitochondria	CROS	RSV	10	8	9.5246031746	11.375	43167	0.837327751613
mitochondria	CROS	SILG	10	9	7.31428571429	9.94444444444	43173	0.735514764565
mitochondria	CROS	SILR	10	6	6.48888888889	8	43181	0.811111111111
mitochondria	CROS	STI	10	16	9.20793650794	11.4541666667	43166	0.803894056713
mitochondria	CROS	TIL	10	8	8.89365079365	11.8035714286	43166	0.753471171625
mitochondria	CROS	TULP	10	17	1.40359477124	3.28235294118	43182	0.427618478694
mitochondria	CY_ALA	CY_BAL	3	2	26	26	42624	1
mitochondria	CY_ALA	CY_BGL	3	2	25	26.5	43152	0.943396226415
mitochondria	CY_ALA	CY_BOU	3	5	3	3	43165	1
mitochondria	CY_ALA	CY_CAS	3	5	3	10.4	43165	0.288461538462
mitochondria	CY_ALA	CY_HICN	3	3	38	39	43164	0.974358974359
mitochondria	CY_ALA	CY_HICS	3	4	3	3	43164	1
mitochondria	CY_ALA	CY_HUN	3	4	32	32	43155	1
mitochondria	CY_ALA	CY_SIE	3	3	15.6666666667	29.1666666667	43166	0.537142857143
mitochondria	CY_ALA	CY_WOO	3	4	4	4	43155	1
mitochondria	CY_ALA	DAN	3	5	13	13	42979	1
mitochondria	CY_ALA	DOV	3	7	8	8	43166	1
mitochondria	CY_ALA	DUD	3	8	7	7.375	43166	0.949152542373
mitochondria	CY_ALA	KIRN	3	9	8	8	43166	1
mitochondria	CY_ALA	KIRT	3	10	8	8	43166	1
mitochondria	CY_ALA	MALV	3	10	9	9	43166	1
mitochondria	CY_ALA	OCO	3	10	33.3666666667	34.4444444444	43157	0.968709677419
mitochondria	CY_ALA	QUI1	3	8	5.10714285714	5.375	43166	0.950166112957
mitochondria	CY_ALA	QUI2	3	10	10	10	43022	1
mitochondria	CY_ALA	QUIN	3	9	10	10	43022	1
mitochondria	CY_ALA	RIC	3	9	8	8	43166	1
mitochondria	CY_ALA	RSV	3	8	9.03571428571	9.375	43152	0.96380952381
mitochondria	CY_ALA	SILG	3	9	8.8253968254	9.94444444444	43158	0.887470071828
mitochondria	CY_ALA	SILR	3	6	12	12	43165	1
mitochondria	CY_ALA	STI	3	16	8.71904761905	9.45416666667	43151	0.922243908582
mitochondria	CY_ALA	TIL	3	8	8.40476190476	9.80357142857	43151	0.857316332726
mitochondria	CY_ALA	TULP	3	17	7.16176470588	7.52941176471	43166	0.951171875
mitochondria	CY_BAL	CY_BGL	2	2	1	2.5	42634	0.4
mitochondria	CY_BAL	CY_BOU	2	5	23	23	42631	1
mitochondria	CY_BAL	CY_CAS	2	5	19	26	42631	0.730769230769
mitochondria	CY_BAL	CY_HICN	2	3	27	28	42629	0.964285714286
mitochondria	CY_BAL	CY_HICS	2	4	23	23	42630	1
mitochondria	CY_BAL	CY_HUN	2	4	22	22	42634	1
mitochondria	CY_BAL	CY_SIE	2	3	14.3333333333	27.8333333333	42631	0.51497005988
mitochondria	CY_BAL	CY_WOO	2	4	24	24	42622	1
mitochondria	CY_BAL	DAN	2	5	29	29	42447	1
mitochondria	CY_BAL	DOV	2	7	28	28	42634	1
mitochondria	CY_BAL	DUD	2	8	27	27.375	42634	0.986301369863
mitochondria	CY_BAL	KIRN	2	9	28	28	42634	1
mitochondria	CY_BAL	KIRT	2	10	28	28	42634	1
mitochondria	CY_BAL	MALV	2	10	29	29	42634	1
mitochondria	CY_BAL	OCO	2	10	21.3	22.1444444444	42634	0.961866532865
mitochondria	CY_BAL	QUI1	2	8	25.1071428571	25.375	42631	0.989444053483
mitochondria	CY_BAL	QUI2	2	10	30	30	42491	1
mitochondria	CY_BAL	QUIN	2	9	30	30	42491	1
mitochondria	CY_BAL	RIC	2	9	28	28	42634	1
mitochondria	CY_BAL	RSV	2	8	29.0357142857	29.375	42620	0.988449848024
mitochondria	CY_BAL	SILG	2	9	28.8253968254	29.9444444444	42627	0.962629207527
mitochondria	CY_BAL	SILR	2	6	29	29	42633	1
mitochondria	CY_BAL	STI	2	16	28.719047619	29.4541666667	42619	0.975041933593
mitochondria	CY_BAL	TIL	2	8	28.4047619048	29.8035714286	42619	0.953065708009
mitochondria	CY_BAL	TULP	2	17	27.1617647059	27.5294117647	42634	0.986645299145
mitochondria	CY_BGL	CY_BOU	2	5	22	23.5	43159	0.936170212766
mitochondria	CY_BGL	CY_CAS	2	5	17.6	26.5	43159	0.664150943396
mitochondria	CY_BGL	CY_HICN	2	3	29	31	43157	0.935483870968
mitochondria	CY_BGL	CY_HICS	2	4	22	23.5	43158	0.936170212766
mitochondria	CY_BGL	CY_HUN	2	4	19	20.5	43160	0.926829268293
mitochondria	CY_BGL	CY_SIE	2	3	15.3333333333	30.3333333333	43159	0.505494505495
mitochondria	CY_BGL	CY_WOO	2	4	23	24.5	43150	0.938775510204
mitochondria	CY_BGL	DAN	2	5	30	31.5	42975	0.952380952381
mitochondria	CY_BGL	DOV	2	7	27	28.5	43162	0.947368421053
mitochondria	CY_BGL	DUD	2	8	26	27.875	43162	0.932735426009
mitochondria	CY_BGL	KIRN	2	9	27	28.5	43162	0.947368421053
mitochondria	CY_BGL	KIRT	2	10	27	28.5	43162	0.947368421053
mitochondria	CY_BGL	MALV	2	10	28	29.5	43162	0.949152542373
mitochondria	CY_BGL	OCO	2	10	18.3666666667	20.9444444444	43161	0.876923076923
mitochondria	CY_BGL	QUI1	2	8	24.1071428571	25.875	43159	0.931677018634
mitochondria	CY_BGL	QUI2	2	10	29	30.5	43018	0.950819672131
mitochondria	CY_BGL	QUIN	2	9	29	30.5	43018	0.950819672131
mitochondria	CY_BGL	RIC	2	9	27	28.5	43162	0.947368421053
mitochondria	CY_BGL	RSV	2	8	28.0357142857	29.875	43148	0.938433950986
mitochondria	CY_BGL	SILG	2	9	27.8253968254	30.4444444444	43155	0.913972888425
mitochondria	CY_BGL	SILR	2	6	29	30.5	43161	0.950819672131
mitochondria	CY_BGL	STI	2	16	27.719047619	29.9541666667	43147	0.925382032073
mitochondria	CY_BGL	TIL	2	8	27.4047619048	30.3035714286	43147	0.904340993911
mitochondria	CY_BGL	TULP	2	17	26.1617647059	28.0294117647	43162	0.933368310598
mitochondria	CY_BOU	CY_CAS	5	5	1.6	9	43172	0.177777777778
mitochondria	CY_BOU	CY_HICN	5	3	35	36	43170	0.972222222222
mitochondria	CY_BOU	CY_HICS	5	4	0	0	43171	nan
mitochondria	CY_BOU	CY_HUN	5	4	29	29	43161	1
mitochondria	CY_BOU	CY_SIE	5	3	12.6666666667	26.1666666667	43172	0.484076433121
mitochondria	CY_BOU	CY_WOO	5	4	1	1	43162	1
mitochondria	CY_BOU	DAN	5	5	10	10	42985	1
mitochondria	CY_BOU	DOV	5	7	5	5	43172	1
mitochondria	CY_BOU	DUD	5	8	4	4.375	43172	0.914285714286
mitochondria	CY_BOU	KIRN	5	9	5	5	43172	1
mitochondria	CY_BOU	KIRT	5	10	5	5	43172	1
mitochondria	CY_BOU	MALV	5	10	6	6	43172	1
mitochondria	CY_BOU	OCO	5	10	30.3666666667	31.4444444444	43163	0.965724381625
mitochondria	CY_BOU	QUI1	5	8	2.10714285714	2.375	43172	0.887218045113
mitochondria	CY_BOU	QUI2	5	10	7	7	43028	1
mitochondria	CY_BOU	QUIN	5	9	7	7	43028	1
mitochondria	CY_BOU	RIC	5	9	5	5	43172	1
mitochondria	CY_BOU	RSV	5	8	6.03571428571	6.375	43158	0.946778711485
mitochondria	CY_BOU	SILG	5	9	5.8253968254	6.94444444444	43164	0.838857142857
mitochondria	CY_BOU	SILR	5	6	9	9	43171	1
mitochondria	CY_BOU	STI	5	16	5.71904761905	6.45416666667	43157	0.88610163239
mitochondria	CY_BOU	TIL	5	8	5.40476190476	6.80357142857	43157	0.794400699913
mitochondria	CY_BOU	TULP	5	17	4.16176470588	4.52941176471	43172	0.918831168831
mitochondria	CY_CAS	CY_HICN	5	3	25	33.4	43170	0.748502994012
mitochondria	CY_CAS	CY_HICS	5	4	1.6	9	43171	0.177777777778
mitochondria	CY_CAS	CY_HUN	5	4	24.2	31.6	43161	0.76582278481
mitochondria	CY_CAS	CY_SIE	5	3	6.53333333333	27.4333333333	43172	0.23815309842
mitochondria	CY_CAS	CY_WOO	5	4	2.6	10	43162	0.26
mitochondria	CY_CAS	DAN	5	5	10.8	18.2	42985	0.593406593407
mitochondria	CY_CAS	DOV	5	7	6.6	14	43172	0.471428571429
mitochondria	CY_CAS	DUD	5	8	5.6	13.375	43172	0.418691588785
mitochondria	CY_CAS	KIRN	5	9	6.6	14	43172	0.471428571429
mitochondria	CY_CAS	KIRT	5	10	6.6	14	43172	0.471428571429
mitochondria	CY_CAS	MALV	5	10	7.6	15	43172	0.506666666667
mitochondria	CY_CAS	OCO	5	10	25.5666666667	34.0444444444	43163	0.750979112272
mitochondria	CY_CAS	QUI1	5	8	3.70714285714	11.375	43172	0.32590266876
mitochondria	CY_CAS	QUI2	5	10	8.6	16	43028	0.5375
mitochondria	CY_CAS	QUIN	5	9	8.6	16	43028	0.5375
mitochondria	CY_CAS	RIC	5	9	6.6	14	43172	0.471428571429
mitochondria	CY_CAS	RSV	5	8	7.63571428571	15.375	43158	0.496631823461
mitochondria	CY_CAS	SILG	5	9	7.4253968254	15.9444444444	43164	0.465704330513
mitochondria	CY_CAS	SILR	5	6	9.8	17.2	43171	0.56976744186
mitochondria	CY_CAS	STI	5	16	7.26571428571	15.4008333333	43157	0.471774100041
mitochondria	CY_CAS	TIL	5	8	7.00476190476	15.8035714286	43157	0.443239171375
mitochondria	CY_CAS	TULP	5	17	5.76176470588	13.5294117647	43172	0.425869565217
mitochondria	CY_HICN	CY_HICS	3	4	35	36	43169	0.972222222222
mitochondria	CY_HICN	CY_HUN	3	4	34	35	43160	0.971428571429
mitochondria	CY_HICN	CY_SIE	3	3	-0.666666666667	13	43171	-0.0512820512821
mitochondria	CY_HICN	CY_WOO	3	4	36	37	43160	0.972972972973
mitochondria	CY_HICN	DAN	3	5	39	40	42984	0.975
mitochondria	CY_HICN	DOV	3	7	40	41	43171	0.975609756098
mitochondria	CY_HICN	DUD	3	8	39	40.375	43171	0.965944272446
mitochondria	CY_HICN	KIRN	3	9	40	41	43171	0.975609756098
mitochondria	CY_HICN	KIRT	3	10	40	41	43171	0.975609756098
mitochondria	CY_HICN	MALV	3	10	41	42	43171	0.97619047619
mitochondria	CY_HICN	OCO	3	10	35.3666666667	37.4444444444	43162	0.944510385757
mitochondria	CY_HICN	QUI1	3	8	37.1071428571	38.375	43171	0.966961377385
mitochondria	CY_HICN	QUI2	3	10	42	43	43027	0.976744186047
mitochondria	CY_HICN	QUIN	3	9	42	43	43027	0.976744186047
mitochondria	CY_HICN	RIC	3	9	40	41	43171	0.975609756098
mitochondria	CY_HICN	RSV	3	8	41.0357142857	42.375	43157	0.968394437421
mitochondria	CY_HICN	SILG	3	9	40.8253968254	42.9444444444	43163	0.950656070967
mitochondria	CY_HICN	SILR	3	6	39	40	43170	0.975
mitochondria	CY_HICN	STI	3	16	40.1857142857	41.9208333333	43156	0.95860962415
mitochondria	CY_HICN	TIL	3	8	39.8333333333	42.2321428571	43156	0.943199436223
mitochondria	CY_HICN	TULP	3	17	39.1617647059	40.5294117647	43171	0.966255442671
mitochondria	CY_HICS	CY_HUN	4	4	29	29	43161	1
mitochondria	CY_HICS	CY_SIE	4	3	12.6666666667	26.1666666667	43172	0.484076433121
mitochondria	CY_HICS	CY_WOO	4	4	1	1	43162	1
mitochondria	CY_HICS	DAN	4	5	10	10	42985	1
mitochondria	CY_HICS	DOV	4	7	5	5	43172	1
mitochondria	CY_HICS	DUD	4	8	4	4.375	43172	0.914285714286
mitochondria	CY_HICS	KIRN	4	9	5	5	43172	1
mitochondria	CY_HICS	KIRT	4	10	5	5	43172	1
mitochondria	CY_HICS	MALV	4	10	6	6	43172	1
mitochondria	CY_HICS	OCO	4	10	30.3666666667	31.4444444444	43163	0.965724381625
mitochondria	CY_HICS	QUI1	4	8	2.10714285714	2.375	43172	0.887218045113
mitochondria	CY_HICS	QUI2	4	10	7	7	43027	1
mitochondria	CY_HICS	QUIN	4	9	7	7	43027	1
mitochondria	CY_HICS	RIC	4	9	5	5	43172	1
mitochondria	CY_HICS	RSV	4	8	6.03571428571	6.375	43158	0.946778711485
mitochondria	CY_HICS	SILG	4	9	5.8253968254	6.94444444444	43164	0.838857142857
mitochondria	CY_HICS	SILR	4	6	9	9	43171	1
mitochondria	CY_HICS	STI	4	16	5.71904761905	6.45416666667	43157	0.88610163239
mitochondria	CY_HICS	TIL	4	8	5.40476190476	6.80357142857	43157	0.794400699913
mitochondria	CY_HICS	TULP	4	17	4.16176470588	4.52941176471	43172	0.918831168831
mitochondria	CY_HUN	CY_SIE	4	3	21.6666666667	35.1666666667	43164	0.616113744076
mitochondria	CY_HUN	CY_WOO	4	4	30	30	43153	1
mitochondria	CY_HUN	DAN	4	5	37	37	42980	1
mitochondria	CY_HUN	DOV	4	7	34	34	43167	1
mitochondria	CY_HUN	DUD	4	8	32.25	32.625	43167	0.988505747126
mitochondria	CY_HUN	KIRN	4	9	32	32	43167	1
mitochondria	CY_HUN	KIRT	4	10	32	32	43167	1
mitochondria	CY_HUN	MALV	4	10	33	33	43167	1
mitochondria	CY_HUN	OCO	4	10	5.58888888889	6.66666666667	43167	0.838333333333
mitochondria	CY_HUN	QUI1	4	8	31.1071428571	31.375	43163	0.991462720546
mitochondria	CY_HUN	QUI2	4	10	36	36	43022	1
mitochondria	CY_HUN	QUIN	4	9	36	36	43023	1
mitochondria	CY_HUN	RIC	4	9	32	32	43167	1
mitochondria	CY_HUN	RSV	4	8	35.0357142857	35.375	43153	0.990408884402
mitochondria	CY_HUN	SILG	4	9	34.8253968254	35.9444444444	43160	0.968867299625
mitochondria	CY_HUN	SILR	4	6	36	36	43166	1
mitochondria	CY_HUN	STI	4	16	34.719047619	35.4541666667	43152	0.979265651495
mitochondria	CY_HUN	TIL	4	8	34.4047619048	35.8035714286	43152	0.960931005819
mitochondria	CY_HUN	TULP	4	17	33.1617647059	33.5294117647	43167	0.989035087719
mitochondria	CY_SIE	CY_WOO	3	4	13.6666666667	27.1666666667	43165	0.503067484663
mitochondria	CY_SIE	DAN	3	5	18.6666666667	32.1666666667	42990	0.580310880829
mitochondria	CY_SIE	DOV	3	7	17.6666666667	31.1666666667	43177	0.566844919786
mitochondria	CY_SIE	DUD	3	8	16.6666666667	30.5416666667	43177	0.545702592087
mitochondria	CY_SIE	KIRN	3	9	17.6666666667	31.1666666667	43177	0.566844919786
mitochondria	CY_SIE	KIRT	3	10	17.6666666667	31.1666666667	43177	0.566844919786
mitochondria	CY_SIE	MALV	3	10	18.6666666667	32.1666666667	43177	0.580310880829
mitochondria	CY_SIE	OCO	3	10	23.0333333333	37.6111111111	43168	0.612407680945
mitochondria	CY_SIE	QUI1	3	8	14.7738095238	28.5416666667	43174	0.517622523462
mitochondria	CY_SIE	QUI2	3	10	19.6666666667	33.1666666667	43029	0.592964824121
mitochondria	CY_SIE	QUIN	3	9	19.6666666667	33.1666666667	43032	0.592964824121
mitochondria	CY_SIE	RIC	3	9	17.6666666667	31.1666666667	43177	0.566844919786
mitochondria	CY_SIE	RSV	3	8	18.7023809524	32.5416666667	43163	0.574721053594
mitochondria	CY_SIE	SILG	3	9	18.4920634921	33.1111111111	43169	0.558485139022
mitochondria	CY_SIE	SILR	3	6	18.6666666667	31.8333333333	43176	0.586387434555
mitochondria	CY_SIE	STI	3	16	18.0301587302	32.2652777778	43162	0.558809964518
mitochondria	CY_SIE	TIL	3	8	17.6904761905	32.5892857143	43162	0.542831050228
mitochondria	CY_SIE	TULP	3	17	16.8284313725	30.6960784314	43177	0.548227403385
mitochondria	CY_WOO	DAN	4	5	11	11	42978	1
mitochondria	CY_WOO	DOV	4	7	6	6	43165	1
mitochondria	CY_WOO	DUD	4	8	5	5.375	43165	0.93023255814
mitochondria	CY_WOO	KIRN	4	9	6	6	43165	1
mitochondria	CY_WOO	KIRT	4	10	6	6	43165	1
mitochondria	CY_WOO	MALV	4	10	7	7	43165	1
mitochondria	CY_WOO	OCO	4	10	31.3666666667	32.4444444444	43156	0.966780821918
mitochondria	CY_WOO	QUI1	4	8	3.10714285714	3.375	43162	0.920634920635
mitochondria	CY_WOO	QUI2	4	10	8	8	43018	1
mitochondria	CY_WOO	QUIN	4	9	8	8	43021	1
mitochondria	CY_WOO	RIC	4	9	6	6	43165	1
mitochondria	CY_WOO	RSV	4	8	7.03571428571	7.375	43151	0.953995157385
mitochondria	CY_WOO	SILG	4	9	6.8253968254	7.94444444444	43158	0.859140859141
mitochondria	CY_WOO	SILR	4	6	10	10	43164	1
mitochondria	CY_WOO	STI	4	16	6.71904761905	7.45416666667	43150	0.901381458117
mitochondria	CY_WOO	TIL	4	8	6.40476190476	7.80357142857	43150	0.820747520976
mitochondria	CY_WOO	TULP	4	17	5.16176470588	5.52941176471	43165	0.933510638298
mitochondria	DAN	DOV	5	7	9	9	42994	1
mitochondria	DAN	DUD	5	8	6	6.375	42995	0.941176470588
mitochondria	DAN	KIRN	5	9	7	7	42995	1
mitochondria	DAN	KIRT	5	10	7	7	42995	1
mitochondria	DAN	MALV	5	10	8	8	42995	1
mitochondria	DAN	OCO	5	10	38.3666666667	39.4444444444	42984	0.972676056338
mitochondria	DAN	QUI1	5	8	10.1071428571	10.375	42987	0.974182444062
mitochondria	DAN	QUI2	5	10	15	15	42846	1
mitochondria	DAN	QUIN	5	9	15	15	42849	1
mitochondria	DAN	RIC	5	9	7	7	42995	1
mitochondria	DAN	RSV	5	8	12.0357142857	12.375	42980	0.972582972583
mitochondria	DAN	SILG	5	9	9.8253968254	10.9444444444	42986	0.897751994199
mitochondria	DAN	SILR	5	6	0	0	42994	nan
mitochondria	DAN	STI	5	16	11.719047619	12.4541666667	42979	0.940974047699
mitochondria	DAN	TIL	5	8	11.4047619048	12.8035714286	42979	0.890748489075
mitochondria	DAN	TULP	5	17	6.16176470588	6.52941176471	42995	0.943693693694
mitochondria	DOV	DUD	7	8	5	5.375	43181	0.93023255814
mitochondria	DOV	KIRN	7	9	6	6	43181	1
mitochondria	DOV	KIRT	7	10	6	6	43181	1
mitochondria	DOV	MALV	7	10	7	7	43181	1
mitochondria	DOV	OCO	7	10	35.3666666667	36.4444444444	43171	0.970426829268
mitochondria	DOV	QUI1	7	8	5.10714285714	5.375	43174	0.950166112957
mitochondria	DOV	QUI2	7	10	10	10	43033	1
mitochondria	DOV	QUIN	7	9	10	10	43036	1
mitochondria	DOV	RIC	7	9	6	6	43181	1
mitochondria	DOV	RSV	7	8	9.03571428571	9.375	43167	0.96380952381
mitochondria	DOV	SILG	7	9	0.825396825397	1.94444444444	43173	0.424489795918
mitochondria	DOV	SILR	7	6	8	8	43180	1
mitochondria	DOV	STI	7	16	8.71904761905	9.45416666667	43166	0.922243908582
mitochondria	DOV	TIL	7	8	8.40476190476	9.80357142857	43166	0.857316332726
mitochondria	DOV	TULP	7	17	5.16176470588	5.52941176471	43181	0.933510638298
mitochondria	DUD	KIRN	8	9	0.75	1.125	43182	0.666666666667
mitochondria	DUD	KIRT	8	10	0.75	1.125	43182	0.666666666667
mitochondria	DUD	MALV	8	10	1.75	2.125	43182	0.823529411765
mitochondria	DUD	OCO	8	10	33.6166666667	35.0694444444	43171	0.958574257426
mitochondria	DUD	QUI1	8	8	4.10714285714	4.75	43174	0.864661654135
mitochondria	DUD	QUI2	8	10	9	9.375	43033	0.96
mitochondria	DUD	QUIN	8	9	9	9.375	43036	0.96
mitochondria	DUD	RIC	8	9	0.75	1.125	43182	0.666666666667
mitochondria	DUD	RSV	8	8	8.03571428571	8.75	43167	0.918367346939
mitochondria	DUD	SILG	8	9	5.8253968254	7.31944444444	43173	0.795879642179
mitochondria	DUD	SILR	8	6	5	5.375	43181	0.93023255814
mitochondria	DUD	STI	8	16	7.71904761905	8.82916666667	43166	0.874266837457
mitochondria	DUD	TIL	8	8	7.40476190476	9.17857142857	43166	0.806744487678
mitochondria	DUD	TULP	8	17	0.161764705882	0.904411764706	43182	0.178861788618
mitochondria	KIRN	KIRT	9	10	0	0	43182	nan
mitochondria	KIRN	MALV	9	10	1	1	43182	1
mitochondria	KIRN	OCO	9	10	33.3666666667	34.4444444444	43171	0.968709677419
mitochondria	KIRN	QUI1	9	8	5.10714285714	5.375	43174	0.950166112957
mitochondria	KIRN	QUI2	9	10	10	10	43033	1
mitochondria	KIRN	QUIN	9	9	10	10	43036	1
mitochondria	KIRN	RIC	9	9	0	0	43182	nan
mitochondria	KIRN	RSV	9	8	9.03571428571	9.375	43167	0.96380952381
mitochondria	KIRN	SILG	9	9	6.8253968254	7.94444444444	43173	0.859140859141
mitochondria	KIRN	SILR	9	6	6	6	43181	1
mitochondria	KIRN	STI	9	16	8.71904761905	9.45416666667	43166	0.922243908582
mitochondria	KIRN	TIL	9	8	8.40476190476	9.80357142857	43166	0.857316332726
mitochondria	KIRN	TULP	9	17	1.16176470588	1.52941176471	43182	0.759615384615
mitochondria	KIRT	MALV	10	10	1	1	43182	1
mitochondria	KIRT	OCO	10	10	33.3666666667	34.4444444444	43171	0.968709677419
mitochondria	KIRT	QUI1	10	8	5.10714285714	5.375	43174	0.950166112957
mitochondria	KIRT	QUI2	10	10	10	10	43033	1
mitochondria	KIRT	QUIN	10	9	10	10	43036	1
mitochondria	KIRT	RIC	10	9	0	0	43182	nan
mitochondria	KIRT	RSV	10	8	9.03571428571	9.375	43167	0.96380952381
mitochondria	KIRT	SILG	10	9	6.8253968254	7.94444444444	43173	0.859140859141
mitochondria	KIRT	SILR	10	6	6	6	43181	1
mitochondria	KIRT	STI	10	16	8.71904761905	9.45416666667	43166	0.922243908582
mitochondria	KIRT	TIL	10	8	8.40476190476	9.80357142857	43166	0.857316332726
mitochondria	KIRT	TULP	10	17	1.16176470588	1.52941176471	43182	0.759615384615
mitochondria	MALV	OCO	10	10	34.3666666667	35.4444444444	43171	0.969592476489
mitochondria	MALV	QUI1	10	8	6.10714285714	6.375	43174	0.957983193277
mitochondria	MALV	QUI2	10	10	11	11	43033	1
mitochondria	MALV	QUIN	10	9	11	11	43036	1
mitochondria	MALV	RIC	10	9	1	1	43182	1
mitochondria	MALV	RSV	10	8	10.0357142857	10.375	43167	0.967297762478
mitochondria	MALV	SILG	10	9	7.8253968254	8.94444444444	43173	0.874889086069
mitochondria	MALV	SILR	10	6	7	7	43181	1
mitochondria	MALV	STI	10	16	9.71904761905	10.4541666667	43166	0.929681717246
mitochondria	MALV	TIL	10	8	9.40476190476	10.8035714286	43166	0.870523415978
mitochondria	MALV	TULP	10	17	2.16176470588	2.52941176471	43182	0.854651162791
mitochondria	OCO	QUI1	10	8	32.4738095238	33.8194444444	43165	0.960211205632
mitochondria	OCO	QUI2	10	10	37.3666666667	38.4444444444	43024	0.971965317919
mitochondria	OCO	QUIN	10	9	37.3666666667	38.4444444444	43027	0.971965317919
mitochondria	OCO	RIC	10	9	33.3666666667	34.4444444444	43171	0.968709677419
mitochondria	OCO	RSV	10	8	35.9023809524	37.3194444444	43157	0.962028815992
mitochondria	OCO	SILG	10	9	36.1920634921	38.3888888889	43163	0.942774446971
mitochondria	OCO	SILR	10	6	37.3666666667	38.4444444444	43170	0.971965317919
mitochondria	OCO	STI	10	16	36.0857142857	37.8986111111	43156	0.952164557691
mitochondria	OCO	TIL	10	8	35.7714285714	38.248015873	43156	0.935249260777
mitochondria	OCO	TULP	10	17	34.2931372549	35.7385620915	43171	0.959555596196
mitochondria	QUI1	QUI2	8	10	7.10714285714	7.375	43029	0.963680387409
mitochondria	QUI1	QUIN	8	9	7.10714285714	7.375	43029	0.963680387409
mitochondria	QUI1	RIC	8	9	5.10714285714	5.375	43174	0.950166112957
mitochondria	QUI1	RSV	8	8	6.14285714286	6.75	43160	0.910052910053
mitochondria	QUI1	SILG	8	9	4.93253968254	6.31944444444	43166	0.780533751962
mitochondria	QUI1	SILR	8	6	9.10714285714	9.375	43173	0.971428571429
mitochondria	QUI1	STI	8	16	5.82619047619	6.82916666667	43159	0.853133443737
mitochondria	QUI1	TIL	8	8	5.5119047619	7.17857142857	43159	0.767827529022
mitochondria	QUI1	TULP	8	17	4.26890756303	4.90441176471	43174	0.870421931891
mitochondria	QUI2	QUIN	10	9	0	0	43033	nan
mitochondria	QUI2	RIC	10	9	10	10	43033	1
mitochondria	QUI2	RSV	10	8	4.78571428571	5.125	43033	0.933797909408
mitochondria	QUI2	SILG	10	9	10.8253968254	11.9444444444	43025	0.906312292359
mitochondria	QUI2	SILR	10	6	14	14	43032	1
mitochondria	QUI2	STI	10	16	4.71904761905	5.45416666667	43033	0.865218814799
mitochondria	QUI2	TIL	10	8	4.40476190476	5.80357142857	43033	0.758974358974
mitochondria	QUI2	TULP	10	17	9.16176470588	9.52941176471	43033	0.961419753086
mitochondria	QUIN	RIC	9	9	10	10	43036	1
mitochondria	QUIN	RSV	9	8	4.78571428571	5.125	43036	0.933797909408
mitochondria	QUIN	SILG	9	9	10.8253968254	11.9444444444	43028	0.906312292359
mitochondria	QUIN	SILR	9	6	14	14	43035	1
mitochondria	QUIN	STI	9	16	4.71904761905	5.45416666667	43036	0.865218814799
mitochondria	QUIN	TIL	9	8	4.40476190476	5.80357142857	43036	0.758974358974
mitochondria	QUIN	TULP	9	17	9.16176470588	9.52941176471	43036	0.961419753086
mitochondria	RIC	RSV	9	8	9.03571428571	9.375	43167	0.96380952381
mitochondria	RIC	SILG	9	9	6.8253968254	7.94444444444	43173	0.859140859141
mitochondria	RIC	SILR	9	6	6	6	43181	1
mitochondria	RIC	STI	9	16	8.71904761905	9.45416666667	43166	0.922243908582
mitochondria	RIC	TIL	9	8	8.40476190476	9.80357142857	43166	0.857316332726
mitochondria	RIC	TULP	9	17	1.16176470588	1.52941176471	43182	0.759615384615
mitochondria	RSV	SILG	8	9	9.86111111111	11.3194444444	43159	0.871165644172
mitochondria	RSV	SILR	8	6	11.0357142857	11.375	43166	0.970172684458
mitochondria	RSV	STI	8	16	1.75476190476	2.82916666667	43166	0.620239848517
mitochondria	RSV	TIL	8	8	1.44047619048	3.17857142857	43166	0.453183520599
mitochondria	RSV	TULP	8	17	8.13865546218	8.84558823529	43167	0.920080750505
mitochondria	SILG	SILR	9	6	8.8253968254	9.94444444444	43172	0.887470071828
mitochondria	SILG	STI	9	16	9.54444444444	11.3986111111	43158	0.837333983185
mitochondria	SILG	TIL	9	8	9.23015873016	11.748015873	43158	0.785678094916
mitochondria	SILG	TULP	9	17	5.98716153128	7.47385620915	43173	0.801080642139
mitochondria	SILR	STI	6	16	10.719047619	11.4541666667	43165	0.93582081796
mitochondria	SILR	TIL	6	8	10.4047619048	11.8035714286	43165	0.881492687847
mitochondria	SILR	TULP	6	17	5.16176470588	5.52941176471	43181	0.933510638298
mitochondria	STI	TIL	16	8	0.906994047619	3.04092261905	43166	0.298262784438
mitochondria	STI	TULP	16	17	7.88081232493	8.98357843137	43166	0.877246454198
mitochondria	TIL	TULP	8	17	7.56652661064	9.33298319328	43166	0.810729694241
